vendedor,estado,categoria,ventas,ventas_totales_vendedor,num_categorias,ranking_categoria,porcentaje_vendedor
6560211a19b47992c3666cc44a7e94c0,SP,relogios_presentes,1628,2033,7,1,80.08
6560211a19b47992c3666cc44a7e94c0,SP,fashion_bolsas_e_acessorios,340,2033,7,2,16.72
6560211a19b47992c3666cc44a7e94c0,SP,audio,32,2033,7,3,1.57
6560211a19b47992c3666cc44a7e94c0,SP,perfumaria,13,2033,7,4,0.64
6560211a19b47992c3666cc44a7e94c0,SP,informatica_acessorios,12,2033,7,5,0.59
6560211a19b47992c3666cc44a7e94c0,SP,esporte_lazer,7,2033,7,6,0.34
6560211a19b47992c3666cc44a7e94c0,SP,construcao_ferramentas_seguranca,1,2033,7,7,0.05
4a3ca9315b744ce9f8e9374361493884,SP,cama_mesa_banho,1572,1987,7,1,79.11
4a3ca9315b744ce9f8e9374361493884,SP,casa_conforto,243,1987,7,2,12.23
4a3ca9315b744ce9f8e9374361493884,SP,moveis_decoracao,85,1987,7,3,4.28
4a3ca9315b744ce9f8e9374361493884,SP,brinquedos,55,1987,7,4,2.77
4a3ca9315b744ce9f8e9374361493884,SP,casa_conforto_2,26,1987,7,5,1.31
4a3ca9315b744ce9f8e9374361493884,SP,bebes,5,1987,7,6,0.25
4a3ca9315b744ce9f8e9374361493884,SP,cool_stuff,1,1987,7,7,0.05
1f50f920176fa81dab994f9023523100,SP,ferramentas_jardim,1882,1931,3,1,97.46
1f50f920176fa81dab994f9023523100,SP,bebes,42,1931,3,2,2.18
1f50f920176fa81dab994f9023523100,SP,sinalizacao_e_seguranca,7,1931,3,3,0.36
cc419e0650a3c5ba77189a1882b7556a,SP,beleza_saude,1091,1775,4,1,61.46
cc419e0650a3c5ba77189a1882b7556a,SP,perfumaria,657,1775,4,2,37.01
cc419e0650a3c5ba77189a1882b7556a,SP,telefonia,25,1775,4,3,1.41
cc419e0650a3c5ba77189a1882b7556a,SP,alimentos,2,1775,4,4,0.11
da8622b14eb17ae2831f4ac5b9dab84a,SP,cama_mesa_banho,1277,1551,4,1,82.33
da8622b14eb17ae2831f4ac5b9dab84a,SP,beleza_saude,270,1551,4,2,17.41
da8622b14eb17ae2831f4ac5b9dab84a,SP,cool_stuff,3,1551,4,3,0.19
da8622b14eb17ae2831f4ac5b9dab84a,SP,moveis_decoracao,1,1551,4,4,0.06
955fee9216a65b617aa5c0531780ce60,SP,moveis_decoracao,535,1499,23,1,35.69
955fee9216a65b617aa5c0531780ce60,SP,utilidades_domesticas,242,1499,23,2,16.14
955fee9216a65b617aa5c0531780ce60,SP,esporte_lazer,136,1499,23,3,9.07
955fee9216a65b617aa5c0531780ce60,SP,beleza_saude,119,1499,23,4,7.94
955fee9216a65b617aa5c0531780ce60,SP,cool_stuff,115,1499,23,5,7.67
955fee9216a65b617aa5c0531780ce60,SP,ferramentas_jardim,65,1499,23,6,4.34
955fee9216a65b617aa5c0531780ce60,SP,construcao_ferramentas_iluminacao,57,1499,23,7,3.80
955fee9216a65b617aa5c0531780ce60,SP,papelaria,49,1499,23,8,3.27
955fee9216a65b617aa5c0531780ce60,SP,industria_comercio_e_negocios,33,1499,23,9,2.20
955fee9216a65b617aa5c0531780ce60,SP,instrumentos_musicais,24,1499,23,10,1.60
955fee9216a65b617aa5c0531780ce60,SP,informatica_acessorios,23,1499,23,11,1.53
955fee9216a65b617aa5c0531780ce60,SP,automotivo,17,1499,23,13,1.13
955fee9216a65b617aa5c0531780ce60,SP,construcao_ferramentas_construcao,17,1499,23,12,1.13
955fee9216a65b617aa5c0531780ce60,SP,agro_industria_e_comercio,14,1499,23,14,0.93
955fee9216a65b617aa5c0531780ce60,SP,moveis_cozinha_area_de_servico_jantar_e_jardim,12,1499,23,15,0.80
955fee9216a65b617aa5c0531780ce60,SP,artes,11,1499,23,16,0.73
955fee9216a65b617aa5c0531780ce60,SP,construcao_ferramentas_ferramentas,9,1499,23,17,0.60
955fee9216a65b617aa5c0531780ce60,SP,alimentos,7,1499,23,18,0.47
955fee9216a65b617aa5c0531780ce60,SP,moveis_escritorio,6,1499,23,19,0.40
955fee9216a65b617aa5c0531780ce60,SP,brinquedos,4,1499,23,20,0.27
955fee9216a65b617aa5c0531780ce60,SP,telefonia_fixa,2,1499,23,21,0.13
955fee9216a65b617aa5c0531780ce60,SP,telefonia,1,1499,23,23,0.07
955fee9216a65b617aa5c0531780ce60,SP,eletroportateis,1,1499,23,22,0.07
1025f0e2d44d7041d6cf58b6550e0bfa,SP,moveis_decoracao,1292,1428,4,1,90.48
1025f0e2d44d7041d6cf58b6550e0bfa,SP,construcao_ferramentas_iluminacao,70,1428,4,2,4.90
1025f0e2d44d7041d6cf58b6550e0bfa,SP,casa_construcao,61,1428,4,3,4.27
1025f0e2d44d7041d6cf58b6550e0bfa,SP,sinalizacao_e_seguranca,5,1428,4,4,0.35
7c67e1448b00f6e969d365cea6b010ab,SP,moveis_escritorio,1233,1364,6,1,90.40
7c67e1448b00f6e969d365cea6b010ab,SP,moveis_decoracao,91,1364,6,2,6.67
7c67e1448b00f6e969d365cea6b010ab,SP,esporte_lazer,18,1364,6,3,1.32
7c67e1448b00f6e969d365cea6b010ab,SP,moveis_sala,16,1364,6,4,1.17
7c67e1448b00f6e969d365cea6b010ab,SP,bebes,3,1364,6,5,0.22
7c67e1448b00f6e969d365cea6b010ab,SP,automotivo,3,1364,6,6,0.22
ea8482cd71df3c1969d7b9473ff13abc,SP,telefonia,1178,1203,2,1,97.92
ea8482cd71df3c1969d7b9473ff13abc,SP,automotivo,25,1203,2,2,2.08
7a67c85e85bb2ce8582c35f2203ad736,SP,cool_stuff,1069,1171,2,1,91.29
7a67c85e85bb2ce8582c35f2203ad736,SP,bebes,102,1171,2,2,8.71
4869f7a5dfa277a7dca6462dcf3b52b2,SP,relogios_presentes,1002,1156,10,1,86.68
4869f7a5dfa277a7dca6462dcf3b52b2,SP,audio,56,1156,10,2,4.84
4869f7a5dfa277a7dca6462dcf3b52b2,SP,cool_stuff,54,1156,10,3,4.67
4869f7a5dfa277a7dca6462dcf3b52b2,SP,beleza_saude,20,1156,10,4,1.73
4869f7a5dfa277a7dca6462dcf3b52b2,SP,eletronicos,10,1156,10,5,0.87
4869f7a5dfa277a7dca6462dcf3b52b2,SP,consoles_games,7,1156,10,6,0.61
4869f7a5dfa277a7dca6462dcf3b52b2,SP,telefonia,3,1156,10,7,0.26
4869f7a5dfa277a7dca6462dcf3b52b2,SP,informatica_acessorios,2,1156,10,8,0.17
4869f7a5dfa277a7dca6462dcf3b52b2,SP,automotivo,1,1156,10,9,0.09
4869f7a5dfa277a7dca6462dcf3b52b2,SP,esporte_lazer,1,1156,10,10,0.09
3d871de0142ce09b7081e2b9d1733cb1,SP,papelaria,834,1147,6,1,72.71
3d871de0142ce09b7081e2b9d1733cb1,SP,brinquedos,244,1147,6,2,21.27
3d871de0142ce09b7081e2b9d1733cb1,SP,relogios_presentes,64,1147,6,3,5.58
3d871de0142ce09b7081e2b9d1733cb1,SP,cool_stuff,3,1147,6,4,0.26
3d871de0142ce09b7081e2b9d1733cb1,SP,malas_acessorios,1,1147,6,6,0.09
3d871de0142ce09b7081e2b9d1733cb1,SP,livros_interesse_geral,1,1147,6,5,0.09
8b321bb669392f5163d04c59e235e066,SP,eletronicos,910,1018,11,1,89.39
8b321bb669392f5163d04c59e235e066,SP,consoles_games,22,1018,11,2,2.16
8b321bb669392f5163d04c59e235e066,SP,instrumentos_musicais,20,1018,11,3,1.96
8b321bb669392f5163d04c59e235e066,SP,informatica_acessorios,15,1018,11,4,1.47
8b321bb669392f5163d04c59e235e066,SP,papelaria,14,1018,11,5,1.38
8b321bb669392f5163d04c59e235e066,SP,climatizacao,11,1018,11,6,1.08
8b321bb669392f5163d04c59e235e066,SP,automotivo,9,1018,11,7,0.88
8b321bb669392f5163d04c59e235e066,SP,ferramentas_jardim,6,1018,11,8,0.59
8b321bb669392f5163d04c59e235e066,SP,telefonia,5,1018,11,9,0.49
8b321bb669392f5163d04c59e235e066,SP,cool_stuff,5,1018,11,10,0.49
8b321bb669392f5163d04c59e235e066,SP,esporte_lazer,1,1018,11,11,0.10
cca3071e3e9bb7d12640c9fbe2301306,SP,moveis_decoracao,544,830,6,1,65.54
cca3071e3e9bb7d12640c9fbe2301306,SP,cama_mesa_banho,243,830,6,2,29.28
cca3071e3e9bb7d12640c9fbe2301306,SP,utilidades_domesticas,19,830,6,3,2.29
cca3071e3e9bb7d12640c9fbe2301306,SP,fashion_roupa_masculina,14,830,6,4,1.69
cca3071e3e9bb7d12640c9fbe2301306,SP,fashion_roupa_feminina,6,830,6,5,0.72
cca3071e3e9bb7d12640c9fbe2301306,SP,bebes,4,830,6,6,0.48
620c87c171fb2a6dd6e8bb4dec959fc6,RJ,beleza_saude,414,798,2,1,51.88
620c87c171fb2a6dd6e8bb4dec959fc6,RJ,perfumaria,384,798,2,2,48.12
a1043bafd471dff536d0c462352beb48,MG,ferramentas_jardim,425,770,3,1,55.19
a1043bafd471dff536d0c462352beb48,MG,informatica_acessorios,343,770,3,2,44.55
a1043bafd471dff536d0c462352beb48,MG,automotivo,2,770,3,3,0.26
e9779976487b77c6d4ac45f75ec7afe9,SP,esporte_lazer,319,750,8,1,42.53
e9779976487b77c6d4ac45f75ec7afe9,SP,bebidas,183,750,8,2,24.40
e9779976487b77c6d4ac45f75ec7afe9,SP,beleza_saude,177,750,8,3,23.60
e9779976487b77c6d4ac45f75ec7afe9,SP,alimentos_bebidas,26,750,8,4,3.47
e9779976487b77c6d4ac45f75ec7afe9,SP,alimentos,26,750,8,5,3.47
e9779976487b77c6d4ac45f75ec7afe9,SP,perfumaria,10,750,8,6,1.33
e9779976487b77c6d4ac45f75ec7afe9,SP,utilidades_domesticas,8,750,8,7,1.07
e9779976487b77c6d4ac45f75ec7afe9,SP,pet_shop,1,750,8,8,0.13
f8db351d8c4c4c22c6835c19a46f01b0,SP,utilidades_domesticas,189,721,19,1,26.21
f8db351d8c4c4c22c6835c19a46f01b0,SP,pet_shop,86,721,19,2,11.93
f8db351d8c4c4c22c6835c19a46f01b0,SP,esporte_lazer,83,721,19,3,11.51
f8db351d8c4c4c22c6835c19a46f01b0,SP,brinquedos,52,721,19,4,7.21
f8db351d8c4c4c22c6835c19a46f01b0,SP,ferramentas_jardim,51,721,19,5,7.07
f8db351d8c4c4c22c6835c19a46f01b0,SP,perfumaria,45,721,19,6,6.24
f8db351d8c4c4c22c6835c19a46f01b0,SP,eletrodomesticos,36,721,19,7,4.99
f8db351d8c4c4c22c6835c19a46f01b0,SP,cool_stuff,35,721,19,8,4.85
f8db351d8c4c4c22c6835c19a46f01b0,SP,informatica_acessorios,34,721,19,9,4.72
f8db351d8c4c4c22c6835c19a46f01b0,SP,relogios_presentes,30,721,19,10,4.16
f8db351d8c4c4c22c6835c19a46f01b0,SP,beleza_saude,22,721,19,11,3.05
f8db351d8c4c4c22c6835c19a46f01b0,SP,moveis_escritorio,19,721,19,12,2.64
f8db351d8c4c4c22c6835c19a46f01b0,SP,automotivo,11,721,19,13,1.53
f8db351d8c4c4c22c6835c19a46f01b0,SP,construcao_ferramentas_construcao,9,721,19,14,1.25
f8db351d8c4c4c22c6835c19a46f01b0,SP,moveis_cozinha_area_de_servico_jantar_e_jardim,7,721,19,15,0.97
f8db351d8c4c4c22c6835c19a46f01b0,SP,papelaria,7,721,19,16,0.97
f8db351d8c4c4c22c6835c19a46f01b0,SP,sinalizacao_e_seguranca,2,721,19,18,0.28
f8db351d8c4c4c22c6835c19a46f01b0,SP,construcao_ferramentas_iluminacao,2,721,19,17,0.28
f8db351d8c4c4c22c6835c19a46f01b0,SP,audio,1,721,19,19,0.14
d2374cbcbb3ca4ab1086534108cc3ab7,SP,cama_mesa_banho,597,631,4,1,94.61
d2374cbcbb3ca4ab1086534108cc3ab7,SP,automotivo,22,631,4,2,3.49
d2374cbcbb3ca4ab1086534108cc3ab7,SP,cool_stuff,11,631,4,3,1.74
d2374cbcbb3ca4ab1086534108cc3ab7,SP,bebes,1,631,4,4,0.16
391fc6631aebcf3004804e51b40bcf1e,SP,moveis_decoracao,333,612,2,1,54.41
391fc6631aebcf3004804e51b40bcf1e,SP,cama_mesa_banho,279,612,2,2,45.59
fa1c13f2614d7b5c4749cbc52fecda94,SP,relogios_presentes,579,586,5,1,98.81
fa1c13f2614d7b5c4749cbc52fecda94,SP,esporte_lazer,3,586,5,2,0.51
fa1c13f2614d7b5c4749cbc52fecda94,SP,eletronicos,2,586,5,3,0.34
fa1c13f2614d7b5c4749cbc52fecda94,SP,beleza_saude,1,586,5,4,0.17
fa1c13f2614d7b5c4749cbc52fecda94,SP,automotivo,1,586,5,5,0.17
7d13fca15225358621be4086e1eb0964,SP,relogios_presentes,508,578,7,1,87.89
7d13fca15225358621be4086e1eb0964,SP,audio,47,578,7,2,8.13
7d13fca15225358621be4086e1eb0964,SP,eletronicos,15,578,7,3,2.60
7d13fca15225358621be4086e1eb0964,SP,cool_stuff,2,578,7,5,0.35
7d13fca15225358621be4086e1eb0964,SP,esporte_lazer,2,578,7,4,0.35
7d13fca15225358621be4086e1eb0964,SP,market_place,2,578,7,6,0.35
7d13fca15225358621be4086e1eb0964,SP,perfumaria,2,578,7,7,0.35
128639473a139ac0f3e5f5ade55873a5,PR,eletronicos,540,560,6,1,96.43
128639473a139ac0f3e5f5ade55873a5,PR,climatizacao,13,560,6,2,2.32
128639473a139ac0f3e5f5ade55873a5,PR,instrumentos_musicais,3,560,6,3,0.54
128639473a139ac0f3e5f5ade55873a5,PR,informatica_acessorios,2,560,6,4,0.36
128639473a139ac0f3e5f5ade55873a5,PR,market_place,1,560,6,6,0.18
128639473a139ac0f3e5f5ade55873a5,PR,beleza_saude,1,560,6,5,0.18
1835b56ce799e6a4dc4eddc053f04066,SP,cama_mesa_banho,553,558,2,1,99.10
1835b56ce799e6a4dc4eddc053f04066,SP,bebes,5,558,2,2,0.90
d91fb3b7d041e83b64a00a3edfb37e4f,SP,eletrodomesticos,500,536,6,1,93.28
d91fb3b7d041e83b64a00a3edfb37e4f,SP,ferramentas_jardim,13,536,6,3,2.43
d91fb3b7d041e83b64a00a3edfb37e4f,SP,climatizacao,13,536,6,2,2.43
d91fb3b7d041e83b64a00a3edfb37e4f,SP,portateis_casa_forno_e_cafe,6,536,6,4,1.12
d91fb3b7d041e83b64a00a3edfb37e4f,SP,eletroportateis,3,536,6,5,0.56
d91fb3b7d041e83b64a00a3edfb37e4f,SP,malas_acessorios,1,536,6,6,0.19
1900267e848ceeba8fa32d80c1a5f5a8,SP,cama_mesa_banho,519,529,3,1,98.11
1900267e848ceeba8fa32d80c1a5f5a8,SP,casa_conforto,6,529,3,2,1.13
1900267e848ceeba8fa32d80c1a5f5a8,SP,pet_shop,4,529,3,3,0.76
85d9eb9ddc5d00ca9336a2219c97bb13,MG,informatica_acessorios,481,522,6,1,92.15
85d9eb9ddc5d00ca9336a2219c97bb13,MG,automotivo,22,522,6,2,4.21
85d9eb9ddc5d00ca9336a2219c97bb13,MG,cool_stuff,12,522,6,3,2.30
85d9eb9ddc5d00ca9336a2219c97bb13,MG,bebes,5,522,6,4,0.96
85d9eb9ddc5d00ca9336a2219c97bb13,MG,market_place,1,522,6,6,0.19
85d9eb9ddc5d00ca9336a2219c97bb13,MG,malas_acessorios,1,522,6,5,0.19
53e4c6e0f4312d4d2107a8c9cddf45cd,SP,utilidades_domesticas,476,519,6,1,91.71
53e4c6e0f4312d4d2107a8c9cddf45cd,SP,moveis_decoracao,34,519,6,2,6.55
53e4c6e0f4312d4d2107a8c9cddf45cd,SP,sinalizacao_e_seguranca,3,519,6,3,0.58
53e4c6e0f4312d4d2107a8c9cddf45cd,SP,ferramentas_jardim,3,519,6,4,0.58
53e4c6e0f4312d4d2107a8c9cddf45cd,SP,cama_mesa_banho,2,519,6,5,0.39
53e4c6e0f4312d4d2107a8c9cddf45cd,SP,moveis_sala,1,519,6,6,0.19
46dc3b2cc0980fb8ec44634e21d2718e,RJ,brinquedos,374,501,6,1,74.65
46dc3b2cc0980fb8ec44634e21d2718e,RJ,esporte_lazer,56,501,6,2,11.18
46dc3b2cc0980fb8ec44634e21d2718e,RJ,bebes,37,501,6,3,7.39
46dc3b2cc0980fb8ec44634e21d2718e,RJ,cool_stuff,29,501,6,4,5.79
46dc3b2cc0980fb8ec44634e21d2718e,RJ,market_place,3,501,6,5,0.60
46dc3b2cc0980fb8ec44634e21d2718e,RJ,papelaria,2,501,6,6,0.40
4e922959ae960d389249c378d1c939f5,SP,informatica_acessorios,150,437,23,1,34.32
4e922959ae960d389249c378d1c939f5,SP,eletronicos,59,437,23,2,13.50
4e922959ae960d389249c378d1c939f5,SP,telefonia,46,437,23,3,10.53
4e922959ae960d389249c378d1c939f5,SP,automotivo,29,437,23,4,6.64
4e922959ae960d389249c378d1c939f5,SP,cool_stuff,24,437,23,5,5.49
4e922959ae960d389249c378d1c939f5,SP,pet_shop,21,437,23,6,4.81
4e922959ae960d389249c378d1c939f5,SP,consoles_games,21,437,23,7,4.81
4e922959ae960d389249c378d1c939f5,SP,beleza_saude,20,437,23,8,4.58
4e922959ae960d389249c378d1c939f5,SP,cds_dvds_musicais,14,437,23,9,3.20
4e922959ae960d389249c378d1c939f5,SP,audio,13,437,23,10,2.97
4e922959ae960d389249c378d1c939f5,SP,telefonia_fixa,11,437,23,11,2.52
4e922959ae960d389249c378d1c939f5,SP,agro_industria_e_comercio,7,437,23,12,1.60
4e922959ae960d389249c378d1c939f5,SP,esporte_lazer,6,437,23,13,1.37
4e922959ae960d389249c378d1c939f5,SP,moveis_decoracao,3,437,23,14,0.69
4e922959ae960d389249c378d1c939f5,SP,sinalizacao_e_seguranca,2,437,23,18,0.46
4e922959ae960d389249c378d1c939f5,SP,instrumentos_musicais,2,437,23,17,0.46
4e922959ae960d389249c378d1c939f5,SP,utilidades_domesticas,2,437,23,15,0.46
4e922959ae960d389249c378d1c939f5,SP,ferramentas_jardim,2,437,23,16,0.46
4e922959ae960d389249c378d1c939f5,SP,artigos_de_natal,1,437,23,19,0.23
4e922959ae960d389249c378d1c939f5,SP,alimentos,1,437,23,20,0.23
4e922959ae960d389249c378d1c939f5,SP,eletrodomesticos,1,437,23,22,0.23
4e922959ae960d389249c378d1c939f5,SP,relogios_presentes,1,437,23,23,0.23
4e922959ae960d389249c378d1c939f5,SP,seguros_e_servicos,1,437,23,21,0.23
8581055ce74af1daba164fdbd55a40de,SP,automotivo,435,435,1,1,100.00
8160255418d5aaa7dbdc9f4c64ebda44,SP,cama_mesa_banho,425,431,4,1,98.61
8160255418d5aaa7dbdc9f4c64ebda44,SP,pet_shop,3,431,4,2,0.70
8160255418d5aaa7dbdc9f4c64ebda44,SP,automotivo,2,431,4,3,0.46
8160255418d5aaa7dbdc9f4c64ebda44,SP,alimentos,1,431,4,4,0.23
9f505651f4a6abe901a56cdc21508025,SP,informatica_acessorios,364,430,7,1,84.65
9f505651f4a6abe901a56cdc21508025,SP,utilidades_domesticas,34,430,7,2,7.91
9f505651f4a6abe901a56cdc21508025,SP,instrumentos_musicais,13,430,7,3,3.02
9f505651f4a6abe901a56cdc21508025,SP,consoles_games,10,430,7,4,2.33
9f505651f4a6abe901a56cdc21508025,SP,relogios_presentes,5,430,7,5,1.16
9f505651f4a6abe901a56cdc21508025,SP,cool_stuff,3,430,7,6,0.70
9f505651f4a6abe901a56cdc21508025,SP,automotivo,1,430,7,7,0.23
dbc22125167c298ef99da25668e1011f,MG,malas_acessorios,272,429,4,1,63.40
dbc22125167c298ef99da25668e1011f,MG,papelaria,89,429,4,2,20.75
dbc22125167c298ef99da25668e1011f,MG,esporte_lazer,54,429,4,3,12.59
dbc22125167c298ef99da25668e1011f,MG,fashion_bolsas_e_acessorios,14,429,4,4,3.26
2138ccb85b11a4ec1e37afbd1c8eda1f,SP,telefonia,368,428,7,1,85.98
2138ccb85b11a4ec1e37afbd1c8eda1f,SP,telefonia_fixa,36,428,7,2,8.41
2138ccb85b11a4ec1e37afbd1c8eda1f,SP,automotivo,10,428,7,3,2.34
2138ccb85b11a4ec1e37afbd1c8eda1f,SP,pc_gamer,5,428,7,4,1.17
2138ccb85b11a4ec1e37afbd1c8eda1f,SP,dvds_blu_ray,4,428,7,6,0.93
2138ccb85b11a4ec1e37afbd1c8eda1f,SP,informatica_acessorios,4,428,7,5,0.93
2138ccb85b11a4ec1e37afbd1c8eda1f,SP,musica,1,428,7,7,0.23
218d46b86c1881d022bce9c68a7d4b15,SP,esporte_lazer,410,427,3,1,96.02
218d46b86c1881d022bce9c68a7d4b15,SP,fraldas_higiene,12,427,3,2,2.81
218d46b86c1881d022bce9c68a7d4b15,SP,cama_mesa_banho,5,427,3,3,1.17
897060da8b9a21f655304d50fd935913,SP,informatica_acessorios,415,418,3,1,99.28
897060da8b9a21f655304d50fd935913,SP,automotivo,2,418,3,2,0.48
897060da8b9a21f655304d50fd935913,SP,cool_stuff,1,418,3,3,0.24
16090f2ca825584b5a147ab24aa30c86,SP,automotivo,255,410,7,1,62.20
16090f2ca825584b5a147ab24aa30c86,SP,alimentos,117,410,7,2,28.54
16090f2ca825584b5a147ab24aa30c86,SP,consoles_games,25,410,7,3,6.10
16090f2ca825584b5a147ab24aa30c86,SP,ferramentas_jardim,5,410,7,4,1.22
16090f2ca825584b5a147ab24aa30c86,SP,fashion_bolsas_e_acessorios,5,410,7,5,1.22
16090f2ca825584b5a147ab24aa30c86,SP,informatica_acessorios,2,410,7,6,0.49
16090f2ca825584b5a147ab24aa30c86,SP,construcao_ferramentas_ferramentas,1,410,7,7,0.24
53243585a1d6dc2643021fd1853d8905,BA,telefonia,257,410,2,1,62.68
53243585a1d6dc2643021fd1853d8905,BA,pcs,153,410,2,2,37.32
06a2c3af7b3aee5d69171b0e14f0ee87,MA,beleza_saude,405,405,1,1,100.00
4d6d651bd7684af3fffabd5f08d12e5a,SP,esporte_lazer,387,395,3,1,97.97
4d6d651bd7684af3fffabd5f08d12e5a,SP,beleza_saude,7,395,3,2,1.77
4d6d651bd7684af3fffabd5f08d12e5a,SP,perfumaria,1,395,3,3,0.25
77530e9772f57a62c906e1c21538ab82,PR,moveis_decoracao,380,389,2,1,97.69
77530e9772f57a62c906e1c21538ab82,PR,bebes,9,389,2,2,2.31
de722cd6dad950a92b7d4f82673f8833,PE,informatica_acessorios,362,379,2,1,95.51
de722cd6dad950a92b7d4f82673f8833,PE,cool_stuff,17,379,2,2,4.49
92eb0f42c21942b6552362b9b114707d,SP,telefonia,339,365,3,1,92.88
92eb0f42c21942b6552362b9b114707d,SP,cool_stuff,24,365,3,2,6.58
92eb0f42c21942b6552362b9b114707d,SP,eletronicos,2,365,3,3,0.55
b2ba3715d723d245138f291a6fe42594,SP,papelaria,88,363,27,1,24.24
b2ba3715d723d245138f291a6fe42594,SP,brinquedos,60,363,27,2,16.53
b2ba3715d723d245138f291a6fe42594,SP,eletronicos,34,363,27,3,9.37
b2ba3715d723d245138f291a6fe42594,SP,audio,33,363,27,4,9.09
b2ba3715d723d245138f291a6fe42594,SP,cool_stuff,29,363,27,5,7.99
b2ba3715d723d245138f291a6fe42594,SP,informatica_acessorios,21,363,27,6,5.79
b2ba3715d723d245138f291a6fe42594,SP,beleza_saude,17,363,27,7,4.68
b2ba3715d723d245138f291a6fe42594,SP,bebes,13,363,27,8,3.58
b2ba3715d723d245138f291a6fe42594,SP,esporte_lazer,9,363,27,9,2.48
b2ba3715d723d245138f291a6fe42594,SP,construcao_ferramentas_construcao,7,363,27,11,1.93
b2ba3715d723d245138f291a6fe42594,SP,market_place,7,363,27,10,1.93
b2ba3715d723d245138f291a6fe42594,SP,moveis_decoracao,6,363,27,12,1.65
b2ba3715d723d245138f291a6fe42594,SP,consoles_games,5,363,27,13,1.38
b2ba3715d723d245138f291a6fe42594,SP,eletrodomesticos_2,4,363,27,16,1.10
b2ba3715d723d245138f291a6fe42594,SP,relogios_presentes,4,363,27,15,1.10
b2ba3715d723d245138f291a6fe42594,SP,perfumaria,4,363,27,14,1.10
b2ba3715d723d245138f291a6fe42594,SP,ferramentas_jardim,4,363,27,17,1.10
b2ba3715d723d245138f291a6fe42594,SP,telefonia,3,363,27,18,0.83
b2ba3715d723d245138f291a6fe42594,SP,malas_acessorios,3,363,27,19,0.83
b2ba3715d723d245138f291a6fe42594,SP,pet_shop,2,363,27,22,0.55
b2ba3715d723d245138f291a6fe42594,SP,telefonia_fixa,2,363,27,23,0.55
b2ba3715d723d245138f291a6fe42594,SP,automotivo,2,363,27,21,0.55
b2ba3715d723d245138f291a6fe42594,SP,casa_conforto,2,363,27,20,0.55
b2ba3715d723d245138f291a6fe42594,SP,agro_industria_e_comercio,1,363,27,24,0.28
b2ba3715d723d245138f291a6fe42594,SP,construcao_ferramentas_ferramentas,1,363,27,25,0.28
b2ba3715d723d245138f291a6fe42594,SP,climatizacao,1,363,27,26,0.28
b2ba3715d723d245138f291a6fe42594,SP,eletroportateis,1,363,27,27,0.28
7299e27ed73d2ad986de7f7c77d919fa,MG,consoles_games,164,361,13,1,45.43
7299e27ed73d2ad986de7f7c77d919fa,MG,brinquedos,85,361,13,2,23.55
7299e27ed73d2ad986de7f7c77d919fa,MG,utilidades_domesticas,79,361,13,3,21.88
7299e27ed73d2ad986de7f7c77d919fa,MG,esporte_lazer,11,361,13,4,3.05
7299e27ed73d2ad986de7f7c77d919fa,MG,eletroportateis,10,361,13,5,2.77
7299e27ed73d2ad986de7f7c77d919fa,MG,artes,3,361,13,6,0.83
7299e27ed73d2ad986de7f7c77d919fa,MG,alimentos,2,361,13,8,0.55
7299e27ed73d2ad986de7f7c77d919fa,MG,cool_stuff,2,361,13,7,0.55
7299e27ed73d2ad986de7f7c77d919fa,MG,bebes,1,361,13,11,0.28
7299e27ed73d2ad986de7f7c77d919fa,MG,relogios_presentes,1,361,13,12,0.28
7299e27ed73d2ad986de7f7c77d919fa,MG,moveis_decoracao,1,361,13,13,0.28
7299e27ed73d2ad986de7f7c77d919fa,MG,automotivo,1,361,13,10,0.28
7299e27ed73d2ad986de7f7c77d919fa,MG,cama_mesa_banho,1,361,13,9,0.28
4c2b230173bb36f9b240f2b8ac11786e,SP,esporte_lazer,345,346,2,1,99.71
4c2b230173bb36f9b240f2b8ac11786e,SP,beleza_saude,1,346,2,2,0.29
5dceca129747e92ff8ef7a997dc4f8ca,SP,malas_acessorios,198,346,7,1,57.23
5dceca129747e92ff8ef7a997dc4f8ca,SP,bebes,105,346,7,2,30.35
5dceca129747e92ff8ef7a997dc4f8ca,SP,cama_mesa_banho,17,346,7,3,4.91
5dceca129747e92ff8ef7a997dc4f8ca,SP,casa_conforto,15,346,7,4,4.34
5dceca129747e92ff8ef7a997dc4f8ca,SP,cool_stuff,8,346,7,5,2.31
5dceca129747e92ff8ef7a997dc4f8ca,SP,fashion_esporte,2,346,7,6,0.58
5dceca129747e92ff8ef7a997dc4f8ca,SP,fashion_calcados,1,346,7,7,0.29
7ddcbb64b5bc1ef36ca8c151f6ec77df,SP,cool_stuff,173,343,9,1,50.44
7ddcbb64b5bc1ef36ca8c151f6ec77df,SP,informatica_acessorios,50,343,9,2,14.58
7ddcbb64b5bc1ef36ca8c151f6ec77df,SP,malas_acessorios,36,343,9,3,10.50
7ddcbb64b5bc1ef36ca8c151f6ec77df,SP,automotivo,33,343,9,4,9.62
7ddcbb64b5bc1ef36ca8c151f6ec77df,SP,esporte_lazer,16,343,9,5,4.66
7ddcbb64b5bc1ef36ca8c151f6ec77df,SP,eletronicos,12,343,9,6,3.50
7ddcbb64b5bc1ef36ca8c151f6ec77df,SP,beleza_saude,10,343,9,7,2.92
7ddcbb64b5bc1ef36ca8c151f6ec77df,SP,consoles_games,9,343,9,8,2.62
7ddcbb64b5bc1ef36ca8c151f6ec77df,SP,brinquedos,4,343,9,9,1.17
7e93a43ef30c4f03f38b393420bc753a,SP,relogios_presentes,314,340,8,1,92.35
7e93a43ef30c4f03f38b393420bc753a,SP,audio,8,340,8,2,2.35
7e93a43ef30c4f03f38b393420bc753a,SP,esporte_lazer,7,340,8,3,2.06
7e93a43ef30c4f03f38b393420bc753a,SP,cool_stuff,4,340,8,4,1.18
7e93a43ef30c4f03f38b393420bc753a,SP,eletronicos,3,340,8,5,0.88
7e93a43ef30c4f03f38b393420bc753a,SP,beleza_saude,2,340,8,6,0.59
7e93a43ef30c4f03f38b393420bc753a,SP,alimentos,1,340,8,7,0.29
7e93a43ef30c4f03f38b393420bc753a,SP,papelaria,1,340,8,8,0.29
ef506c96320abeedfb894c34db06f478,SP,telefonia,314,340,4,1,92.35
ef506c96320abeedfb894c34db06f478,SP,agro_industria_e_comercio,13,340,4,2,3.82
ef506c96320abeedfb894c34db06f478,SP,telefonia_fixa,11,340,4,3,3.24
ef506c96320abeedfb894c34db06f478,SP,market_place,2,340,4,4,0.59
fa40cc5b934574b62717c68f3d678b6d,SP,brinquedos,297,340,3,1,87.35
fa40cc5b934574b62717c68f3d678b6d,SP,bebes,41,340,3,2,12.06
fa40cc5b934574b62717c68f3d678b6d,SP,market_place,2,340,3,3,0.59
87142160b41353c4e5fca2360caf6f92,RS,informatica_acessorios,277,339,8,1,81.71
87142160b41353c4e5fca2360caf6f92,RS,eletronicos,20,339,8,2,5.90
87142160b41353c4e5fca2360caf6f92,RS,esporte_lazer,19,339,8,3,5.60
87142160b41353c4e5fca2360caf6f92,RS,consoles_games,13,339,8,4,3.83
87142160b41353c4e5fca2360caf6f92,RS,automotivo,4,339,8,5,1.18
87142160b41353c4e5fca2360caf6f92,RS,moveis_decoracao,3,339,8,6,0.88
87142160b41353c4e5fca2360caf6f92,RS,utilidades_domesticas,2,339,8,7,0.59
87142160b41353c4e5fca2360caf6f92,RS,market_place,1,339,8,8,0.29
c70c1b0d8ca86052f45a432a38b73958,SP,beleza_saude,338,338,1,1,100.00
7142540dd4c91e2237acb7e911c4eba2,SP,automotivo,229,331,2,1,69.18
7142540dd4c91e2237acb7e911c4eba2,SP,fashion_calcados,102,331,2,2,30.82
1da3aeb70d7989d1e6d9b0e887f97c23,SP,esporte_lazer,77,328,21,1,23.48
1da3aeb70d7989d1e6d9b0e887f97c23,SP,brinquedos,49,328,21,2,14.94
1da3aeb70d7989d1e6d9b0e887f97c23,SP,moveis_decoracao,44,328,21,3,13.41
1da3aeb70d7989d1e6d9b0e887f97c23,SP,papelaria,35,328,21,4,10.67
1da3aeb70d7989d1e6d9b0e887f97c23,SP,fashion_bolsas_e_acessorios,29,328,21,5,8.84
1da3aeb70d7989d1e6d9b0e887f97c23,SP,beleza_saude,25,328,21,6,7.62
1da3aeb70d7989d1e6d9b0e887f97c23,SP,cool_stuff,23,328,21,7,7.01
1da3aeb70d7989d1e6d9b0e887f97c23,SP,utilidades_domesticas,10,328,21,8,3.05
1da3aeb70d7989d1e6d9b0e887f97c23,SP,construcao_ferramentas_iluminacao,6,328,21,9,1.83
1da3aeb70d7989d1e6d9b0e887f97c23,SP,automotivo,6,328,21,10,1.83
1da3aeb70d7989d1e6d9b0e887f97c23,SP,informatica_acessorios,4,328,21,11,1.22
1da3aeb70d7989d1e6d9b0e887f97c23,SP,eletronicos,4,328,21,12,1.22
1da3aeb70d7989d1e6d9b0e887f97c23,SP,malas_acessorios,3,328,21,13,0.91
1da3aeb70d7989d1e6d9b0e887f97c23,SP,perfumaria,2,328,21,14,0.61
1da3aeb70d7989d1e6d9b0e887f97c23,SP,bebes,2,328,21,15,0.61
1da3aeb70d7989d1e6d9b0e887f97c23,SP,pet_shop,2,328,21,18,0.61
1da3aeb70d7989d1e6d9b0e887f97c23,SP,climatizacao,2,328,21,16,0.61
1da3aeb70d7989d1e6d9b0e887f97c23,SP,telefonia,2,328,21,17,0.61
1da3aeb70d7989d1e6d9b0e887f97c23,SP,relogios_presentes,1,328,21,21,0.30
1da3aeb70d7989d1e6d9b0e887f97c23,SP,cama_mesa_banho,1,328,21,20,0.30
1da3aeb70d7989d1e6d9b0e887f97c23,SP,ferramentas_jardim,1,328,21,19,0.30
70a12e78e608ac31179aea7f8422044b,SP,informatica_acessorios,113,328,15,1,34.45
70a12e78e608ac31179aea7f8422044b,SP,telefonia,70,328,15,2,21.34
70a12e78e608ac31179aea7f8422044b,SP,beleza_saude,44,328,15,3,13.41
70a12e78e608ac31179aea7f8422044b,SP,eletronicos,33,328,15,4,10.06
70a12e78e608ac31179aea7f8422044b,SP,automotivo,17,328,15,5,5.18
70a12e78e608ac31179aea7f8422044b,SP,audio,12,328,15,6,3.66
70a12e78e608ac31179aea7f8422044b,SP,consoles_games,10,328,15,7,3.05
70a12e78e608ac31179aea7f8422044b,SP,bebes,7,328,15,8,2.13
70a12e78e608ac31179aea7f8422044b,SP,esporte_lazer,6,328,15,9,1.83
70a12e78e608ac31179aea7f8422044b,SP,cool_stuff,4,328,15,11,1.22
70a12e78e608ac31179aea7f8422044b,SP,utilidades_domesticas,4,328,15,10,1.22
70a12e78e608ac31179aea7f8422044b,SP,telefonia_fixa,3,328,15,12,0.91
70a12e78e608ac31179aea7f8422044b,SP,perfumaria,2,328,15,14,0.61
70a12e78e608ac31179aea7f8422044b,SP,sinalizacao_e_seguranca,2,328,15,13,0.61
70a12e78e608ac31179aea7f8422044b,SP,construcao_ferramentas_construcao,1,328,15,15,0.30
855668e0971d4dfd7bef1b6a4133b41b,SP,bebes,298,327,3,1,91.13
855668e0971d4dfd7bef1b6a4133b41b,SP,cool_stuff,28,327,3,2,8.56
855668e0971d4dfd7bef1b6a4133b41b,SP,artes,1,327,3,3,0.31
634964b17796e64304cadf1ad3050fb7,RJ,relogios_presentes,278,326,11,1,85.28
634964b17796e64304cadf1ad3050fb7,RJ,automotivo,19,326,11,2,5.83
634964b17796e64304cadf1ad3050fb7,RJ,telefonia,10,326,11,3,3.07
634964b17796e64304cadf1ad3050fb7,RJ,eletronicos,7,326,11,4,2.15
634964b17796e64304cadf1ad3050fb7,RJ,esporte_lazer,5,326,11,5,1.53
634964b17796e64304cadf1ad3050fb7,RJ,papelaria,2,326,11,6,0.61
634964b17796e64304cadf1ad3050fb7,RJ,moveis_decoracao,1,326,11,11,0.31
634964b17796e64304cadf1ad3050fb7,RJ,alimentos,1,326,11,10,0.31
634964b17796e64304cadf1ad3050fb7,RJ,agro_industria_e_comercio,1,326,11,7,0.31
634964b17796e64304cadf1ad3050fb7,RJ,utilidades_domesticas,1,326,11,8,0.31
634964b17796e64304cadf1ad3050fb7,RJ,brinquedos,1,326,11,9,0.31
c3cfdc648177fdbbbb35635a37472c53,PR,esporte_lazer,305,307,2,1,99.35
c3cfdc648177fdbbbb35635a37472c53,PR,automotivo,2,307,2,2,0.65
fe2032dab1a61af8794248c8196565c9,SP,perfumaria,303,306,2,1,99.02
fe2032dab1a61af8794248c8196565c9,SP,beleza_saude,3,306,2,2,0.98
88460e8ebdecbfecb5f9601833981930,PR,informatica_acessorios,302,302,1,1,100.00
37be5a7c751166fbc5f8ccba4119e043,SP,cama_mesa_banho,277,281,2,1,98.58
37be5a7c751166fbc5f8ccba4119e043,SP,perfumaria,4,281,2,2,1.42
562fc2f2c2863ab7e79a9e4388a58a14,SP,telefonia,270,270,1,1,100.00
1554a68530182680ad5c8b042c3ab563,MG,moveis_decoracao,142,269,5,1,52.79
1554a68530182680ad5c8b042c3ab563,MG,moveis_sala,89,269,5,2,33.09
1554a68530182680ad5c8b042c3ab563,MG,brinquedos,21,269,5,3,7.81
1554a68530182680ad5c8b042c3ab563,MG,utilidades_domesticas,15,269,5,4,5.58
1554a68530182680ad5c8b042c3ab563,MG,market_place,2,269,5,5,0.74
e9bc59e7b60fc3063eb2290deda4cced,PR,informatica_acessorios,223,269,2,1,82.90
e9bc59e7b60fc3063eb2290deda4cced,PR,cool_stuff,46,269,2,2,17.10
17e34d8224d27a541263c4c64b11a56b,SP,perfumaria,139,268,12,1,51.87
17e34d8224d27a541263c4c64b11a56b,SP,informatica_acessorios,41,268,12,2,15.30
17e34d8224d27a541263c4c64b11a56b,SP,consoles_games,33,268,12,3,12.31
17e34d8224d27a541263c4c64b11a56b,SP,ferramentas_jardim,17,268,12,4,6.34
17e34d8224d27a541263c4c64b11a56b,SP,esporte_lazer,10,268,12,5,3.73
17e34d8224d27a541263c4c64b11a56b,SP,telefonia,7,268,12,6,2.61
17e34d8224d27a541263c4c64b11a56b,SP,construcao_ferramentas_construcao,7,268,12,7,2.61
17e34d8224d27a541263c4c64b11a56b,SP,beleza_saude,5,268,12,8,1.87
17e34d8224d27a541263c4c64b11a56b,SP,eletronicos,4,268,12,9,1.49
17e34d8224d27a541263c4c64b11a56b,SP,cool_stuff,3,268,12,10,1.12
17e34d8224d27a541263c4c64b11a56b,SP,telefonia_fixa,1,268,12,11,0.37
17e34d8224d27a541263c4c64b11a56b,SP,musica,1,268,12,12,0.37
0ea22c1cfbdc755f86b9b54b39c16043,MG,fashion_bolsas_e_acessorios,246,263,9,1,93.54
0ea22c1cfbdc755f86b9b54b39c16043,MG,pet_shop,6,263,9,2,2.28
0ea22c1cfbdc755f86b9b54b39c16043,MG,papelaria,2,263,9,3,0.76
0ea22c1cfbdc755f86b9b54b39c16043,MG,musica,2,263,9,4,0.76
0ea22c1cfbdc755f86b9b54b39c16043,MG,market_place,2,263,9,5,0.76
0ea22c1cfbdc755f86b9b54b39c16043,MG,automotivo,2,263,9,6,0.76
0ea22c1cfbdc755f86b9b54b39c16043,MG,instrumentos_musicais,1,263,9,7,0.38
0ea22c1cfbdc755f86b9b54b39c16043,MG,brinquedos,1,263,9,8,0.38
0ea22c1cfbdc755f86b9b54b39c16043,MG,bebes,1,263,9,9,0.38
a3a38f4affed601eb87a97788c949667,SC,brinquedos,109,263,12,1,41.44
a3a38f4affed601eb87a97788c949667,SC,esporte_lazer,60,263,12,2,22.81
a3a38f4affed601eb87a97788c949667,SC,bebes,24,263,12,3,9.13
a3a38f4affed601eb87a97788c949667,SC,fashion_roupa_masculina,19,263,12,4,7.22
a3a38f4affed601eb87a97788c949667,SC,cama_mesa_banho,18,263,12,5,6.84
a3a38f4affed601eb87a97788c949667,SC,moveis_decoracao,11,263,12,6,4.18
a3a38f4affed601eb87a97788c949667,SC,ferramentas_jardim,9,263,12,7,3.42
a3a38f4affed601eb87a97788c949667,SC,cool_stuff,5,263,12,8,1.90
a3a38f4affed601eb87a97788c949667,SC,malas_acessorios,3,263,12,9,1.14
a3a38f4affed601eb87a97788c949667,SC,beleza_saude,2,263,12,11,0.76
a3a38f4affed601eb87a97788c949667,SC,papelaria,2,263,12,10,0.76
a3a38f4affed601eb87a97788c949667,SC,fashion_calcados,1,263,12,12,0.38
25c5c91f63607446a97b143d2d535d31,MG,informatica_acessorios,262,262,1,1,100.00
c3867b4666c7d76867627c2f7fb22e21,SP,esporte_lazer,259,259,1,1,100.00
dc4a0fc896dc34b0d5bfec8438291c80,SP,cama_mesa_banho,229,249,4,1,91.97
dc4a0fc896dc34b0d5bfec8438291c80,SP,utilidades_domesticas,11,249,4,2,4.42
dc4a0fc896dc34b0d5bfec8438291c80,SP,moveis_decoracao,7,249,4,3,2.81
dc4a0fc896dc34b0d5bfec8438291c80,SP,bebes,2,249,4,4,0.80
0241d4d5d36f10f80c644447315af0bd,PR,moveis_decoracao,246,246,1,1,100.00
37515688008a7a40ac93e3b2e4ab203f,SP,consoles_games,239,240,2,1,99.58
37515688008a7a40ac93e3b2e4ab203f,SP,eletrodomesticos,1,240,2,2,0.42
7aa4334be125fcdd2ba64b3180029f14,SP,brinquedos,189,240,4,1,78.75
7aa4334be125fcdd2ba64b3180029f14,SP,cool_stuff,21,240,4,2,8.75
7aa4334be125fcdd2ba64b3180029f14,SP,bebes,19,240,4,3,7.92
7aa4334be125fcdd2ba64b3180029f14,SP,cama_mesa_banho,11,240,4,4,4.58
d1c281d3ae149232351cd8c8cc885f0d,SP,cama_mesa_banho,234,240,2,1,97.50
d1c281d3ae149232351cd8c8cc885f0d,SP,bebes,6,240,2,2,2.50
001cca7ae9ae17fb1caed9dfb1094831,ES,ferramentas_jardim,212,239,2,1,88.70
001cca7ae9ae17fb1caed9dfb1094831,ES,construcao_ferramentas_construcao,27,239,2,2,11.30
f457c46070d02cadd8a68551231220dd,PR,informatica_acessorios,234,234,1,1,100.00
41b39e28db005d9731d9d485a83b4c38,SP,cama_mesa_banho,175,231,5,1,75.76
41b39e28db005d9731d9d485a83b4c38,SP,moveis_decoracao,36,231,5,2,15.58
41b39e28db005d9731d9d485a83b4c38,SP,cool_stuff,14,231,5,3,6.06
41b39e28db005d9731d9d485a83b4c38,SP,bebes,4,231,5,4,1.73
41b39e28db005d9731d9d485a83b4c38,SP,market_place,2,231,5,5,0.87
f7ba60f8c3f99e7ee4042fdef03b70c4,SP,beleza_saude,201,230,2,1,87.39
f7ba60f8c3f99e7ee4042fdef03b70c4,SP,esporte_lazer,29,230,2,2,12.61
7040e82f899a04d1b434b795a43b4617,SP,audio,99,228,10,1,43.42
7040e82f899a04d1b434b795a43b4617,SP,telefonia,46,228,10,2,20.18
7040e82f899a04d1b434b795a43b4617,SP,utilidades_domesticas,37,228,10,3,16.23
7040e82f899a04d1b434b795a43b4617,SP,perfumaria,19,228,10,4,8.33
7040e82f899a04d1b434b795a43b4617,SP,brinquedos,10,228,10,5,4.39
7040e82f899a04d1b434b795a43b4617,SP,informatica_acessorios,6,228,10,6,2.63
7040e82f899a04d1b434b795a43b4617,SP,construcao_ferramentas_jardim,5,228,10,7,2.19
7040e82f899a04d1b434b795a43b4617,SP,beleza_saude,2,228,10,10,0.88
7040e82f899a04d1b434b795a43b4617,SP,moveis_decoracao,2,228,10,8,0.88
7040e82f899a04d1b434b795a43b4617,SP,bebes,2,228,10,9,0.88
8d956fec2e4337affcb520f56fd8cbfd,SP,esporte_lazer,84,228,13,1,36.84
8d956fec2e4337affcb520f56fd8cbfd,SP,telefonia,50,228,13,2,21.93
8d956fec2e4337affcb520f56fd8cbfd,SP,informatica_acessorios,32,228,13,3,14.04
8d956fec2e4337affcb520f56fd8cbfd,SP,beleza_saude,15,228,13,4,6.58
8d956fec2e4337affcb520f56fd8cbfd,SP,cine_foto,12,228,13,5,5.26
8d956fec2e4337affcb520f56fd8cbfd,SP,automotivo,10,228,13,6,4.39
8d956fec2e4337affcb520f56fd8cbfd,SP,papelaria,7,228,13,7,3.07
8d956fec2e4337affcb520f56fd8cbfd,SP,eletronicos,6,228,13,8,2.63
8d956fec2e4337affcb520f56fd8cbfd,SP,audio,4,228,13,10,1.75
8d956fec2e4337affcb520f56fd8cbfd,SP,consoles_games,4,228,13,9,1.75
8d956fec2e4337affcb520f56fd8cbfd,SP,casa_construcao,2,228,13,11,0.88
8d956fec2e4337affcb520f56fd8cbfd,SP,climatizacao,1,228,13,13,0.44
8d956fec2e4337affcb520f56fd8cbfd,SP,cool_stuff,1,228,13,12,0.44
9b013e03b2ab786505a1d3b5c0756754,SP,beleza_saude,78,225,6,1,34.67
9b013e03b2ab786505a1d3b5c0756754,SP,esporte_lazer,59,225,6,2,26.22
9b013e03b2ab786505a1d3b5c0756754,SP,bebidas,55,225,6,3,24.44
9b013e03b2ab786505a1d3b5c0756754,SP,alimentos,27,225,6,4,12.00
9b013e03b2ab786505a1d3b5c0756754,SP,perfumaria,3,225,6,6,1.33
9b013e03b2ab786505a1d3b5c0756754,SP,alimentos_bebidas,3,225,6,5,1.33
4b9750c8ad28220fe6702d4ecb7c898f,SP,bebes,210,222,2,1,94.59
4b9750c8ad28220fe6702d4ecb7c898f,SP,cool_stuff,12,222,2,2,5.41
1c129092bf23f28a5930387c980c0dfc,SP,cama_mesa_banho,217,220,2,1,98.64
1c129092bf23f28a5930387c980c0dfc,SP,fashion_roupa_masculina,3,220,2,2,1.36
4830e40640734fc1c52cd21127c341d4,SP,utilidades_domesticas,123,219,9,1,56.16
4830e40640734fc1c52cd21127c341d4,SP,esporte_lazer,20,219,9,2,9.13
4830e40640734fc1c52cd21127c341d4,SP,papelaria,20,219,9,3,9.13
4830e40640734fc1c52cd21127c341d4,SP,moveis_decoracao,17,219,9,5,7.76
4830e40640734fc1c52cd21127c341d4,SP,malas_acessorios,17,219,9,4,7.76
4830e40640734fc1c52cd21127c341d4,SP,eletroportateis,13,219,9,6,5.94
4830e40640734fc1c52cd21127c341d4,SP,relogios_presentes,5,219,9,7,2.28
4830e40640734fc1c52cd21127c341d4,SP,beleza_saude,3,219,9,8,1.37
4830e40640734fc1c52cd21127c341d4,SP,alimentos,1,219,9,9,0.46
6edacfd9f9074789dad6d62ba7950b9c,SP,moveis_decoracao,123,219,15,1,56.16
6edacfd9f9074789dad6d62ba7950b9c,SP,utilidades_domesticas,57,219,15,2,26.03
6edacfd9f9074789dad6d62ba7950b9c,SP,automotivo,7,219,15,3,3.20
6edacfd9f9074789dad6d62ba7950b9c,SP,cool_stuff,6,219,15,4,2.74
6edacfd9f9074789dad6d62ba7950b9c,SP,papelaria,5,219,15,5,2.28
6edacfd9f9074789dad6d62ba7950b9c,SP,esporte_lazer,4,219,15,7,1.83
6edacfd9f9074789dad6d62ba7950b9c,SP,market_place,4,219,15,6,1.83
6edacfd9f9074789dad6d62ba7950b9c,SP,telefonia,3,219,15,8,1.37
6edacfd9f9074789dad6d62ba7950b9c,SP,perfumaria,3,219,15,9,1.37
6edacfd9f9074789dad6d62ba7950b9c,SP,malas_acessorios,2,219,15,10,0.91
6edacfd9f9074789dad6d62ba7950b9c,SP,fashion_bolsas_e_acessorios,1,219,15,14,0.46
6edacfd9f9074789dad6d62ba7950b9c,SP,bebes,1,219,15,12,0.46
6edacfd9f9074789dad6d62ba7950b9c,SP,cama_mesa_banho,1,219,15,15,0.46
6edacfd9f9074789dad6d62ba7950b9c,SP,brinquedos,1,219,15,13,0.46
6edacfd9f9074789dad6d62ba7950b9c,SP,informatica_acessorios,1,219,15,11,0.46
7178f9f4dd81dcef02f62acdf8151e01,SC,beleza_saude,61,216,14,1,28.24
7178f9f4dd81dcef02f62acdf8151e01,SC,perfumaria,53,216,14,2,24.54
7178f9f4dd81dcef02f62acdf8151e01,SC,informatica_acessorios,27,216,14,3,12.50
7178f9f4dd81dcef02f62acdf8151e01,SC,eletronicos,25,216,14,4,11.57
7178f9f4dd81dcef02f62acdf8151e01,SC,instrumentos_musicais,20,216,14,5,9.26
7178f9f4dd81dcef02f62acdf8151e01,SC,automotivo,15,216,14,6,6.94
7178f9f4dd81dcef02f62acdf8151e01,SC,bebes,3,216,14,9,1.39
7178f9f4dd81dcef02f62acdf8151e01,SC,eletrodomesticos,3,216,14,7,1.39
7178f9f4dd81dcef02f62acdf8151e01,SC,telefonia,3,216,14,8,1.39
7178f9f4dd81dcef02f62acdf8151e01,SC,alimentos,2,216,14,10,0.93
7178f9f4dd81dcef02f62acdf8151e01,SC,audio,1,216,14,12,0.46
7178f9f4dd81dcef02f62acdf8151e01,SC,casa_construcao,1,216,14,11,0.46
7178f9f4dd81dcef02f62acdf8151e01,SC,ferramentas_jardim,1,216,14,14,0.46
7178f9f4dd81dcef02f62acdf8151e01,SC,papelaria,1,216,14,13,0.46
ceaec5548eefc6e23e6607c5435102e7,SP,cool_stuff,183,211,7,1,86.73
ceaec5548eefc6e23e6607c5435102e7,SP,eletrodomesticos_2,9,211,7,2,4.27
ceaec5548eefc6e23e6607c5435102e7,SP,utilidades_domesticas,8,211,7,3,3.79
ceaec5548eefc6e23e6607c5435102e7,SP,portateis_casa_forno_e_cafe,7,211,7,4,3.32
ceaec5548eefc6e23e6607c5435102e7,SP,eletroportateis,2,211,7,5,0.95
ceaec5548eefc6e23e6607c5435102e7,SP,beleza_saude,1,211,7,6,0.47
ceaec5548eefc6e23e6607c5435102e7,SP,eletrodomesticos,1,211,7,7,0.47
0b90b6df587eb83608a64ea8b390cf07,PR,informatica_acessorios,210,210,1,1,100.00
86ccac0b835037332a596a33b6949ee1,SC,relogios_presentes,206,210,3,1,98.10
86ccac0b835037332a596a33b6949ee1,SC,esporte_lazer,3,210,3,2,1.43
86ccac0b835037332a596a33b6949ee1,SC,eletrodomesticos_2,1,210,3,3,0.48
2eb70248d66e0e3ef83659f71b244378,SP,relogios_presentes,118,209,11,1,56.46
2eb70248d66e0e3ef83659f71b244378,SP,informatica_acessorios,68,209,11,2,32.54
2eb70248d66e0e3ef83659f71b244378,SP,consoles_games,7,209,11,3,3.35
2eb70248d66e0e3ef83659f71b244378,SP,bebes,6,209,11,4,2.87
2eb70248d66e0e3ef83659f71b244378,SP,telefonia,3,209,11,5,1.44
2eb70248d66e0e3ef83659f71b244378,SP,beleza_saude,2,209,11,6,0.96
2eb70248d66e0e3ef83659f71b244378,SP,esporte_lazer,1,209,11,7,0.48
2eb70248d66e0e3ef83659f71b244378,SP,eletronicos,1,209,11,8,0.48
2eb70248d66e0e3ef83659f71b244378,SP,cool_stuff,1,209,11,9,0.48
2eb70248d66e0e3ef83659f71b244378,SP,cama_mesa_banho,1,209,11,10,0.48
2eb70248d66e0e3ef83659f71b244378,SP,alimentos_bebidas,1,209,11,11,0.48
cab85505710c7cb9b720bceb52b01cee,SP,fashion_bolsas_e_acessorios,209,209,1,1,100.00
f262cbc1c910c83959f849465454ddd3,SP,informatica_acessorios,105,207,9,1,50.72
f262cbc1c910c83959f849465454ddd3,SP,malas_acessorios,37,207,9,2,17.87
f262cbc1c910c83959f849465454ddd3,SP,eletronicos,24,207,9,3,11.59
f262cbc1c910c83959f849465454ddd3,SP,construcao_ferramentas_construcao,14,207,9,4,6.76
f262cbc1c910c83959f849465454ddd3,SP,telefonia,12,207,9,5,5.80
f262cbc1c910c83959f849465454ddd3,SP,papelaria,8,207,9,6,3.86
f262cbc1c910c83959f849465454ddd3,SP,consoles_games,4,207,9,7,1.93
f262cbc1c910c83959f849465454ddd3,SP,cool_stuff,2,207,9,8,0.97
f262cbc1c910c83959f849465454ddd3,SP,construcao_ferramentas_seguranca,1,207,9,9,0.48
9c0e69c7bf2619675bbadf47b43f655a,SP,informatica_acessorios,204,206,3,1,99.03
9c0e69c7bf2619675bbadf47b43f655a,SP,automotivo,1,206,3,2,0.49
9c0e69c7bf2619675bbadf47b43f655a,SP,eletronicos,1,206,3,3,0.49
e26901d5ab434ce92fd9b5c256820a4e,SP,ferramentas_jardim,79,206,6,1,38.35
e26901d5ab434ce92fd9b5c256820a4e,SP,utilidades_domesticas,56,206,6,2,27.18
e26901d5ab434ce92fd9b5c256820a4e,SP,bebes,48,206,6,3,23.30
e26901d5ab434ce92fd9b5c256820a4e,SP,cool_stuff,13,206,6,4,6.31
e26901d5ab434ce92fd9b5c256820a4e,SP,beleza_saude,7,206,6,5,3.40
e26901d5ab434ce92fd9b5c256820a4e,SP,audio,3,206,6,6,1.46
54a1852d1b8f10312c55e906355666ee,SP,esporte_lazer,177,204,7,1,86.76
54a1852d1b8f10312c55e906355666ee,SP,pet_shop,10,204,7,2,4.90
54a1852d1b8f10312c55e906355666ee,SP,market_place,5,204,7,3,2.45
54a1852d1b8f10312c55e906355666ee,SP,fashion_bolsas_e_acessorios,5,204,7,4,2.45
54a1852d1b8f10312c55e906355666ee,SP,malas_acessorios,4,204,7,5,1.96
54a1852d1b8f10312c55e906355666ee,SP,utilidades_domesticas,2,204,7,6,0.98
54a1852d1b8f10312c55e906355666ee,SP,ferramentas_jardim,1,204,7,7,0.49
813348c996469b40f2e028d5429d3495,SP,utilidades_domesticas,202,202,1,1,100.00
c003204e1ab016dfa150abc119207b24,SP,automotivo,154,202,2,1,76.24
c003204e1ab016dfa150abc119207b24,SP,eletronicos,48,202,2,2,23.76
f45122a9ab94eb4f3f8953578bc0c560,SP,pet_shop,139,200,8,1,69.50
f45122a9ab94eb4f3f8953578bc0c560,SP,bebes,37,200,8,2,18.50
f45122a9ab94eb4f3f8953578bc0c560,SP,fashion_bolsas_e_acessorios,9,200,8,3,4.50
f45122a9ab94eb4f3f8953578bc0c560,SP,utilidades_domesticas,7,200,8,4,3.50
f45122a9ab94eb4f3f8953578bc0c560,SP,instrumentos_musicais,3,200,8,5,1.50
f45122a9ab94eb4f3f8953578bc0c560,SP,eletroportateis,3,200,8,6,1.50
f45122a9ab94eb4f3f8953578bc0c560,SP,malas_acessorios,1,200,8,8,0.50
f45122a9ab94eb4f3f8953578bc0c560,SP,brinquedos,1,200,8,7,0.50
cbd996ad3c1b7dc71fd0e5f5df9087e2,SP,alimentos,99,196,3,1,50.51
cbd996ad3c1b7dc71fd0e5f5df9087e2,SP,beleza_saude,86,196,3,2,43.88
cbd996ad3c1b7dc71fd0e5f5df9087e2,SP,esporte_lazer,11,196,3,3,5.61
98dac6635aee4995d501a3972e047414,SP,utilidades_domesticas,195,195,1,1,100.00
213b25e6f54661939f11710a6fddb871,SP,casa_construcao,176,194,3,1,90.72
213b25e6f54661939f11710a6fddb871,SP,construcao_ferramentas_iluminacao,9,194,3,3,4.64
213b25e6f54661939f11710a6fddb871,SP,sinalizacao_e_seguranca,9,194,3,2,4.64
0dd184061fb0eaa7ca37932c68ab91c5,SP,industria_comercio_e_negocios,112,193,3,1,58.03
0dd184061fb0eaa7ca37932c68ab91c5,SP,utilidades_domesticas,63,193,3,2,32.64
0dd184061fb0eaa7ca37932c68ab91c5,SP,esporte_lazer,18,193,3,3,9.33
95e03ca3d4146e4011985981aeb959b9,RJ,utilidades_domesticas,52,193,13,1,26.94
95e03ca3d4146e4011985981aeb959b9,RJ,moveis_decoracao,23,193,13,2,11.92
95e03ca3d4146e4011985981aeb959b9,RJ,casa_construcao,18,193,13,3,9.33
95e03ca3d4146e4011985981aeb959b9,RJ,esporte_lazer,17,193,13,4,8.81
95e03ca3d4146e4011985981aeb959b9,RJ,relogios_presentes,17,193,13,5,8.81
95e03ca3d4146e4011985981aeb959b9,RJ,brinquedos,16,193,13,6,8.29
95e03ca3d4146e4011985981aeb959b9,RJ,perfumaria,15,193,13,7,7.77
95e03ca3d4146e4011985981aeb959b9,RJ,bebes,13,193,13,8,6.74
95e03ca3d4146e4011985981aeb959b9,RJ,eletroportateis,8,193,13,9,4.15
95e03ca3d4146e4011985981aeb959b9,RJ,ferramentas_jardim,7,193,13,10,3.63
95e03ca3d4146e4011985981aeb959b9,RJ,beleza_saude,4,193,13,11,2.07
95e03ca3d4146e4011985981aeb959b9,RJ,papelaria,2,193,13,12,1.04
95e03ca3d4146e4011985981aeb959b9,RJ,instrumentos_musicais,1,193,13,13,0.52
850f4f8af5ea87287ac68de36e29107f,SP,brinquedos,115,192,4,1,59.90
850f4f8af5ea87287ac68de36e29107f,SP,cool_stuff,58,192,4,2,30.21
850f4f8af5ea87287ac68de36e29107f,SP,relogios_presentes,17,192,4,3,8.85
850f4f8af5ea87287ac68de36e29107f,SP,instrumentos_musicais,2,192,4,4,1.04
ccc4bbb5f32a6ab2b7066a4130f114e3,PR,beleza_saude,187,192,2,1,97.40
ccc4bbb5f32a6ab2b7066a4130f114e3,PR,esporte_lazer,5,192,2,2,2.60
0c8380b62e38e8a1e6adbeba7eb9688c,MG,cama_mesa_banho,140,189,3,1,74.07
0c8380b62e38e8a1e6adbeba7eb9688c,MG,moveis_decoracao,46,189,3,2,24.34
0c8380b62e38e8a1e6adbeba7eb9688c,MG,bebes,3,189,3,3,1.59
5656537e588803a555b8eb41f07a944b,DF,eletronicos,90,188,11,1,47.87
5656537e588803a555b8eb41f07a944b,DF,informatica_acessorios,38,188,11,2,20.21
5656537e588803a555b8eb41f07a944b,DF,telefonia,29,188,11,3,15.43
5656537e588803a555b8eb41f07a944b,DF,audio,9,188,11,4,4.79
5656537e588803a555b8eb41f07a944b,DF,construcao_ferramentas_seguranca,7,188,11,5,3.72
5656537e588803a555b8eb41f07a944b,DF,ferramentas_jardim,5,188,11,6,2.66
5656537e588803a555b8eb41f07a944b,DF,cool_stuff,3,188,11,7,1.60
5656537e588803a555b8eb41f07a944b,DF,consoles_games,3,188,11,8,1.60
5656537e588803a555b8eb41f07a944b,DF,automotivo,2,188,11,9,1.06
5656537e588803a555b8eb41f07a944b,DF,bebes,1,188,11,11,0.53
5656537e588803a555b8eb41f07a944b,DF,esporte_lazer,1,188,11,10,0.53
7d76b645482be4a332374e8223836592,SP,telefonia,184,187,2,1,98.40
7d76b645482be4a332374e8223836592,SP,automotivo,3,187,2,2,1.60
b499c00f28f4b7069ff6550af8c1348a,SP,moveis_decoracao,73,187,12,1,39.04
b499c00f28f4b7069ff6550af8c1348a,SP,utilidades_domesticas,24,187,12,2,12.83
b499c00f28f4b7069ff6550af8c1348a,SP,malas_acessorios,16,187,12,4,8.56
b499c00f28f4b7069ff6550af8c1348a,SP,fashion_roupa_feminina,16,187,12,3,8.56
b499c00f28f4b7069ff6550af8c1348a,SP,instrumentos_musicais,14,187,12,5,7.49
b499c00f28f4b7069ff6550af8c1348a,SP,beleza_saude,14,187,12,6,7.49
b499c00f28f4b7069ff6550af8c1348a,SP,fashion_bolsas_e_acessorios,9,187,12,7,4.81
b499c00f28f4b7069ff6550af8c1348a,SP,eletronicos,7,187,12,8,3.74
b499c00f28f4b7069ff6550af8c1348a,SP,informatica_acessorios,6,187,12,9,3.21
b499c00f28f4b7069ff6550af8c1348a,SP,esporte_lazer,5,187,12,10,2.67
b499c00f28f4b7069ff6550af8c1348a,SP,fashion_calcados,2,187,12,11,1.07
b499c00f28f4b7069ff6550af8c1348a,SP,moveis_sala,1,187,12,12,0.53
669ae81880e08f269a64487cfb287169,SC,esporte_lazer,123,186,3,1,66.13
669ae81880e08f269a64487cfb287169,SC,livros_interesse_geral,58,186,3,2,31.18
669ae81880e08f269a64487cfb287169,SC,bebidas,5,186,3,3,2.69
7ad32824caee82087b3e2e5f33b1bf32,SP,cama_mesa_banho,184,184,1,1,100.00
cfb1a033743668a192316f3c6d1d2671,SP,cama_mesa_banho,184,184,1,1,100.00
d98eec89afa3380e14463da2aabaea72,RS,bebes,69,183,4,1,37.70
d98eec89afa3380e14463da2aabaea72,RS,fashion_bolsas_e_acessorios,62,183,4,2,33.88
d98eec89afa3380e14463da2aabaea72,RS,brinquedos,49,183,4,3,26.78
d98eec89afa3380e14463da2aabaea72,RS,fashion_roupa_infanto_juvenil,3,183,4,4,1.64
5a8e7d5003a1f221f9e1d6e411de7c23,SP,moveis_decoracao,157,181,3,1,86.74
5a8e7d5003a1f221f9e1d6e411de7c23,SP,bebes,23,181,3,2,12.71
5a8e7d5003a1f221f9e1d6e411de7c23,SP,papelaria,1,181,3,3,0.55
a416b6a846a11724393025641d4edd5e,SP,beleza_saude,177,181,2,1,97.79
a416b6a846a11724393025641d4edd5e,SP,cool_stuff,4,181,2,2,2.21
de23c3b98a88888289c6f5cc1209054a,SP,brinquedos,99,181,6,1,54.70
de23c3b98a88888289c6f5cc1209054a,SP,papelaria,71,181,6,2,39.23
de23c3b98a88888289c6f5cc1209054a,SP,perfumaria,7,181,6,3,3.87
de23c3b98a88888289c6f5cc1209054a,SP,utilidades_domesticas,2,181,6,4,1.10
de23c3b98a88888289c6f5cc1209054a,SP,bebes,1,181,6,5,0.55
de23c3b98a88888289c6f5cc1209054a,SP,automotivo,1,181,6,6,0.55
0be8ff43f22e456b4e0371b2245e4d01,SP,esporte_lazer,69,180,13,1,38.33
0be8ff43f22e456b4e0371b2245e4d01,SP,malas_acessorios,33,180,13,2,18.33
0be8ff43f22e456b4e0371b2245e4d01,SP,utilidades_domesticas,25,180,13,3,13.89
0be8ff43f22e456b4e0371b2245e4d01,SP,cama_mesa_banho,12,180,13,4,6.67
0be8ff43f22e456b4e0371b2245e4d01,SP,papelaria,11,180,13,5,6.11
0be8ff43f22e456b4e0371b2245e4d01,SP,brinquedos,9,180,13,6,5.00
0be8ff43f22e456b4e0371b2245e4d01,SP,informatica_acessorios,6,180,13,7,3.33
0be8ff43f22e456b4e0371b2245e4d01,SP,fashion_esporte,5,180,13,8,2.78
0be8ff43f22e456b4e0371b2245e4d01,SP,fashion_bolsas_e_acessorios,4,180,13,9,2.22
0be8ff43f22e456b4e0371b2245e4d01,SP,relogios_presentes,3,180,13,10,1.67
0be8ff43f22e456b4e0371b2245e4d01,SP,moveis_colchao_e_estofado,1,180,13,11,0.56
0be8ff43f22e456b4e0371b2245e4d01,SP,automotivo,1,180,13,12,0.56
0be8ff43f22e456b4e0371b2245e4d01,SP,moveis_decoracao,1,180,13,13,0.56
522620dcb18a6b31cd7bdf73665113a9,PR,consoles_games,95,180,11,1,52.78
522620dcb18a6b31cd7bdf73665113a9,PR,informatica_acessorios,43,180,11,2,23.89
522620dcb18a6b31cd7bdf73665113a9,PR,relogios_presentes,21,180,11,3,11.67
522620dcb18a6b31cd7bdf73665113a9,PR,instrumentos_musicais,6,180,11,4,3.33
522620dcb18a6b31cd7bdf73665113a9,PR,musica,4,180,11,6,2.22
522620dcb18a6b31cd7bdf73665113a9,PR,esporte_lazer,4,180,11,5,2.22
522620dcb18a6b31cd7bdf73665113a9,PR,brinquedos,3,180,11,7,1.67
522620dcb18a6b31cd7bdf73665113a9,PR,telefonia_fixa,1,180,11,8,0.56
522620dcb18a6b31cd7bdf73665113a9,PR,automotivo,1,180,11,11,0.56
522620dcb18a6b31cd7bdf73665113a9,PR,audio,1,180,11,10,0.56
522620dcb18a6b31cd7bdf73665113a9,PR,dvds_blu_ray,1,180,11,9,0.56
8a32e327fe2c1b3511609d81aaf9f042,SP,moveis_decoracao,147,180,2,1,81.67
8a32e327fe2c1b3511609d81aaf9f042,SP,cama_mesa_banho,33,180,2,2,18.33
1a3df491d1c4f1589fc2b934ada68bf2,SC,cama_mesa_banho,178,178,1,1,100.00
6d66611d7c44cc30ce351abc49a68421,SP,instrumentos_musicais,98,176,6,1,55.68
6d66611d7c44cc30ce351abc49a68421,SP,esporte_lazer,35,176,6,2,19.89
6d66611d7c44cc30ce351abc49a68421,SP,pet_shop,19,176,6,3,10.80
6d66611d7c44cc30ce351abc49a68421,SP,automotivo,16,176,6,4,9.09
6d66611d7c44cc30ce351abc49a68421,SP,market_place,4,176,6,5,2.27
6d66611d7c44cc30ce351abc49a68421,SP,bebes,4,176,6,6,2.27
8f2ce03f928b567e3d56181ae20ae952,SP,esporte_lazer,175,175,1,1,100.00
edb1ef5e36e0c8cd84eb3c9b003e486d,RJ,beleza_saude,175,175,1,1,100.00
2c9e548be18521d1c43cde1c582c6de8,SP,papelaria,134,174,5,1,77.01
2c9e548be18521d1c43cde1c582c6de8,SP,brinquedos,25,174,5,2,14.37
2c9e548be18521d1c43cde1c582c6de8,SP,sinalizacao_e_seguranca,12,174,5,3,6.90
2c9e548be18521d1c43cde1c582c6de8,SP,automotivo,2,174,5,4,1.15
2c9e548be18521d1c43cde1c582c6de8,SP,artigos_de_festas,1,174,5,5,0.57
7e1fb0a3ebfb01ffb3a7dae98bf3238d,SP,beleza_saude,152,174,2,1,87.36
7e1fb0a3ebfb01ffb3a7dae98bf3238d,SP,esporte_lazer,22,174,2,2,12.64
2e1c9f22be269ef4643f826c9e650a52,SP,beleza_saude,103,173,3,1,59.54
2e1c9f22be269ef4643f826c9e650a52,SP,esporte_lazer,68,173,3,2,39.31
2e1c9f22be269ef4643f826c9e650a52,SP,automotivo,2,173,3,3,1.16
537eb890efff034a88679788b647c564,RJ,moveis_decoracao,59,173,10,1,34.10
537eb890efff034a88679788b647c564,RJ,cool_stuff,35,173,10,2,20.23
537eb890efff034a88679788b647c564,RJ,fashion_bolsas_e_acessorios,20,173,10,3,11.56
537eb890efff034a88679788b647c564,RJ,cama_mesa_banho,14,173,10,4,8.09
537eb890efff034a88679788b647c564,RJ,bebes,11,173,10,5,6.36
537eb890efff034a88679788b647c564,RJ,artigos_de_festas,8,173,10,7,4.62
537eb890efff034a88679788b647c564,RJ,esporte_lazer,8,173,10,6,4.62
537eb890efff034a88679788b647c564,RJ,utilidades_domesticas,7,173,10,8,4.05
537eb890efff034a88679788b647c564,RJ,artigos_de_natal,6,173,10,9,3.47
537eb890efff034a88679788b647c564,RJ,papelaria,5,173,10,10,2.89
00ee68308b45bc5e2660cd833c3f81cc,SP,cama_mesa_banho,150,172,2,1,87.21
00ee68308b45bc5e2660cd833c3f81cc,SP,moveis_colchao_e_estofado,22,172,2,2,12.79
1c68394e931a64f90ea236c5ea590300,PR,informatica_acessorios,155,171,2,1,90.64
1c68394e931a64f90ea236c5ea590300,PR,cool_stuff,16,171,2,2,9.36
b76dba6c951ab00dc4edf0a1aa88037e,SP,telefonia,123,169,3,1,72.78
b76dba6c951ab00dc4edf0a1aa88037e,SP,telefonia_fixa,42,169,3,2,24.85
b76dba6c951ab00dc4edf0a1aa88037e,SP,eletronicos,4,169,3,3,2.37
2a84855fd20af891be03bc5924d2b453,MG,papelaria,67,168,8,1,39.88
2a84855fd20af891be03bc5924d2b453,MG,beleza_saude,31,168,8,2,18.45
2a84855fd20af891be03bc5924d2b453,MG,cool_stuff,28,168,8,3,16.67
2a84855fd20af891be03bc5924d2b453,MG,malas_acessorios,26,168,8,4,15.48
2a84855fd20af891be03bc5924d2b453,MG,utilidades_domesticas,13,168,8,5,7.74
2a84855fd20af891be03bc5924d2b453,MG,automotivo,1,168,8,6,0.60
2a84855fd20af891be03bc5924d2b453,MG,perfumaria,1,168,8,7,0.60
2a84855fd20af891be03bc5924d2b453,MG,moveis_cozinha_area_de_servico_jantar_e_jardim,1,168,8,8,0.60
2528513dd95219a6013d4d05176e391a,SP,casa_conforto,95,167,3,1,56.89
2528513dd95219a6013d4d05176e391a,SP,cama_mesa_banho,68,167,3,2,40.72
2528513dd95219a6013d4d05176e391a,SP,moveis_cozinha_area_de_servico_jantar_e_jardim,4,167,3,3,2.40
259f7b5e6e482c230e5bfaa670b6bb8f,SP,cama_mesa_banho,156,165,2,1,94.55
259f7b5e6e482c230e5bfaa670b6bb8f,SP,ferramentas_jardim,9,165,2,2,5.45
b4ffb71f0cb1b1c3d63fad021ecf93e1,SP,automotivo,165,165,1,1,100.00
e5a3438891c0bfdb9394643f95273d8e,SP,fashion_bolsas_e_acessorios,165,165,1,1,100.00
ce27a3cc3c8cc1ea79d11e561e9bebb6,SP,consoles_games,40,164,11,1,24.39
ce27a3cc3c8cc1ea79d11e561e9bebb6,SP,informatica_acessorios,39,164,11,2,23.78
ce27a3cc3c8cc1ea79d11e561e9bebb6,SP,automotivo,22,164,11,3,13.41
ce27a3cc3c8cc1ea79d11e561e9bebb6,SP,cool_stuff,20,164,11,4,12.20
ce27a3cc3c8cc1ea79d11e561e9bebb6,SP,eletronicos,17,164,11,5,10.37
ce27a3cc3c8cc1ea79d11e561e9bebb6,SP,beleza_saude,16,164,11,6,9.76
ce27a3cc3c8cc1ea79d11e561e9bebb6,SP,tablets_impressao_imagem,3,164,11,7,1.83
ce27a3cc3c8cc1ea79d11e561e9bebb6,SP,esporte_lazer,2,164,11,10,1.22
ce27a3cc3c8cc1ea79d11e561e9bebb6,SP,telefonia_fixa,2,164,11,9,1.22
ce27a3cc3c8cc1ea79d11e561e9bebb6,SP,instrumentos_musicais,2,164,11,8,1.22
ce27a3cc3c8cc1ea79d11e561e9bebb6,SP,construcao_ferramentas_jardim,1,164,11,11,0.61
36a968b544695394e4e9d7572688598f,SP,informatica_acessorios,86,162,10,1,53.09
36a968b544695394e4e9d7572688598f,SP,beleza_saude,31,162,10,2,19.14
36a968b544695394e4e9d7572688598f,SP,automotivo,18,162,10,3,11.11
36a968b544695394e4e9d7572688598f,SP,telefonia,8,162,10,4,4.94
36a968b544695394e4e9d7572688598f,SP,cool_stuff,7,162,10,5,4.32
36a968b544695394e4e9d7572688598f,SP,instrumentos_musicais,5,162,10,6,3.09
36a968b544695394e4e9d7572688598f,SP,tablets_impressao_imagem,3,162,10,7,1.85
36a968b544695394e4e9d7572688598f,SP,consoles_games,2,162,10,8,1.23
36a968b544695394e4e9d7572688598f,SP,moveis_decoracao,1,162,10,10,0.62
36a968b544695394e4e9d7572688598f,SP,ferramentas_jardim,1,162,10,9,0.62
3c7c4a49ec3c6550809089c6a2ca9370,SP,perfumaria,160,160,1,1,100.00
76d5af76d0271110f9af36c92573f765,SP,esporte_lazer,103,159,7,1,64.78
76d5af76d0271110f9af36c92573f765,SP,pet_shop,30,159,7,2,18.87
76d5af76d0271110f9af36c92573f765,SP,casa_construcao,11,159,7,3,6.92
76d5af76d0271110f9af36c92573f765,SP,cool_stuff,5,159,7,4,3.14
76d5af76d0271110f9af36c92573f765,SP,ferramentas_jardim,5,159,7,5,3.14
76d5af76d0271110f9af36c92573f765,SP,construcao_ferramentas_iluminacao,4,159,7,6,2.52
76d5af76d0271110f9af36c92573f765,SP,construcao_ferramentas_jardim,1,159,7,7,0.63
004c9cd9d87a3c30c522c48c4fc07416,SP,cama_mesa_banho,158,158,1,1,100.00
5cf13accae3222c70a9cac40818ae839,MG,pet_shop,155,156,2,1,99.36
5cf13accae3222c70a9cac40818ae839,MG,eletroportateis,1,156,2,2,0.64
66922902710d126a0e7d26b0e3805106,MG,pet_shop,156,156,1,1,100.00
7008613ea464bad5cb9b83456e1e6a8f,SC,esporte_lazer,156,156,1,1,100.00
8b28d096634035667e8263d57ba3368c,SP,beleza_saude,69,155,14,1,44.52
8b28d096634035667e8263d57ba3368c,SP,utilidades_domesticas,31,155,14,2,20.00
8b28d096634035667e8263d57ba3368c,SP,telefonia,9,155,14,3,5.81
8b28d096634035667e8263d57ba3368c,SP,cool_stuff,9,155,14,4,5.81
8b28d096634035667e8263d57ba3368c,SP,esporte_lazer,7,155,14,5,4.52
8b28d096634035667e8263d57ba3368c,SP,moveis_decoracao,5,155,14,7,3.23
8b28d096634035667e8263d57ba3368c,SP,consoles_games,5,155,14,8,3.23
8b28d096634035667e8263d57ba3368c,SP,informatica_acessorios,5,155,14,6,3.23
8b28d096634035667e8263d57ba3368c,SP,ferramentas_jardim,4,155,14,10,2.58
8b28d096634035667e8263d57ba3368c,SP,bebes,4,155,14,9,2.58
8b28d096634035667e8263d57ba3368c,SP,eletroportateis,3,155,14,11,1.94
8b28d096634035667e8263d57ba3368c,SP,portateis_casa_forno_e_cafe,2,155,14,12,1.29
8b28d096634035667e8263d57ba3368c,SP,automotivo,1,155,14,13,0.65
8b28d096634035667e8263d57ba3368c,SP,eletronicos,1,155,14,14,0.65
b33e7c55446eabf8fe1a42d037ac7d6d,SP,relogios_presentes,133,155,5,1,85.81
b33e7c55446eabf8fe1a42d037ac7d6d,SP,audio,10,155,5,2,6.45
b33e7c55446eabf8fe1a42d037ac7d6d,SP,cool_stuff,9,155,5,3,5.81
b33e7c55446eabf8fe1a42d037ac7d6d,SP,esporte_lazer,2,155,5,4,1.29
b33e7c55446eabf8fe1a42d037ac7d6d,SP,automotivo,1,155,5,5,0.65
48436dade18ac8b2bce089ec2a041202,SP,cool_stuff,127,151,2,1,84.11
48436dade18ac8b2bce089ec2a041202,SP,brinquedos,24,151,2,2,15.89
44073f8b7e41514de3b7815dd0237f4f,DF,beleza_saude,49,150,14,1,32.67
44073f8b7e41514de3b7815dd0237f4f,DF,cool_stuff,34,150,14,2,22.67
44073f8b7e41514de3b7815dd0237f4f,DF,moveis_decoracao,23,150,14,3,15.33
44073f8b7e41514de3b7815dd0237f4f,DF,brinquedos,8,150,14,5,5.33
44073f8b7e41514de3b7815dd0237f4f,DF,informatica_acessorios,8,150,14,4,5.33
44073f8b7e41514de3b7815dd0237f4f,DF,ferramentas_jardim,7,150,14,6,4.67
44073f8b7e41514de3b7815dd0237f4f,DF,moveis_sala,7,150,14,7,4.67
44073f8b7e41514de3b7815dd0237f4f,DF,bebes,4,150,14,8,2.67
44073f8b7e41514de3b7815dd0237f4f,DF,fashion_calcados,2,150,14,9,1.33
44073f8b7e41514de3b7815dd0237f4f,DF,consoles_games,2,150,14,10,1.33
44073f8b7e41514de3b7815dd0237f4f,DF,eletronicos,2,150,14,11,1.33
44073f8b7e41514de3b7815dd0237f4f,DF,automotivo,2,150,14,12,1.33
44073f8b7e41514de3b7815dd0237f4f,DF,eletroportateis,1,150,14,14,0.67
44073f8b7e41514de3b7815dd0237f4f,DF,esporte_lazer,1,150,14,13,0.67
e9d99831abad74458942f21e16f33f92,SP,informatica_acessorios,94,149,4,1,63.09
e9d99831abad74458942f21e16f33f92,SP,eletronicos,51,149,4,2,34.23
e9d99831abad74458942f21e16f33f92,SP,tablets_impressao_imagem,3,149,4,3,2.01
e9d99831abad74458942f21e16f33f92,SP,telefonia,1,149,4,4,0.67
18a349e75d307f4b4cc646a691ed4216,SP,telefonia,29,148,17,1,19.59
18a349e75d307f4b4cc646a691ed4216,SP,informatica_acessorios,24,148,17,2,16.22
18a349e75d307f4b4cc646a691ed4216,SP,automotivo,19,148,17,3,12.84
18a349e75d307f4b4cc646a691ed4216,SP,cool_stuff,13,148,17,5,8.78
18a349e75d307f4b4cc646a691ed4216,SP,telefonia_fixa,13,148,17,4,8.78
18a349e75d307f4b4cc646a691ed4216,SP,construcao_ferramentas_seguranca,11,148,17,6,7.43
18a349e75d307f4b4cc646a691ed4216,SP,instrumentos_musicais,7,148,17,7,4.73
18a349e75d307f4b4cc646a691ed4216,SP,consoles_games,7,148,17,8,4.73
18a349e75d307f4b4cc646a691ed4216,SP,eletronicos,4,148,17,10,2.70
18a349e75d307f4b4cc646a691ed4216,SP,audio,4,148,17,11,2.70
18a349e75d307f4b4cc646a691ed4216,SP,cine_foto,4,148,17,9,2.70
18a349e75d307f4b4cc646a691ed4216,SP,construcao_ferramentas_construcao,3,148,17,13,2.03
18a349e75d307f4b4cc646a691ed4216,SP,moveis_decoracao,3,148,17,12,2.03
18a349e75d307f4b4cc646a691ed4216,SP,casa_construcao,3,148,17,14,2.03
18a349e75d307f4b4cc646a691ed4216,SP,climatizacao,2,148,17,15,1.35
18a349e75d307f4b4cc646a691ed4216,SP,ferramentas_jardim,1,148,17,16,0.68
18a349e75d307f4b4cc646a691ed4216,SP,esporte_lazer,1,148,17,17,0.68
229c3efbfb0ea2058de4ccdfbc3d784a,MG,informatica_acessorios,148,148,1,1,100.00
0bae85eb84b9fb3bd773911e89288d54,SP,utilidades_domesticas,77,146,13,1,52.74
0bae85eb84b9fb3bd773911e89288d54,SP,brinquedos,36,146,13,2,24.66
0bae85eb84b9fb3bd773911e89288d54,SP,papelaria,7,146,13,3,4.79
0bae85eb84b9fb3bd773911e89288d54,SP,esporte_lazer,6,146,13,4,4.11
0bae85eb84b9fb3bd773911e89288d54,SP,artes,5,146,13,5,3.42
0bae85eb84b9fb3bd773911e89288d54,SP,beleza_saude,3,146,13,6,2.05
0bae85eb84b9fb3bd773911e89288d54,SP,cama_mesa_banho,3,146,13,7,2.05
0bae85eb84b9fb3bd773911e89288d54,SP,relogios_presentes,2,146,13,10,1.37
0bae85eb84b9fb3bd773911e89288d54,SP,audio,2,146,13,9,1.37
0bae85eb84b9fb3bd773911e89288d54,SP,moveis_decoracao,2,146,13,8,1.37
0bae85eb84b9fb3bd773911e89288d54,SP,casa_construcao,1,146,13,13,0.68
0bae85eb84b9fb3bd773911e89288d54,SP,bebes,1,146,13,12,0.68
0bae85eb84b9fb3bd773911e89288d54,SP,ferramentas_jardim,1,146,13,11,0.68
6cd68b3ed6d59aaa9fece558ad360c0a,MG,malas_acessorios,101,146,4,1,69.18
6cd68b3ed6d59aaa9fece558ad360c0a,MG,papelaria,35,146,4,2,23.97
6cd68b3ed6d59aaa9fece558ad360c0a,MG,utilidades_domesticas,7,146,4,3,4.79
6cd68b3ed6d59aaa9fece558ad360c0a,MG,esporte_lazer,3,146,4,4,2.05
a673821011d0cec28146ea42f5ab767f,SP,cama_mesa_banho,107,146,7,1,73.29
a673821011d0cec28146ea42f5ab767f,SP,brinquedos,29,146,7,2,19.86
a673821011d0cec28146ea42f5ab767f,SP,pet_shop,3,146,7,4,2.05
a673821011d0cec28146ea42f5ab767f,SP,relogios_presentes,3,146,7,3,2.05
a673821011d0cec28146ea42f5ab767f,SP,utilidades_domesticas,2,146,7,5,1.37
a673821011d0cec28146ea42f5ab767f,SP,beleza_saude,1,146,7,7,0.68
a673821011d0cec28146ea42f5ab767f,SP,moveis_cozinha_area_de_servico_jantar_e_jardim,1,146,7,6,0.68
db4350fd57ae30082dec7acbaacc17f9,SP,telefonia,129,146,5,1,88.36
db4350fd57ae30082dec7acbaacc17f9,SP,beleza_saude,9,146,5,2,6.16
db4350fd57ae30082dec7acbaacc17f9,SP,audio,3,146,5,3,2.05
db4350fd57ae30082dec7acbaacc17f9,SP,esporte_lazer,3,146,5,4,2.05
db4350fd57ae30082dec7acbaacc17f9,SP,consoles_games,2,146,5,5,1.37
17a053fcb14bd219540cbde0df490be0,SP,moveis_escritorio,144,144,1,1,100.00
a3e9a2c700480d9bb01fba070ba80a0e,SP,cama_mesa_banho,141,144,2,1,97.92
a3e9a2c700480d9bb01fba070ba80a0e,SP,alimentos,3,144,2,2,2.08
7722b1df1b0e383e000397b2c11e3e19,SP,utilidades_domesticas,102,143,8,1,71.33
7722b1df1b0e383e000397b2c11e3e19,SP,moveis_decoracao,33,143,8,2,23.08
7722b1df1b0e383e000397b2c11e3e19,SP,relogios_presentes,2,143,8,4,1.40
7722b1df1b0e383e000397b2c11e3e19,SP,beleza_saude,2,143,8,3,1.40
7722b1df1b0e383e000397b2c11e3e19,SP,eletroportateis,1,143,8,5,0.70
7722b1df1b0e383e000397b2c11e3e19,SP,fashion_bolsas_e_acessorios,1,143,8,8,0.70
7722b1df1b0e383e000397b2c11e3e19,SP,perfumaria,1,143,8,6,0.70
7722b1df1b0e383e000397b2c11e3e19,SP,market_place,1,143,8,7,0.70
79ebd9a61bac3eaf882805ed4ecfa12a,PR,moveis_decoracao,143,143,1,1,100.00
0adac9fbd9a2b63cccaac4f8756c1ca8,SP,utilidades_domesticas,114,142,5,1,80.28
0adac9fbd9a2b63cccaac4f8756c1ca8,SP,eletrodomesticos,10,142,5,2,7.04
0adac9fbd9a2b63cccaac4f8756c1ca8,SP,moveis_decoracao,9,142,5,3,6.34
0adac9fbd9a2b63cccaac4f8756c1ca8,SP,market_place,8,142,5,4,5.63
0adac9fbd9a2b63cccaac4f8756c1ca8,SP,papelaria,1,142,5,5,0.70
710e3548e02bc1d2831dfc4f1b5b14d4,PR,moveis_decoracao,79,142,9,1,55.63
710e3548e02bc1d2831dfc4f1b5b14d4,PR,informatica_acessorios,30,142,9,2,21.13
710e3548e02bc1d2831dfc4f1b5b14d4,PR,pet_shop,11,142,9,3,7.75
710e3548e02bc1d2831dfc4f1b5b14d4,PR,automotivo,9,142,9,4,6.34
710e3548e02bc1d2831dfc4f1b5b14d4,PR,esporte_lazer,4,142,9,5,2.82
710e3548e02bc1d2831dfc4f1b5b14d4,PR,relogios_presentes,3,142,9,6,2.11
710e3548e02bc1d2831dfc4f1b5b14d4,PR,construcao_ferramentas_jardim,2,142,9,7,1.41
710e3548e02bc1d2831dfc4f1b5b14d4,PR,market_place,2,142,9,9,1.41
710e3548e02bc1d2831dfc4f1b5b14d4,PR,eletronicos,2,142,9,8,1.41
1e8b33f18b4f7598d87f5cbee2282cc2,SP,cama_mesa_banho,140,140,1,1,100.00
ef0ace09169ac090589d85746e3e036f,RJ,perfumaria,120,140,2,1,85.71
ef0ace09169ac090589d85746e3e036f,RJ,beleza_saude,20,140,2,2,14.29
c9c7905cffc4ef9ff9f113554423e671,SP,telefonia,45,139,9,1,32.37
c9c7905cffc4ef9ff9f113554423e671,SP,esporte_lazer,30,139,9,2,21.58
c9c7905cffc4ef9ff9f113554423e671,SP,eletronicos,26,139,9,3,18.71
c9c7905cffc4ef9ff9f113554423e671,SP,automotivo,25,139,9,4,17.99
c9c7905cffc4ef9ff9f113554423e671,SP,papelaria,7,139,9,5,5.04
c9c7905cffc4ef9ff9f113554423e671,SP,audio,2,139,9,6,1.44
c9c7905cffc4ef9ff9f113554423e671,SP,ferramentas_jardim,2,139,9,7,1.44
c9c7905cffc4ef9ff9f113554423e671,SP,portateis_casa_forno_e_cafe,1,139,9,9,0.72
c9c7905cffc4ef9ff9f113554423e671,SP,informatica_acessorios,1,139,9,8,0.72
aac29b1b99776be73c3049939652091d,MG,cool_stuff,59,138,7,1,42.75
aac29b1b99776be73c3049939652091d,MG,ferramentas_jardim,45,138,7,2,32.61
aac29b1b99776be73c3049939652091d,MG,utilidades_domesticas,16,138,7,3,11.59
aac29b1b99776be73c3049939652091d,MG,eletronicos,11,138,7,4,7.97
aac29b1b99776be73c3049939652091d,MG,moveis_decoracao,4,138,7,5,2.90
aac29b1b99776be73c3049939652091d,MG,moveis_sala,2,138,7,6,1.45
aac29b1b99776be73c3049939652091d,MG,moveis_cozinha_area_de_servico_jantar_e_jardim,1,138,7,7,0.72
ca3bd7cd9f149df75950150d010fe4a2,SP,utilidades_domesticas,134,138,2,1,97.10
ca3bd7cd9f149df75950150d010fe4a2,SP,moveis_decoracao,4,138,2,2,2.90
0db783cfcd3b73998abc6e10e59a102f,SP,telefonia,59,137,5,1,43.07
0db783cfcd3b73998abc6e10e59a102f,SP,tablets_impressao_imagem,53,137,5,2,38.69
0db783cfcd3b73998abc6e10e59a102f,SP,informatica_acessorios,22,137,5,3,16.06
0db783cfcd3b73998abc6e10e59a102f,SP,cool_stuff,2,137,5,4,1.46
0db783cfcd3b73998abc6e10e59a102f,SP,automotivo,1,137,5,5,0.73
2e90cb1677d35cfe24eef47d441b7c87,SP,eletronicos,86,137,3,1,62.77
2e90cb1677d35cfe24eef47d441b7c87,SP,cool_stuff,34,137,3,2,24.82
2e90cb1677d35cfe24eef47d441b7c87,SP,pet_shop,17,137,3,3,12.41
640e21a7d01df7614a3b4923e990d40c,SP,cama_mesa_banho,137,137,1,1,100.00
00fc707aaaad2d31347cf883cd2dfe10,PR,informatica_acessorios,135,135,1,1,100.00
12b9676b00f60f3b700e83af21824c0e,RS,cool_stuff,132,135,3,1,97.78
12b9676b00f60f3b700e83af21824c0e,RS,bebes,2,135,3,2,1.48
12b9676b00f60f3b700e83af21824c0e,RS,informatica_acessorios,1,135,3,3,0.74
6a8b085f816a1f75f92dbac6eb545f8f,SP,automotivo,135,135,1,1,100.00
59b22a78efb79a4797979612b885db36,MG,utilidades_domesticas,90,133,4,1,67.67
59b22a78efb79a4797979612b885db36,MG,construcao_ferramentas_construcao,41,133,4,2,30.83
59b22a78efb79a4797979612b885db36,MG,brinquedos,1,133,4,4,0.75
59b22a78efb79a4797979612b885db36,MG,telefonia,1,133,4,3,0.75
1127b7f2594683f2510f1c2c834a486b,SP,ferramentas_jardim,124,132,4,1,93.94
1127b7f2594683f2510f1c2c834a486b,SP,construcao_ferramentas_jardim,6,132,4,2,4.55
1127b7f2594683f2510f1c2c834a486b,SP,moveis_decoracao,1,132,4,4,0.76
1127b7f2594683f2510f1c2c834a486b,SP,automotivo,1,132,4,3,0.76
42b729f859728f5079499127a9c2ef37,SP,beleza_saude,98,132,4,1,74.24
42b729f859728f5079499127a9c2ef37,SP,cama_mesa_banho,24,132,4,2,18.18
42b729f859728f5079499127a9c2ef37,SP,moveis_decoracao,5,132,4,3,3.79
42b729f859728f5079499127a9c2ef37,SP,perfumaria,5,132,4,4,3.79
cd68562d3f44870c08922d380acae552,SP,esporte_lazer,48,132,9,1,36.36
cd68562d3f44870c08922d380acae552,SP,telefonia,21,132,9,2,15.91
cd68562d3f44870c08922d380acae552,SP,eletronicos,18,132,9,3,13.64
cd68562d3f44870c08922d380acae552,SP,sinalizacao_e_seguranca,11,132,9,5,8.33
cd68562d3f44870c08922d380acae552,SP,cool_stuff,11,132,9,4,8.33
cd68562d3f44870c08922d380acae552,SP,perfumaria,9,132,9,6,6.82
cd68562d3f44870c08922d380acae552,SP,bebes,8,132,9,7,6.06
cd68562d3f44870c08922d380acae552,SP,brinquedos,3,132,9,9,2.27
cd68562d3f44870c08922d380acae552,SP,beleza_saude,3,132,9,8,2.27
01fdefa7697d26ad920e9e0346d4bd1b,PR,beleza_saude,131,131,1,1,100.00
aafe36600ce604f205b86b5084d3d767,SC,bebes,103,131,4,1,78.63
aafe36600ce604f205b86b5084d3d767,SC,market_place,20,131,4,2,15.27
aafe36600ce604f205b86b5084d3d767,SC,cool_stuff,5,131,4,3,3.82
aafe36600ce604f205b86b5084d3d767,SC,cama_mesa_banho,3,131,4,4,2.29
b2479f944e1b90cf8a5de1bbfde284d6,SP,cama_mesa_banho,126,131,3,1,96.18
b2479f944e1b90cf8a5de1bbfde284d6,SP,cool_stuff,4,131,3,2,3.05
b2479f944e1b90cf8a5de1bbfde284d6,SP,bebes,1,131,3,3,0.76
080102cd0a76b09e0dcf55fcacc60e05,MG,informatica_acessorios,96,130,5,1,73.85
080102cd0a76b09e0dcf55fcacc60e05,MG,consoles_games,28,130,5,2,21.54
080102cd0a76b09e0dcf55fcacc60e05,MG,eletrodomesticos,4,130,5,3,3.08
080102cd0a76b09e0dcf55fcacc60e05,MG,brinquedos,1,130,5,4,0.77
080102cd0a76b09e0dcf55fcacc60e05,MG,eletronicos,1,130,5,5,0.77
609e1a9a6c2539919b8205cf7c4e6ff0,SC,cama_mesa_banho,128,130,3,1,98.46
609e1a9a6c2539919b8205cf7c4e6ff0,SC,bebes,1,130,3,3,0.77
609e1a9a6c2539919b8205cf7c4e6ff0,SC,pet_shop,1,130,3,2,0.77
8e6d7754bc7e0f22c96d255ebda59eba,SP,informatica_acessorios,130,130,1,1,100.00
17ca9b9e9b9ef8fdb529001b49ebb50f,MG,cama_mesa_banho,85,129,4,1,65.89
17ca9b9e9b9ef8fdb529001b49ebb50f,MG,utilidades_domesticas,24,129,4,2,18.60
17ca9b9e9b9ef8fdb529001b49ebb50f,MG,moveis_decoracao,11,129,4,3,8.53
17ca9b9e9b9ef8fdb529001b49ebb50f,MG,papelaria,9,129,4,4,6.98
febab0275244b9a49a623f0bd613ca2f,SP,utilidades_domesticas,123,129,3,1,95.35
febab0275244b9a49a623f0bd613ca2f,SP,instrumentos_musicais,4,129,3,2,3.10
febab0275244b9a49a623f0bd613ca2f,SP,moveis_cozinha_area_de_servico_jantar_e_jardim,2,129,3,3,1.55
59fb871bf6f4522a87ba567b42dafecf,SP,beleza_saude,95,128,6,1,74.22
59fb871bf6f4522a87ba567b42dafecf,SP,cool_stuff,13,128,6,2,10.16
59fb871bf6f4522a87ba567b42dafecf,SP,eletroportateis,9,128,6,3,7.03
59fb871bf6f4522a87ba567b42dafecf,SP,papelaria,5,128,6,4,3.91
59fb871bf6f4522a87ba567b42dafecf,SP,brinquedos,3,128,6,6,2.34
59fb871bf6f4522a87ba567b42dafecf,SP,telefonia,3,128,6,5,2.34
6c7d50c24b3ccd2fd83b44d8bb34e073,SP,moveis_decoracao,107,128,2,1,83.59
6c7d50c24b3ccd2fd83b44d8bb34e073,SP,moveis_cozinha_area_de_servico_jantar_e_jardim,21,128,2,2,16.41
c33847515fa6305ce6feb1e818569f13,SC,cama_mesa_banho,127,128,2,1,99.22
c33847515fa6305ce6feb1e818569f13,SC,fashion_roupa_masculina,1,128,2,2,0.78
f80edd2c5aaa505cc4b0a3b219abf4b8,SP,moveis_cozinha_area_de_servico_jantar_e_jardim,62,128,6,1,48.44
f80edd2c5aaa505cc4b0a3b219abf4b8,SP,construcao_ferramentas_jardim,44,128,6,2,34.38
f80edd2c5aaa505cc4b0a3b219abf4b8,SP,cama_mesa_banho,9,128,6,3,7.03
f80edd2c5aaa505cc4b0a3b219abf4b8,SP,esporte_lazer,6,128,6,4,4.69
f80edd2c5aaa505cc4b0a3b219abf4b8,SP,casa_conforto,5,128,6,5,3.91
f80edd2c5aaa505cc4b0a3b219abf4b8,SP,construcao_ferramentas_construcao,2,128,6,6,1.56
289cdb325fb7e7f891c38608bf9e0962,SP,perfumaria,116,126,4,1,92.06
289cdb325fb7e7f891c38608bf9e0962,SP,beleza_saude,8,126,4,2,6.35
289cdb325fb7e7f891c38608bf9e0962,SP,musica,1,126,4,4,0.79
289cdb325fb7e7f891c38608bf9e0962,SP,pet_shop,1,126,4,3,0.79
33a6f4b1e7cdc205511e76ba1b6e0186,SP,cama_mesa_banho,115,126,2,1,91.27
33a6f4b1e7cdc205511e76ba1b6e0186,SP,bebes,11,126,2,2,8.73
431af27f296bc6519d890aa5a05fdb11,SP,beleza_saude,125,125,1,1,100.00
e5a38146df062edaf55c38afa99e42dc,SP,utilidades_domesticas,44,125,9,1,35.20
e5a38146df062edaf55c38afa99e42dc,SP,beleza_saude,43,125,9,2,34.40
e5a38146df062edaf55c38afa99e42dc,SP,moveis_decoracao,24,125,9,3,19.20
e5a38146df062edaf55c38afa99e42dc,SP,ferramentas_jardim,8,125,9,4,6.40
e5a38146df062edaf55c38afa99e42dc,SP,pet_shop,2,125,9,5,1.60
e5a38146df062edaf55c38afa99e42dc,SP,cool_stuff,1,125,9,7,0.80
e5a38146df062edaf55c38afa99e42dc,SP,eletroportateis,1,125,9,6,0.80
e5a38146df062edaf55c38afa99e42dc,SP,cama_mesa_banho,1,125,9,8,0.80
e5a38146df062edaf55c38afa99e42dc,SP,automotivo,1,125,9,9,0.80
c31eff8334d6b3047ed34bebd4d62c36,SP,artes,107,123,2,1,86.99
c31eff8334d6b3047ed34bebd4d62c36,SP,moveis_decoracao,16,123,2,2,13.01
dd7ddc04e1b6c2c614352b383efe2d36,SP,pet_shop,122,122,1,1,100.00
3b15288545f8928d3e65a8f949a28291,SP,cama_mesa_banho,118,121,3,1,97.52
3b15288545f8928d3e65a8f949a28291,SP,casa_conforto_2,2,121,3,2,1.65
3b15288545f8928d3e65a8f949a28291,SP,construcao_ferramentas_jardim,1,121,3,3,0.83
b1fc4f64df5a0e8b6913ab38803c57a9,RJ,relogios_presentes,121,121,1,1,100.00
f5a590cf36251cf1162ea35bef76fe84,SP,instrumentos_musicais,106,119,3,1,89.08
f5a590cf36251cf1162ea35bef76fe84,SP,cool_stuff,11,119,3,2,9.24
f5a590cf36251cf1162ea35bef76fe84,SP,market_place,2,119,3,3,1.68
8c16d1f32a54d92897cc437244442e1b,SC,informatica_acessorios,87,118,8,1,73.73
8c16d1f32a54d92897cc437244442e1b,SC,moveis_escritorio,9,118,8,2,7.63
8c16d1f32a54d92897cc437244442e1b,SC,utilidades_domesticas,8,118,8,3,6.78
8c16d1f32a54d92897cc437244442e1b,SC,artes,6,118,8,4,5.08
8c16d1f32a54d92897cc437244442e1b,SC,automotivo,4,118,8,5,3.39
8c16d1f32a54d92897cc437244442e1b,SC,sinalizacao_e_seguranca,2,118,8,6,1.69
8c16d1f32a54d92897cc437244442e1b,SC,market_place,1,118,8,8,0.85
8c16d1f32a54d92897cc437244442e1b,SC,beleza_saude,1,118,8,7,0.85
bfd27a966d91cfaafdb25d076585f0da,SP,brinquedos,36,118,6,1,30.51
bfd27a966d91cfaafdb25d076585f0da,SP,malas_acessorios,22,118,6,3,18.64
bfd27a966d91cfaafdb25d076585f0da,SP,papelaria,22,118,6,2,18.64
bfd27a966d91cfaafdb25d076585f0da,SP,cool_stuff,17,118,6,4,14.41
bfd27a966d91cfaafdb25d076585f0da,SP,bebes,15,118,6,5,12.71
bfd27a966d91cfaafdb25d076585f0da,SP,alimentos,6,118,6,6,5.08
dbb9b48c841a0e39e21f98e1a6b2ec3e,SP,utilidades_domesticas,44,118,10,1,37.29
dbb9b48c841a0e39e21f98e1a6b2ec3e,SP,moveis_decoracao,24,118,10,2,20.34
dbb9b48c841a0e39e21f98e1a6b2ec3e,SP,fashion_bolsas_e_acessorios,11,118,10,3,9.32
dbb9b48c841a0e39e21f98e1a6b2ec3e,SP,brinquedos,10,118,10,4,8.47
dbb9b48c841a0e39e21f98e1a6b2ec3e,SP,cool_stuff,9,118,10,5,7.63
dbb9b48c841a0e39e21f98e1a6b2ec3e,SP,artigos_de_festas,8,118,10,6,6.78
dbb9b48c841a0e39e21f98e1a6b2ec3e,SP,papelaria,7,118,10,7,5.93
dbb9b48c841a0e39e21f98e1a6b2ec3e,SP,cama_mesa_banho,2,118,10,9,1.69
dbb9b48c841a0e39e21f98e1a6b2ec3e,SP,fashion_roupa_infanto_juvenil,2,118,10,8,1.69
dbb9b48c841a0e39e21f98e1a6b2ec3e,SP,audio,1,118,10,10,0.85
1b4c3a6f53068f0b6944d2d005c9fc89,SC,utilidades_domesticas,61,117,9,1,52.14
1b4c3a6f53068f0b6944d2d005c9fc89,SC,telefonia,32,117,9,2,27.35
1b4c3a6f53068f0b6944d2d005c9fc89,SC,papelaria,7,117,9,3,5.98
1b4c3a6f53068f0b6944d2d005c9fc89,SC,construcao_ferramentas_jardim,5,117,9,4,4.27
1b4c3a6f53068f0b6944d2d005c9fc89,SC,ferramentas_jardim,4,117,9,5,3.42
1b4c3a6f53068f0b6944d2d005c9fc89,SC,beleza_saude,3,117,9,7,2.56
1b4c3a6f53068f0b6944d2d005c9fc89,SC,informatica_acessorios,3,117,9,6,2.56
1b4c3a6f53068f0b6944d2d005c9fc89,SC,perfumaria,1,117,9,8,0.85
1b4c3a6f53068f0b6944d2d005c9fc89,SC,esporte_lazer,1,117,9,9,0.85
25e6ffe976bd75618accfe16cefcbd0d,SP,brinquedos,84,117,6,1,71.79
25e6ffe976bd75618accfe16cefcbd0d,SP,cool_stuff,16,117,6,2,13.68
25e6ffe976bd75618accfe16cefcbd0d,SP,bebes,11,117,6,3,9.40
25e6ffe976bd75618accfe16cefcbd0d,SP,fashion_bolsas_e_acessorios,4,117,6,4,3.42
25e6ffe976bd75618accfe16cefcbd0d,SP,utilidades_domesticas,1,117,6,5,0.85
25e6ffe976bd75618accfe16cefcbd0d,SP,livros_interesse_geral,1,117,6,6,0.85
6973a06f484aacf400ece213dbf3d946,SP,informatica_acessorios,115,115,1,1,100.00
729f06993dac8e860d4f02d7088ca48a,SP,utilidades_domesticas,88,115,2,1,76.52
729f06993dac8e860d4f02d7088ca48a,SP,pet_shop,27,115,2,2,23.48
70eea00b476a314817cefde4aad4f89a,SP,esporte_lazer,93,114,6,1,81.58
70eea00b476a314817cefde4aad4f89a,SP,utilidades_domesticas,9,114,6,2,7.89
70eea00b476a314817cefde4aad4f89a,SP,ferramentas_jardim,5,114,6,4,4.39
70eea00b476a314817cefde4aad4f89a,SP,moveis_cozinha_area_de_servico_jantar_e_jardim,5,114,6,3,4.39
70eea00b476a314817cefde4aad4f89a,SP,cool_stuff,1,114,6,6,0.88
70eea00b476a314817cefde4aad4f89a,SP,construcao_ferramentas_iluminacao,1,114,6,5,0.88
8e6cc767478edae941d9bd9eb778d77a,MG,utilidades_domesticas,113,114,2,1,99.12
8e6cc767478edae941d9bd9eb778d77a,MG,moveis_decoracao,1,114,2,2,0.88
dd2bdf855a9172734fbc3744021ae9b9,MG,cama_mesa_banho,87,113,8,1,76.99
dd2bdf855a9172734fbc3744021ae9b9,MG,informatica_acessorios,10,113,8,2,8.85
dd2bdf855a9172734fbc3744021ae9b9,MG,utilidades_domesticas,8,113,8,3,7.08
dd2bdf855a9172734fbc3744021ae9b9,MG,moveis_decoracao,3,113,8,4,2.65
dd2bdf855a9172734fbc3744021ae9b9,MG,esporte_lazer,2,113,8,5,1.77
dd2bdf855a9172734fbc3744021ae9b9,MG,eletroportateis,1,113,8,7,0.88
dd2bdf855a9172734fbc3744021ae9b9,MG,construcao_ferramentas_jardim,1,113,8,6,0.88
dd2bdf855a9172734fbc3744021ae9b9,MG,industria_comercio_e_negocios,1,113,8,8,0.88
f4aba7c0bca51484c30ab7bdc34bcdd1,SP,beleza_saude,112,113,2,1,99.12
f4aba7c0bca51484c30ab7bdc34bcdd1,SP,esporte_lazer,1,113,2,2,0.88
4371b634e0efc0e22b09b52907d9d469,SP,esporte_lazer,65,112,4,1,58.04
4371b634e0efc0e22b09b52907d9d469,SP,beleza_saude,40,112,4,2,35.71
4371b634e0efc0e22b09b52907d9d469,SP,alimentos,5,112,4,3,4.46
4371b634e0efc0e22b09b52907d9d469,SP,bebidas,2,112,4,4,1.79
701938c450705b8ae65fc923b70f35c7,SP,moveis_sala,106,112,2,1,94.64
701938c450705b8ae65fc923b70f35c7,SP,moveis_escritorio,6,112,2,2,5.36
aaed1309374718fdd995ee4c58c9dfcd,SC,esporte_lazer,61,112,5,1,54.46
aaed1309374718fdd995ee4c58c9dfcd,SC,fashion_roupa_masculina,33,112,5,2,29.46
aaed1309374718fdd995ee4c58c9dfcd,SC,fashion_bolsas_e_acessorios,14,112,5,3,12.50
aaed1309374718fdd995ee4c58c9dfcd,SC,fashion_esporte,2,112,5,5,1.79
aaed1309374718fdd995ee4c58c9dfcd,SC,fashion_roupa_feminina,2,112,5,4,1.79
5343d0649eca2a983820bfe93fc4d17e,SP,moveis_decoracao,111,111,1,1,100.00
b14db04aa7881970e83ffa9426897925,SP,moveis_decoracao,96,111,2,1,86.49
b14db04aa7881970e83ffa9426897925,SP,ferramentas_jardim,15,111,2,2,13.51
282f23a9769b2690c5dda22e316f9941,MG,alimentos_bebidas,57,110,6,1,51.82
282f23a9769b2690c5dda22e316f9941,MG,ferramentas_jardim,24,110,6,2,21.82
282f23a9769b2690c5dda22e316f9941,MG,utilidades_domesticas,12,110,6,3,10.91
282f23a9769b2690c5dda22e316f9941,MG,pet_shop,9,110,6,4,8.18
282f23a9769b2690c5dda22e316f9941,MG,industria_comercio_e_negocios,7,110,6,5,6.36
282f23a9769b2690c5dda22e316f9941,MG,construcao_ferramentas_jardim,1,110,6,6,0.91
612170e34b97004b3ba37eae81836b4c,RS,relogios_presentes,25,110,12,1,22.73
612170e34b97004b3ba37eae81836b4c,RS,eletronicos,17,110,12,2,15.45
612170e34b97004b3ba37eae81836b4c,RS,cool_stuff,13,110,12,4,11.82
612170e34b97004b3ba37eae81836b4c,RS,consoles_games,13,110,12,3,11.82
612170e34b97004b3ba37eae81836b4c,RS,informatica_acessorios,10,110,12,5,9.09
612170e34b97004b3ba37eae81836b4c,RS,telefonia,9,110,12,6,8.18
612170e34b97004b3ba37eae81836b4c,RS,sinalizacao_e_seguranca,9,110,12,7,8.18
612170e34b97004b3ba37eae81836b4c,RS,telefonia_fixa,7,110,12,8,6.36
612170e34b97004b3ba37eae81836b4c,RS,bebes,3,110,12,9,2.73
612170e34b97004b3ba37eae81836b4c,RS,papelaria,2,110,12,10,1.82
612170e34b97004b3ba37eae81836b4c,RS,esporte_lazer,1,110,12,11,0.91
612170e34b97004b3ba37eae81836b4c,RS,perfumaria,1,110,12,12,0.91
d94a40fd42351c259927028d163af842,MG,utilidades_domesticas,106,110,2,1,96.36
d94a40fd42351c259927028d163af842,MG,moveis_decoracao,4,110,2,2,3.64
8444e55c1f13cd5c179851e5ca5ebd00,MG,perfumaria,31,109,12,1,28.44
8444e55c1f13cd5c179851e5ca5ebd00,MG,cool_stuff,22,109,12,2,20.18
8444e55c1f13cd5c179851e5ca5ebd00,MG,beleza_saude,10,109,12,3,9.17
8444e55c1f13cd5c179851e5ca5ebd00,MG,brinquedos,9,109,12,6,8.26
8444e55c1f13cd5c179851e5ca5ebd00,MG,relogios_presentes,9,109,12,4,8.26
8444e55c1f13cd5c179851e5ca5ebd00,MG,bebes,9,109,12,5,8.26
8444e55c1f13cd5c179851e5ca5ebd00,MG,telefonia,6,109,12,7,5.50
8444e55c1f13cd5c179851e5ca5ebd00,MG,fashion_bolsas_e_acessorios,5,109,12,8,4.59
8444e55c1f13cd5c179851e5ca5ebd00,MG,automotivo,3,109,12,9,2.75
8444e55c1f13cd5c179851e5ca5ebd00,MG,consoles_games,2,109,12,10,1.83
8444e55c1f13cd5c179851e5ca5ebd00,MG,bebidas,2,109,12,11,1.83
8444e55c1f13cd5c179851e5ca5ebd00,MG,papelaria,1,109,12,12,0.92
822166ed1e47908f7cfb49946d03c726,RJ,cama_mesa_banho,100,108,3,1,92.59
822166ed1e47908f7cfb49946d03c726,RJ,moveis_decoracao,7,108,3,2,6.48
822166ed1e47908f7cfb49946d03c726,RJ,utilidades_domesticas,1,108,3,3,0.93
d6b1ce66b035a475f00c017792ff9769,SP,construcao_ferramentas_iluminacao,76,108,3,1,70.37
d6b1ce66b035a475f00c017792ff9769,SP,moveis_decoracao,31,108,3,2,28.70
d6b1ce66b035a475f00c017792ff9769,SP,casa_construcao,1,108,3,3,0.93
8a432f4e5b471f8da497d7dc517666e2,SP,cama_mesa_banho,87,106,3,1,82.08
8a432f4e5b471f8da497d7dc517666e2,SP,utilidades_domesticas,13,106,3,2,12.26
8a432f4e5b471f8da497d7dc517666e2,SP,bebes,6,106,3,3,5.66
a49928bcdf77c55c6d6e05e09a9b4ca5,SP,brinquedos,91,106,3,1,85.85
a49928bcdf77c55c6d6e05e09a9b4ca5,SP,fashion_underwear_e_moda_praia,12,106,3,2,11.32
a49928bcdf77c55c6d6e05e09a9b4ca5,SP,utilidades_domesticas,3,106,3,3,2.83
d20b021d3efdf267a402c402a48ea64b,SP,moveis_decoracao,101,106,3,1,95.28
d20b021d3efdf267a402c402a48ea64b,SP,cama_mesa_banho,4,106,3,2,3.77
d20b021d3efdf267a402c402a48ea64b,SP,casa_conforto,1,106,3,3,0.94
530ec6109d11eaaf87999465c6afee01,PR,esporte_lazer,90,104,6,1,86.54
530ec6109d11eaaf87999465c6afee01,PR,utilidades_domesticas,9,104,6,2,8.65
530ec6109d11eaaf87999465c6afee01,PR,cool_stuff,2,104,6,3,1.92
530ec6109d11eaaf87999465c6afee01,PR,beleza_saude,1,104,6,4,0.96
530ec6109d11eaaf87999465c6afee01,PR,informatica_acessorios,1,104,6,6,0.96
530ec6109d11eaaf87999465c6afee01,PR,cama_mesa_banho,1,104,6,5,0.96
7ea5bfa6c340f58f8e71fc1f0412b0d6,MG,bebes,96,104,3,1,92.31
7ea5bfa6c340f58f8e71fc1f0412b0d6,MG,cool_stuff,7,104,3,2,6.73
7ea5bfa6c340f58f8e71fc1f0412b0d6,MG,brinquedos,1,104,3,3,0.96
827f8f69dfa529c561901c4f2e0f332f,PR,fashion_calcados,76,104,7,1,73.08
827f8f69dfa529c561901c4f2e0f332f,PR,bebes,21,104,7,2,20.19
827f8f69dfa529c561901c4f2e0f332f,PR,brinquedos,2,104,7,4,1.92
827f8f69dfa529c561901c4f2e0f332f,PR,moveis_decoracao,2,104,7,3,1.92
827f8f69dfa529c561901c4f2e0f332f,PR,fashion_roupa_feminina,1,104,7,5,0.96
827f8f69dfa529c561901c4f2e0f332f,PR,fashion_esporte,1,104,7,7,0.96
827f8f69dfa529c561901c4f2e0f332f,PR,market_place,1,104,7,6,0.96
ac3508719a1d8f5b7614b798f70af136,RS,brinquedos,83,104,4,1,79.81
ac3508719a1d8f5b7614b798f70af136,RS,papelaria,17,104,4,2,16.35
ac3508719a1d8f5b7614b798f70af136,RS,cama_mesa_banho,3,104,4,3,2.88
ac3508719a1d8f5b7614b798f70af136,RS,bebes,1,104,4,4,0.96
ececbfcff9804a2d6b40f589df8eef2b,SP,beleza_saude,69,104,3,1,66.35
ececbfcff9804a2d6b40f589df8eef2b,SP,relogios_presentes,34,104,3,2,32.69
ececbfcff9804a2d6b40f589df8eef2b,SP,brinquedos,1,104,3,3,0.96
11bfa66332777660bd0640ee84d47006,SP,beleza_saude,54,102,2,1,52.94
11bfa66332777660bd0640ee84d47006,SP,perfumaria,48,102,2,2,47.06
f84fa566034f5e8e880a07ec624c56af,SP,beleza_saude,91,102,3,1,89.22
f84fa566034f5e8e880a07ec624c56af,SP,perfumaria,8,102,3,2,7.84
f84fa566034f5e8e880a07ec624c56af,SP,automotivo,3,102,3,3,2.94
3df020b72d3d44b3af9d110fa3940b65,SP,moveis_decoracao,101,101,1,1,100.00
688756f717c462a206ad854c5027a64a,SP,utilidades_domesticas,91,101,5,1,90.10
688756f717c462a206ad854c5027a64a,SP,papelaria,4,101,5,2,3.96
688756f717c462a206ad854c5027a64a,SP,ferramentas_jardim,3,101,5,3,2.97
688756f717c462a206ad854c5027a64a,SP,bebes,2,101,5,4,1.98
688756f717c462a206ad854c5027a64a,SP,automotivo,1,101,5,5,0.99
5c243662ce92d84573bfaff24c3e3700,SP,beleza_saude,97,100,2,1,97.00
5c243662ce92d84573bfaff24c3e3700,SP,cool_stuff,3,100,2,2,3.00
9d4db00d65d7760644ac0c14edb5fd86,SP,brinquedos,67,100,7,1,67.00
9d4db00d65d7760644ac0c14edb5fd86,SP,bebes,24,100,7,2,24.00
9d4db00d65d7760644ac0c14edb5fd86,SP,malas_acessorios,3,100,7,4,3.00
9d4db00d65d7760644ac0c14edb5fd86,SP,automotivo,3,100,7,3,3.00
9d4db00d65d7760644ac0c14edb5fd86,SP,papelaria,1,100,7,7,1.00
9d4db00d65d7760644ac0c14edb5fd86,SP,esporte_lazer,1,100,7,6,1.00
9d4db00d65d7760644ac0c14edb5fd86,SP,cool_stuff,1,100,7,5,1.00
3be634553519fb6536a03e1358e9fdc7,SP,utilidades_domesticas,70,99,6,1,70.71
3be634553519fb6536a03e1358e9fdc7,SP,esporte_lazer,16,99,6,2,16.16
3be634553519fb6536a03e1358e9fdc7,SP,moveis_decoracao,5,99,6,3,5.05
3be634553519fb6536a03e1358e9fdc7,SP,moveis_sala,4,99,6,4,4.04
3be634553519fb6536a03e1358e9fdc7,SP,fashion_bolsas_e_acessorios,3,99,6,5,3.03
3be634553519fb6536a03e1358e9fdc7,SP,beleza_saude,1,99,6,6,1.01
d12c926d74ceff0a90a21184466ce161,SP,esporte_lazer,32,99,8,1,32.32
d12c926d74ceff0a90a21184466ce161,SP,moveis_decoracao,24,99,8,2,24.24
d12c926d74ceff0a90a21184466ce161,SP,perfumaria,20,99,8,3,20.20
d12c926d74ceff0a90a21184466ce161,SP,market_place,10,99,8,4,10.10
d12c926d74ceff0a90a21184466ce161,SP,papelaria,9,99,8,5,9.09
d12c926d74ceff0a90a21184466ce161,SP,fashion_esporte,2,99,8,6,2.02
d12c926d74ceff0a90a21184466ce161,SP,utilidades_domesticas,1,99,8,8,1.01
d12c926d74ceff0a90a21184466ce161,SP,eletronicos,1,99,8,7,1.01
dbd66278cbfe1aa1000f90a217ca4695,SP,eletronicos,80,99,5,1,80.81
dbd66278cbfe1aa1000f90a217ca4695,SP,beleza_saude,9,99,5,2,9.09
dbd66278cbfe1aa1000f90a217ca4695,SP,eletrodomesticos,6,99,5,3,6.06
dbd66278cbfe1aa1000f90a217ca4695,SP,moveis_sala,3,99,5,4,3.03
dbd66278cbfe1aa1000f90a217ca4695,SP,construcao_ferramentas_construcao,1,99,5,5,1.01
f84a00e60c73a49e7e851c9bdca3a5bb,RJ,beleza_saude,89,99,2,1,89.90
f84a00e60c73a49e7e851c9bdca3a5bb,RJ,moveis_colchao_e_estofado,10,99,2,2,10.10
0509040ea3fe50071181bbc359eb7738,MG,esporte_lazer,88,98,3,1,89.80
0509040ea3fe50071181bbc359eb7738,MG,utilidades_domesticas,9,98,3,2,9.18
0509040ea3fe50071181bbc359eb7738,MG,cama_mesa_banho,1,98,3,3,1.02
1d8dbc4f32378d715c717c1c1fc57bae,PR,bebes,98,98,1,1,100.00
70c27847eca8195c983ed7e798c56743,RJ,pet_shop,98,98,1,1,100.00
7b07b3c7487f0ea825fc6df75abd658b,SP,esporte_lazer,94,98,2,1,95.92
7b07b3c7487f0ea825fc6df75abd658b,SP,fashion_bolsas_e_acessorios,4,98,2,2,4.08
891071be6ba827b591264c90c2ae8a63,SP,fashion_bolsas_e_acessorios,47,98,10,1,47.96
891071be6ba827b591264c90c2ae8a63,SP,cama_mesa_banho,18,98,10,2,18.37
891071be6ba827b591264c90c2ae8a63,SP,market_place,10,98,10,3,10.20
891071be6ba827b591264c90c2ae8a63,SP,papelaria,8,98,10,4,8.16
891071be6ba827b591264c90c2ae8a63,SP,cool_stuff,6,98,10,5,6.12
891071be6ba827b591264c90c2ae8a63,SP,fashion_roupa_masculina,5,98,10,6,5.10
891071be6ba827b591264c90c2ae8a63,SP,esporte_lazer,1,98,10,9,1.02
891071be6ba827b591264c90c2ae8a63,SP,dvds_blu_ray,1,98,10,8,1.02
891071be6ba827b591264c90c2ae8a63,SP,artigos_de_festas,1,98,10,7,1.02
891071be6ba827b591264c90c2ae8a63,SP,relogios_presentes,1,98,10,10,1.02
9616352088dcf83a7c06637f4ebf1c80,PR,esporte_lazer,98,98,1,1,100.00
f27e33c6d29b5138fa9967bcd445b6d5,SP,pet_shop,23,98,11,1,23.47
f27e33c6d29b5138fa9967bcd445b6d5,SP,eletronicos,18,98,11,2,18.37
f27e33c6d29b5138fa9967bcd445b6d5,SP,cool_stuff,16,98,11,3,16.33
f27e33c6d29b5138fa9967bcd445b6d5,SP,automotivo,12,98,11,4,12.24
f27e33c6d29b5138fa9967bcd445b6d5,SP,telefonia,10,98,11,5,10.20
f27e33c6d29b5138fa9967bcd445b6d5,SP,consoles_games,5,98,11,6,5.10
f27e33c6d29b5138fa9967bcd445b6d5,SP,informatica_acessorios,4,98,11,7,4.08
f27e33c6d29b5138fa9967bcd445b6d5,SP,beleza_saude,3,98,11,8,3.06
f27e33c6d29b5138fa9967bcd445b6d5,SP,moveis_decoracao,3,98,11,9,3.06
f27e33c6d29b5138fa9967bcd445b6d5,SP,telefonia_fixa,3,98,11,10,3.06
f27e33c6d29b5138fa9967bcd445b6d5,SP,bebes,1,98,11,11,1.02
08633c14ef2db992c11f840f04fad4cd,SP,esporte_lazer,74,97,5,1,76.29
08633c14ef2db992c11f840f04fad4cd,SP,beleza_saude,12,97,5,2,12.37
08633c14ef2db992c11f840f04fad4cd,SP,alimentos_bebidas,8,97,5,3,8.25
08633c14ef2db992c11f840f04fad4cd,SP,alimentos,2,97,5,4,2.06
08633c14ef2db992c11f840f04fad4cd,SP,construcao_ferramentas_jardim,1,97,5,5,1.03
8648b1e89e9b349e32d3741b30ec737e,SP,construcao_ferramentas_construcao,82,97,3,1,84.54
8648b1e89e9b349e32d3741b30ec737e,SP,casa_construcao,10,97,3,2,10.31
8648b1e89e9b349e32d3741b30ec737e,SP,esporte_lazer,5,97,3,3,5.15
9674754b5a0cb32b638cec001178f799,SP,eletroportateis,68,97,5,1,70.10
9674754b5a0cb32b638cec001178f799,SP,eletrodomesticos,24,97,5,2,24.74
9674754b5a0cb32b638cec001178f799,SP,ferramentas_jardim,2,97,5,3,2.06
9674754b5a0cb32b638cec001178f799,SP,telefonia,2,97,5,4,2.06
9674754b5a0cb32b638cec001178f799,SP,utilidades_domesticas,1,97,5,5,1.03
2ff97219cb8622eaf3cd89b7d9c09824,SP,utilidades_domesticas,43,96,14,1,44.79
2ff97219cb8622eaf3cd89b7d9c09824,SP,brinquedos,11,96,14,2,11.46
2ff97219cb8622eaf3cd89b7d9c09824,SP,esporte_lazer,10,96,14,3,10.42
2ff97219cb8622eaf3cd89b7d9c09824,SP,beleza_saude,8,96,14,4,8.33
2ff97219cb8622eaf3cd89b7d9c09824,SP,pet_shop,6,96,14,5,6.25
2ff97219cb8622eaf3cd89b7d9c09824,SP,cool_stuff,5,96,14,6,5.21
2ff97219cb8622eaf3cd89b7d9c09824,SP,perfumaria,3,96,14,7,3.13
2ff97219cb8622eaf3cd89b7d9c09824,SP,cama_mesa_banho,2,96,14,9,2.08
2ff97219cb8622eaf3cd89b7d9c09824,SP,bebes,2,96,14,10,2.08
2ff97219cb8622eaf3cd89b7d9c09824,SP,papelaria,2,96,14,8,2.08
2ff97219cb8622eaf3cd89b7d9c09824,SP,cine_foto,1,96,14,11,1.04
2ff97219cb8622eaf3cd89b7d9c09824,SP,moveis_sala,1,96,14,12,1.04
2ff97219cb8622eaf3cd89b7d9c09824,SP,artigos_de_natal,1,96,14,13,1.04
2ff97219cb8622eaf3cd89b7d9c09824,SP,relogios_presentes,1,96,14,14,1.04
3db66a856d18a9cba7c9241fc5221c50,MG,esporte_lazer,48,96,5,1,50.00
3db66a856d18a9cba7c9241fc5221c50,MG,automotivo,43,96,5,2,44.79
3db66a856d18a9cba7c9241fc5221c50,MG,moveis_decoracao,2,96,5,3,2.08
3db66a856d18a9cba7c9241fc5221c50,MG,utilidades_domesticas,2,96,5,4,2.08
3db66a856d18a9cba7c9241fc5221c50,MG,sinalizacao_e_seguranca,1,96,5,5,1.04
ff063b022a9a0aab91bad2c9088760b7,SP,moveis_decoracao,49,96,3,1,51.04
ff063b022a9a0aab91bad2c9088760b7,SP,ferramentas_jardim,45,96,3,2,46.88
ff063b022a9a0aab91bad2c9088760b7,SP,industria_comercio_e_negocios,2,96,3,3,2.08
06e5eefc71ec47ae763c5c6f8db7064f,RS,informatica_acessorios,35,95,6,1,36.84
06e5eefc71ec47ae763c5c6f8db7064f,RS,construcao_ferramentas_seguranca,27,95,6,2,28.42
06e5eefc71ec47ae763c5c6f8db7064f,RS,cool_stuff,19,95,6,3,20.00
06e5eefc71ec47ae763c5c6f8db7064f,RS,eletronicos,10,95,6,4,10.53
06e5eefc71ec47ae763c5c6f8db7064f,RS,instrumentos_musicais,3,95,6,5,3.16
06e5eefc71ec47ae763c5c6f8db7064f,RS,telefonia,1,95,6,6,1.05
440dd6ab244315c632130ecfb63827b1,SP,esporte_lazer,92,95,2,1,96.84
440dd6ab244315c632130ecfb63827b1,SP,utilidades_domesticas,3,95,2,2,3.16
5d0363b33554b373851fc1622e4d5f3c,SP,automotivo,90,95,4,1,94.74
5d0363b33554b373851fc1622e4d5f3c,SP,eletronicos,2,95,4,2,2.11
5d0363b33554b373851fc1622e4d5f3c,SP,utilidades_domesticas,2,95,4,3,2.11
5d0363b33554b373851fc1622e4d5f3c,SP,eletroportateis,1,95,4,4,1.05
80e6699fe29150b372a0c8a1ebf7dcc8,PR,esporte_lazer,89,95,3,1,93.68
80e6699fe29150b372a0c8a1ebf7dcc8,PR,ferramentas_jardim,4,95,3,2,4.21
80e6699fe29150b372a0c8a1ebf7dcc8,PR,automotivo,2,95,3,3,2.11
8bb48dc19fccaa8613b6229bf7f452a2,SP,construcao_ferramentas_jardim,61,95,4,1,64.21
8bb48dc19fccaa8613b6229bf7f452a2,SP,flores,22,95,4,2,23.16
8bb48dc19fccaa8613b6229bf7f452a2,SP,ferramentas_jardim,8,95,4,3,8.42
8bb48dc19fccaa8613b6229bf7f452a2,SP,livros_tecnicos,4,95,4,4,4.21
b561927807645834b59ef0d16ba55a24,SP,papelaria,82,95,4,1,86.32
b561927807645834b59ef0d16ba55a24,SP,artes,11,95,4,2,11.58
b561927807645834b59ef0d16ba55a24,SP,construcao_ferramentas_construcao,1,95,4,3,1.05
b561927807645834b59ef0d16ba55a24,SP,artes_e_artesanato,1,95,4,4,1.05
dee656f0f566ed1aa85bd137c943f08f,SP,esporte_lazer,34,95,12,1,35.79
dee656f0f566ed1aa85bd137c943f08f,SP,automotivo,11,95,12,2,11.58
dee656f0f566ed1aa85bd137c943f08f,SP,relogios_presentes,10,95,12,4,10.53
dee656f0f566ed1aa85bd137c943f08f,SP,brinquedos,10,95,12,3,10.53
dee656f0f566ed1aa85bd137c943f08f,SP,utilidades_domesticas,9,95,12,5,9.47
dee656f0f566ed1aa85bd137c943f08f,SP,perfumaria,6,95,12,6,6.32
dee656f0f566ed1aa85bd137c943f08f,SP,construcao_ferramentas_iluminacao,5,95,12,7,5.26
dee656f0f566ed1aa85bd137c943f08f,SP,ferramentas_jardim,4,95,12,8,4.21
dee656f0f566ed1aa85bd137c943f08f,SP,eletrodomesticos_2,3,95,12,9,3.16
dee656f0f566ed1aa85bd137c943f08f,SP,construcao_ferramentas_ferramentas,1,95,12,12,1.05
dee656f0f566ed1aa85bd137c943f08f,SP,construcao_ferramentas_construcao,1,95,12,11,1.05
dee656f0f566ed1aa85bd137c943f08f,SP,telefonia,1,95,12,10,1.05
04308b1ee57b6625f47df1d56f00eedf,SC,beleza_saude,94,94,1,1,100.00
7e3f87d16fb353f408d467e74fbd8014,SP,informatica_acessorios,73,94,6,1,77.66
7e3f87d16fb353f408d467e74fbd8014,SP,moveis_decoracao,13,94,6,2,13.83
7e3f87d16fb353f408d467e74fbd8014,SP,eletronicos,5,94,6,3,5.32
7e3f87d16fb353f408d467e74fbd8014,SP,casa_construcao,1,94,6,4,1.06
7e3f87d16fb353f408d467e74fbd8014,SP,papelaria,1,94,6,5,1.06
7e3f87d16fb353f408d467e74fbd8014,SP,cool_stuff,1,94,6,6,1.06
725c32fa80c2faacc4fc88450d27314e,SP,brinquedos,90,93,2,1,96.77
725c32fa80c2faacc4fc88450d27314e,SP,bebes,3,93,2,2,3.23
527801b552d0077ffd170872eb49683b,SP,livros_interesse_geral,86,92,4,1,93.48
527801b552d0077ffd170872eb49683b,SP,papelaria,3,92,4,2,3.26
527801b552d0077ffd170872eb49683b,SP,instrumentos_musicais,2,92,4,3,2.17
527801b552d0077ffd170872eb49683b,SP,dvds_blu_ray,1,92,4,4,1.09
aba1721a889e04decc910aa13b768ef4,SP,papelaria,86,92,4,1,93.48
aba1721a889e04decc910aa13b768ef4,SP,esporte_lazer,3,92,4,2,3.26
aba1721a889e04decc910aa13b768ef4,SP,malas_acessorios,2,92,4,3,2.17
aba1721a889e04decc910aa13b768ef4,SP,utilidades_domesticas,1,92,4,4,1.09
adbc26658d6c7b4b6219f9d934598091,PR,bebes,58,92,2,1,63.04
adbc26658d6c7b4b6219f9d934598091,PR,brinquedos,34,92,2,2,36.96
e8b3a3a38279a82f0e5d006d5e5b7d2c,PR,consoles_games,54,92,6,1,58.70
e8b3a3a38279a82f0e5d006d5e5b7d2c,PR,informatica_acessorios,28,92,6,2,30.43
e8b3a3a38279a82f0e5d006d5e5b7d2c,PR,papelaria,6,92,6,3,6.52
e8b3a3a38279a82f0e5d006d5e5b7d2c,PR,telefonia,2,92,6,4,2.17
e8b3a3a38279a82f0e5d006d5e5b7d2c,PR,relogios_presentes,1,92,6,5,1.09
e8b3a3a38279a82f0e5d006d5e5b7d2c,PR,perfumaria,1,92,6,6,1.09
f3b80352b986ab4d1057a4b724be19d0,DF,beleza_saude,87,92,2,1,94.57
f3b80352b986ab4d1057a4b724be19d0,DF,climatizacao,5,92,2,2,5.43
48162d548f5b1b11b9d29d1e01f75a61,SP,ferramentas_jardim,41,91,7,1,45.05
48162d548f5b1b11b9d29d1e01f75a61,SP,casa_construcao,28,91,7,2,30.77
48162d548f5b1b11b9d29d1e01f75a61,SP,construcao_ferramentas_seguranca,7,91,7,3,7.69
48162d548f5b1b11b9d29d1e01f75a61,SP,telefonia_fixa,6,91,7,4,6.59
48162d548f5b1b11b9d29d1e01f75a61,SP,informatica_acessorios,6,91,7,5,6.59
48162d548f5b1b11b9d29d1e01f75a61,SP,eletronicos,2,91,7,6,2.20
48162d548f5b1b11b9d29d1e01f75a61,SP,seguros_e_servicos,1,91,7,7,1.10
7d456afc660226829370f3173d14520c,SP,cama_mesa_banho,44,91,5,1,48.35
7d456afc660226829370f3173d14520c,SP,market_place,35,91,5,2,38.46
7d456afc660226829370f3173d14520c,SP,beleza_saude,6,91,5,3,6.59
7d456afc660226829370f3173d14520c,SP,perfumaria,5,91,5,4,5.49
7d456afc660226829370f3173d14520c,SP,moveis_decoracao,1,91,5,5,1.10
f46490624488d3ff7ce78613913a7711,SP,beleza_saude,91,91,1,1,100.00
0432ead42b6c8a0bdf68154add917fdf,SP,brinquedos,86,90,3,1,95.56
0432ead42b6c8a0bdf68154add917fdf,SP,consoles_games,3,90,3,2,3.33
0432ead42b6c8a0bdf68154add917fdf,SP,utilidades_domesticas,1,90,3,3,1.11
bd0389da23d89b726abf911cccc54596,DF,informatica_acessorios,79,90,5,1,87.78
bd0389da23d89b726abf911cccc54596,DF,eletronicos,6,90,5,2,6.67
bd0389da23d89b726abf911cccc54596,DF,ferramentas_jardim,2,90,5,3,2.22
bd0389da23d89b726abf911cccc54596,DF,telefonia,2,90,5,4,2.22
bd0389da23d89b726abf911cccc54596,DF,artes,1,90,5,5,1.11
bd23da7354813347129d751591d1a6e2,SP,moveis_decoracao,90,90,1,1,100.00
fc906263ca5083d09dce42fe02247800,MG,informatica_acessorios,66,90,3,1,73.33
fc906263ca5083d09dce42fe02247800,MG,consoles_games,23,90,3,2,25.56
fc906263ca5083d09dce42fe02247800,MG,esporte_lazer,1,90,3,3,1.11
0df3984f9dfb3d49ac6366acbd3bbb85,MG,beleza_saude,83,89,2,1,93.26
0df3984f9dfb3d49ac6366acbd3bbb85,MG,perfumaria,6,89,2,2,6.74
4e7c18b98d84e05cbae3ff0ff03846c2,SP,eletroportateis,73,89,4,1,82.02
4e7c18b98d84e05cbae3ff0ff03846c2,SP,moveis_decoracao,10,89,4,2,11.24
4e7c18b98d84e05cbae3ff0ff03846c2,SP,market_place,5,89,4,3,5.62
4e7c18b98d84e05cbae3ff0ff03846c2,SP,eletrodomesticos_2,1,89,4,4,1.12
6b243f80ed07b10f0e8aa0f21a205f3c,PR,esporte_lazer,89,89,1,1,100.00
900ba814c251a692506d7834c1218441,SP,beleza_saude,88,88,1,1,100.00
972d0f9cf61b499a4812cf0bfa3ad3c4,SC,cama_mesa_banho,88,88,1,1,100.00
ebd2d60905fb58271facef5596b620d3,SP,beleza_saude,88,88,1,1,100.00
30a2f535bb48308f991d0b9ad4a8c4bb,SP,moveis_decoracao,87,87,1,1,100.00
670c26e0f1bf8d0576271d5cfaec6d2b,PR,esporte_lazer,81,87,2,1,93.10
670c26e0f1bf8d0576271d5cfaec6d2b,PR,beleza_saude,6,87,2,2,6.90
712e6ed8aa4aa1fa65dab41fed5737e4,SC,automotivo,87,87,1,1,100.00
54965bbe3e4f07ae045b90b0b8541f52,PR,cama_mesa_banho,86,86,1,1,100.00
a7f13822ceb966b076af67121f87b063,SP,moveis_escritorio,80,86,5,1,93.02
a7f13822ceb966b076af67121f87b063,SP,automotivo,2,86,5,2,2.33
a7f13822ceb966b076af67121f87b063,SP,moveis_decoracao,2,86,5,3,2.33
a7f13822ceb966b076af67121f87b063,SP,moveis_sala,1,86,5,5,1.16
a7f13822ceb966b076af67121f87b063,SP,esporte_lazer,1,86,5,4,1.16
ba143b05f0110f0dc71ad71b4466ce92,SP,livros_tecnicos,79,86,3,1,91.86
ba143b05f0110f0dc71ad71b4466ce92,SP,dvds_blu_ray,5,86,3,2,5.81
ba143b05f0110f0dc71ad71b4466ce92,SP,consoles_games,2,86,3,3,2.33
dfa0c4c6229ab200a4a1336b4d7128ff,SC,utilidades_domesticas,41,86,11,1,47.67
dfa0c4c6229ab200a4a1336b4d7128ff,SC,automotivo,12,86,11,2,13.95
dfa0c4c6229ab200a4a1336b4d7128ff,SC,malas_acessorios,9,86,11,3,10.47
dfa0c4c6229ab200a4a1336b4d7128ff,SC,brinquedos,6,86,11,4,6.98
dfa0c4c6229ab200a4a1336b4d7128ff,SC,papelaria,4,86,11,7,4.65
dfa0c4c6229ab200a4a1336b4d7128ff,SC,artigos_de_natal,4,86,11,6,4.65
dfa0c4c6229ab200a4a1336b4d7128ff,SC,beleza_saude,4,86,11,5,4.65
dfa0c4c6229ab200a4a1336b4d7128ff,SC,moveis_decoracao,2,86,11,9,2.33
dfa0c4c6229ab200a4a1336b4d7128ff,SC,pet_shop,2,86,11,8,2.33
dfa0c4c6229ab200a4a1336b4d7128ff,SC,bebes,1,86,11,11,1.16
dfa0c4c6229ab200a4a1336b4d7128ff,SC,esporte_lazer,1,86,11,10,1.16
f0b47fbbc6dee9aafe415a6e33051b3f,SP,livros_interesse_geral,48,86,4,1,55.81
f0b47fbbc6dee9aafe415a6e33051b3f,SP,utilidades_domesticas,36,86,4,2,41.86
f0b47fbbc6dee9aafe415a6e33051b3f,SP,papelaria,1,86,4,3,1.16
f0b47fbbc6dee9aafe415a6e33051b3f,SP,eletroportateis,1,86,4,4,1.16
1336efc61c316ddf92c899eb817f7cae,SP,pet_shop,43,85,8,1,50.59
1336efc61c316ddf92c899eb817f7cae,SP,moveis_decoracao,25,85,8,2,29.41
1336efc61c316ddf92c899eb817f7cae,SP,beleza_saude,4,85,8,4,4.71
1336efc61c316ddf92c899eb817f7cae,SP,esporte_lazer,4,85,8,3,4.71
1336efc61c316ddf92c899eb817f7cae,SP,perfumaria,4,85,8,5,4.71
1336efc61c316ddf92c899eb817f7cae,SP,utilidades_domesticas,2,85,8,7,2.35
1336efc61c316ddf92c899eb817f7cae,SP,automotivo,2,85,8,6,2.35
1336efc61c316ddf92c899eb817f7cae,SP,papelaria,1,85,8,8,1.18
1bb2bdb95f4841f1bba2c0d2cd83d3c9,SP,livros_interesse_geral,37,85,5,1,43.53
1bb2bdb95f4841f1bba2c0d2cd83d3c9,SP,market_place,21,85,5,2,24.71
1bb2bdb95f4841f1bba2c0d2cd83d3c9,SP,livros_tecnicos,15,85,5,3,17.65
1bb2bdb95f4841f1bba2c0d2cd83d3c9,SP,livros_importados,9,85,5,4,10.59
1bb2bdb95f4841f1bba2c0d2cd83d3c9,SP,musica,3,85,5,5,3.53
bbad7e518d7af88a0897397ffdca1979,SP,bebes,46,85,8,1,54.12
bbad7e518d7af88a0897397ffdca1979,SP,ferramentas_jardim,14,85,8,2,16.47
bbad7e518d7af88a0897397ffdca1979,SP,cool_stuff,14,85,8,3,16.47
bbad7e518d7af88a0897397ffdca1979,SP,fashion_roupa_masculina,6,85,8,4,7.06
bbad7e518d7af88a0897397ffdca1979,SP,utilidades_domesticas,2,85,8,5,2.35
bbad7e518d7af88a0897397ffdca1979,SP,alimentos,1,85,8,7,1.18
bbad7e518d7af88a0897397ffdca1979,SP,brinquedos,1,85,8,8,1.18
bbad7e518d7af88a0897397ffdca1979,SP,perfumaria,1,85,8,6,1.18
c8b0e2b0a7095e5d8219575d5e7e1181,SP,automotivo,85,85,1,1,100.00
516e7738bd8f735ac19a010ee5450d8d,RJ,beleza_saude,74,84,2,1,88.10
516e7738bd8f735ac19a010ee5450d8d,RJ,perfumaria,10,84,2,2,11.90
6860153b69cc696d5dcfe1cdaaafcf62,SP,construcao_ferramentas_construcao,82,84,3,1,97.62
6860153b69cc696d5dcfe1cdaaafcf62,SP,eletronicos,1,84,3,2,1.19
6860153b69cc696d5dcfe1cdaaafcf62,SP,automotivo,1,84,3,3,1.19
6fd52c528dcb38be2eea044946b811f8,SP,cama_mesa_banho,84,84,1,1,100.00
744dac408745240a2c2528fb1b6028f3,PR,relogios_presentes,77,84,4,1,91.67
744dac408745240a2c2528fb1b6028f3,PR,eletronicos,4,84,4,2,4.76
744dac408745240a2c2528fb1b6028f3,PR,industria_comercio_e_negocios,2,84,4,3,2.38
744dac408745240a2c2528fb1b6028f3,PR,audio,1,84,4,4,1.19
ce7d1888639e6fb06b2749cbfdac1ff7,MG,utilidades_domesticas,76,84,4,1,90.48
ce7d1888639e6fb06b2749cbfdac1ff7,MG,moveis_quarto,4,84,4,2,4.76
ce7d1888639e6fb06b2749cbfdac1ff7,MG,moveis_cozinha_area_de_servico_jantar_e_jardim,3,84,4,3,3.57
ce7d1888639e6fb06b2749cbfdac1ff7,MG,bebes,1,84,4,4,1.19
d673a59aac7a70d8b01e6902bf090a11,SP,bebes,82,84,2,1,97.62
d673a59aac7a70d8b01e6902bf090a11,SP,cama_mesa_banho,2,84,2,2,2.38
e59aa562b9f8076dd550fcddf0e73491,PR,agro_industria_e_comercio,84,84,1,1,100.00
eeb6de78f79159600292e314a77cbd18,SC,ferramentas_jardim,68,84,3,1,80.95
eeb6de78f79159600292e314a77cbd18,SC,industria_comercio_e_negocios,9,84,3,2,10.71
eeb6de78f79159600292e314a77cbd18,SC,construcao_ferramentas_ferramentas,7,84,3,3,8.33
080199a181c46c657dc5aa235411be3b,SP,automotivo,83,83,1,1,100.00
8f119a0aee85c0c8fc534629734e94fd,SP,brinquedos,49,83,8,1,59.04
8f119a0aee85c0c8fc534629734e94fd,SP,eletroportateis,12,83,8,2,14.46
8f119a0aee85c0c8fc534629734e94fd,SP,construcao_ferramentas_construcao,6,83,8,3,7.23
8f119a0aee85c0c8fc534629734e94fd,SP,utilidades_domesticas,6,83,8,4,7.23
8f119a0aee85c0c8fc534629734e94fd,SP,automotivo,5,83,8,5,6.02
8f119a0aee85c0c8fc534629734e94fd,SP,eletrodomesticos,3,83,8,6,3.61
8f119a0aee85c0c8fc534629734e94fd,SP,sinalizacao_e_seguranca,1,83,8,8,1.20
8f119a0aee85c0c8fc534629734e94fd,SP,casa_construcao,1,83,8,7,1.20
cac4c8e7b1ca6252d8f20b2fc1a2e4af,SP,moveis_decoracao,63,83,7,1,75.90
cac4c8e7b1ca6252d8f20b2fc1a2e4af,SP,brinquedos,6,83,7,3,7.23
cac4c8e7b1ca6252d8f20b2fc1a2e4af,SP,utilidades_domesticas,6,83,7,2,7.23
cac4c8e7b1ca6252d8f20b2fc1a2e4af,SP,market_place,4,83,7,4,4.82
cac4c8e7b1ca6252d8f20b2fc1a2e4af,SP,bebes,2,83,7,5,2.41
cac4c8e7b1ca6252d8f20b2fc1a2e4af,SP,cool_stuff,1,83,7,6,1.20
cac4c8e7b1ca6252d8f20b2fc1a2e4af,SP,livros_importados,1,83,7,7,1.20
2a261b5b644fa05f4f2700eb93544f2c,SP,moveis_decoracao,82,82,1,1,100.00
8cbac7e12637ed9cffa18c7875207478,SC,cool_stuff,38,82,4,1,46.34
8cbac7e12637ed9cffa18c7875207478,SC,bebes,19,82,4,2,23.17
8cbac7e12637ed9cffa18c7875207478,SC,brinquedos,18,82,4,3,21.95
8cbac7e12637ed9cffa18c7875207478,SC,esporte_lazer,7,82,4,4,8.54
9de4643a8dbde634fe55621059d92273,SC,utilidades_domesticas,74,81,2,1,91.36
9de4643a8dbde634fe55621059d92273,SC,ferramentas_jardim,7,81,2,2,8.64
d05ae8f7a5bd1d2a690a44cd079e4e27,RJ,esporte_lazer,81,81,1,1,100.00
709e16e2b25c7474d980076c6bfc4806,SP,beleza_saude,58,80,5,1,72.50
709e16e2b25c7474d980076c6bfc4806,SP,esporte_lazer,6,80,5,4,7.50
709e16e2b25c7474d980076c6bfc4806,SP,perfumaria,6,80,5,2,7.50
709e16e2b25c7474d980076c6bfc4806,SP,cama_mesa_banho,6,80,5,3,7.50
709e16e2b25c7474d980076c6bfc4806,SP,utilidades_domesticas,4,80,5,5,5.00
a17f621c590ea0fab3d5d883e1630ec6,SP,esporte_lazer,79,80,2,1,98.75
a17f621c590ea0fab3d5d883e1630ec6,SP,alimentos,1,80,2,2,1.25
b6d44737c043328708f6749c2dbe50bd,SP,utilidades_domesticas,80,80,1,1,100.00
1f9ab4708f3056ede07124aad39a2554,SP,bebes,79,79,1,1,100.00
9d5a9018aee56acb367ba9c3f05d1d6a,GO,bebes,33,79,5,1,41.77
9d5a9018aee56acb367ba9c3f05d1d6a,GO,malas_acessorios,20,79,5,2,25.32
9d5a9018aee56acb367ba9c3f05d1d6a,GO,automotivo,13,79,5,3,16.46
9d5a9018aee56acb367ba9c3f05d1d6a,GO,cool_stuff,8,79,5,4,10.13
9d5a9018aee56acb367ba9c3f05d1d6a,GO,beleza_saude,5,79,5,5,6.33
0b35c634521043bf4b47e21547b99ab5,PR,construcao_ferramentas_construcao,78,78,1,1,100.00
34056b8b55c1775a22af2331670a799c,SP,automotivo,78,78,1,1,100.00
4a3ccda38b2129705f3fb522db62ca31,SP,construcao_ferramentas_seguranca,56,78,5,1,71.79
4a3ccda38b2129705f3fb522db62ca31,SP,casa_construcao,12,78,5,2,15.38
4a3ccda38b2129705f3fb522db62ca31,SP,ferramentas_jardim,4,78,5,3,5.13
4a3ccda38b2129705f3fb522db62ca31,SP,eletronicos,4,78,5,4,5.13
4a3ccda38b2129705f3fb522db62ca31,SP,construcao_ferramentas_construcao,2,78,5,5,2.56
5058e8c1e82653974541e83690655b4a,SP,moveis_escritorio,59,78,4,1,75.64
5058e8c1e82653974541e83690655b4a,SP,moveis_sala,14,78,4,2,17.95
5058e8c1e82653974541e83690655b4a,SP,moveis_decoracao,4,78,4,3,5.13
5058e8c1e82653974541e83690655b4a,SP,moveis_cozinha_area_de_servico_jantar_e_jardim,1,78,4,4,1.28
5f1dc28029d2c244352a68107ec2b542,SP,beleza_saude,30,78,10,1,38.46
5f1dc28029d2c244352a68107ec2b542,SP,utilidades_domesticas,13,78,10,2,16.67
5f1dc28029d2c244352a68107ec2b542,SP,fashion_underwear_e_moda_praia,9,78,10,4,11.54
5f1dc28029d2c244352a68107ec2b542,SP,brinquedos,9,78,10,3,11.54
5f1dc28029d2c244352a68107ec2b542,SP,perfumaria,8,78,10,5,10.26
5f1dc28029d2c244352a68107ec2b542,SP,esporte_lazer,3,78,10,6,3.85
5f1dc28029d2c244352a68107ec2b542,SP,cool_stuff,2,78,10,8,2.56
5f1dc28029d2c244352a68107ec2b542,SP,fashion_calcados,2,78,10,7,2.56
5f1dc28029d2c244352a68107ec2b542,SP,ferramentas_jardim,1,78,10,10,1.28
5f1dc28029d2c244352a68107ec2b542,SP,telefonia_fixa,1,78,10,9,1.28
82e0a475a88cc9595229d8029273f045,SP,moveis_decoracao,78,78,1,1,100.00
9e6229250fedbe05838fef417b74e7fb,SP,bebes,42,78,3,1,53.85
9e6229250fedbe05838fef417b74e7fb,SP,cama_mesa_banho,20,78,3,2,25.64
9e6229250fedbe05838fef417b74e7fb,SP,moveis_decoracao,16,78,3,3,20.51
f7720c4fa8e3aba4546301ab80ea1f1b,PR,moveis_decoracao,33,78,3,1,42.31
f7720c4fa8e3aba4546301ab80ea1f1b,PR,casa_construcao,23,78,3,2,29.49
f7720c4fa8e3aba4546301ab80ea1f1b,PR,ferramentas_jardim,22,78,3,3,28.21
7681ef142fd2c19048da7430856b5588,SP,pcs,41,77,7,1,53.25
7681ef142fd2c19048da7430856b5588,SP,industria_comercio_e_negocios,26,77,7,2,33.77
7681ef142fd2c19048da7430856b5588,SP,musica,5,77,7,3,6.49
7681ef142fd2c19048da7430856b5588,SP,casa_construcao,2,77,7,4,2.60
7681ef142fd2c19048da7430856b5588,SP,esporte_lazer,1,77,7,5,1.30
7681ef142fd2c19048da7430856b5588,SP,utilidades_domesticas,1,77,7,7,1.30
7681ef142fd2c19048da7430856b5588,SP,construcao_ferramentas_iluminacao,1,77,7,6,1.30
d921b68bf747894be13a97ae52b0f386,MG,relogios_presentes,67,77,6,1,87.01
d921b68bf747894be13a97ae52b0f386,MG,utilidades_domesticas,5,77,6,2,6.49
d921b68bf747894be13a97ae52b0f386,MG,eletronicos,2,77,6,3,2.60
d921b68bf747894be13a97ae52b0f386,MG,pet_shop,1,77,6,6,1.30
d921b68bf747894be13a97ae52b0f386,MG,esporte_lazer,1,77,6,4,1.30
d921b68bf747894be13a97ae52b0f386,MG,automotivo,1,77,6,5,1.30
f3da5b2ff499efb8d4a6d371d175d7dd,SP,utilidades_domesticas,23,77,11,1,29.87
f3da5b2ff499efb8d4a6d371d175d7dd,SP,bebes,13,77,11,2,16.88
f3da5b2ff499efb8d4a6d371d175d7dd,SP,malas_acessorios,7,77,11,3,9.09
f3da5b2ff499efb8d4a6d371d175d7dd,SP,papelaria,6,77,11,6,7.79
f3da5b2ff499efb8d4a6d371d175d7dd,SP,construcao_ferramentas_seguranca,6,77,11,5,7.79
f3da5b2ff499efb8d4a6d371d175d7dd,SP,brinquedos,6,77,11,4,7.79
f3da5b2ff499efb8d4a6d371d175d7dd,SP,beleza_saude,5,77,11,7,6.49
f3da5b2ff499efb8d4a6d371d175d7dd,SP,moveis_decoracao,4,77,11,9,5.19
f3da5b2ff499efb8d4a6d371d175d7dd,SP,cool_stuff,4,77,11,8,5.19
f3da5b2ff499efb8d4a6d371d175d7dd,SP,construcao_ferramentas_construcao,2,77,11,10,2.60
f3da5b2ff499efb8d4a6d371d175d7dd,SP,pet_shop,1,77,11,11,1.30
94144541854e298c2d976cb893b81343,RS,beleza_saude,71,76,3,1,93.42
94144541854e298c2d976cb893b81343,RS,perfumaria,4,76,3,2,5.26
94144541854e298c2d976cb893b81343,RS,fashion_roupa_feminina,1,76,3,3,1.32
9646c3513289980f17226a2fc4720dbd,SP,informatica_acessorios,71,76,4,1,93.42
9646c3513289980f17226a2fc4720dbd,SP,cool_stuff,3,76,4,2,3.95
9646c3513289980f17226a2fc4720dbd,SP,eletronicos,1,76,4,4,1.32
9646c3513289980f17226a2fc4720dbd,SP,consoles_games,1,76,4,3,1.32
fd386aa7bed2af3c7035c65506c9b4a3,SP,papelaria,24,76,14,1,31.58
fd386aa7bed2af3c7035c65506c9b4a3,SP,beleza_saude,11,76,14,2,14.47
fd386aa7bed2af3c7035c65506c9b4a3,SP,utilidades_domesticas,11,76,14,3,14.47
fd386aa7bed2af3c7035c65506c9b4a3,SP,brinquedos,9,76,14,4,11.84
fd386aa7bed2af3c7035c65506c9b4a3,SP,moveis_decoracao,6,76,14,5,7.89
fd386aa7bed2af3c7035c65506c9b4a3,SP,informatica_acessorios,4,76,14,6,5.26
fd386aa7bed2af3c7035c65506c9b4a3,SP,esporte_lazer,3,76,14,7,3.95
fd386aa7bed2af3c7035c65506c9b4a3,SP,automotivo,2,76,14,8,2.63
fd386aa7bed2af3c7035c65506c9b4a3,SP,artes_e_artesanato,1,76,14,9,1.32
fd386aa7bed2af3c7035c65506c9b4a3,SP,agro_industria_e_comercio,1,76,14,10,1.32
fd386aa7bed2af3c7035c65506c9b4a3,SP,malas_acessorios,1,76,14,11,1.32
fd386aa7bed2af3c7035c65506c9b4a3,SP,musica,1,76,14,12,1.32
fd386aa7bed2af3c7035c65506c9b4a3,SP,eletronicos,1,76,14,13,1.32
fd386aa7bed2af3c7035c65506c9b4a3,SP,casa_construcao,1,76,14,14,1.32
1eade46fba20122dc4aefb379f8c636b,SP,beleza_saude,75,75,1,1,100.00
23613d49c3ac2bd302259e55c06c050c,SP,moveis_decoracao,75,75,1,1,100.00
6039e27294dc75811c0d8a39069f52c0,SP,eletronicos,40,75,3,1,53.33
6039e27294dc75811c0d8a39069f52c0,SP,market_place,25,75,3,2,33.33
6039e27294dc75811c0d8a39069f52c0,SP,informatica_acessorios,10,75,3,3,13.33
966cb4760537b1404caedd472cc610a5,SP,relogios_presentes,75,75,1,1,100.00
066a6914e1ebf3ea95a216c73a986b91,PR,esporte_lazer,45,74,7,1,60.81
066a6914e1ebf3ea95a216c73a986b91,PR,moveis_decoracao,12,74,7,2,16.22
066a6914e1ebf3ea95a216c73a986b91,PR,automotivo,10,74,7,3,13.51
066a6914e1ebf3ea95a216c73a986b91,PR,bebes,4,74,7,4,5.41
066a6914e1ebf3ea95a216c73a986b91,PR,market_place,1,74,7,6,1.35
066a6914e1ebf3ea95a216c73a986b91,PR,ferramentas_jardim,1,74,7,5,1.35
066a6914e1ebf3ea95a216c73a986b91,PR,utilidades_domesticas,1,74,7,7,1.35
4992e76a42cb3aad7a7047e0d3d7e729,SP,utilidades_domesticas,69,74,2,1,93.24
4992e76a42cb3aad7a7047e0d3d7e729,SP,pet_shop,5,74,2,2,6.76
4e17c65a516f69d023a2ae78b84f28d6,SP,beleza_saude,32,74,5,1,43.24
4e17c65a516f69d023a2ae78b84f28d6,SP,perfumaria,31,74,5,2,41.89
4e17c65a516f69d023a2ae78b84f28d6,SP,utilidades_domesticas,9,74,5,3,12.16
4e17c65a516f69d023a2ae78b84f28d6,SP,cama_mesa_banho,1,74,5,5,1.35
4e17c65a516f69d023a2ae78b84f28d6,SP,moveis_decoracao,1,74,5,4,1.35
5f2684dab12e59f83bef73ae57724e45,SP,brinquedos,66,74,5,1,89.19
5f2684dab12e59f83bef73ae57724e45,SP,malas_acessorios,3,74,5,2,4.05
5f2684dab12e59f83bef73ae57724e45,SP,cool_stuff,2,74,5,4,2.70
5f2684dab12e59f83bef73ae57724e45,SP,fashion_bolsas_e_acessorios,2,74,5,3,2.70
5f2684dab12e59f83bef73ae57724e45,SP,construcao_ferramentas_seguranca,1,74,5,5,1.35
e333046ce6517bd8bb510291d44f0130,SP,utilidades_domesticas,53,74,6,1,71.62
e333046ce6517bd8bb510291d44f0130,SP,perfumaria,7,74,6,2,9.46
e333046ce6517bd8bb510291d44f0130,SP,beleza_saude,6,74,6,3,8.11
e333046ce6517bd8bb510291d44f0130,SP,cool_stuff,5,74,6,4,6.76
e333046ce6517bd8bb510291d44f0130,SP,eletroportateis,2,74,6,5,2.70
e333046ce6517bd8bb510291d44f0130,SP,audio,1,74,6,6,1.35
f7ccf836d21b2fb1de37564105216cc1,SP,cama_mesa_banho,72,74,2,1,97.30
f7ccf836d21b2fb1de37564105216cc1,SP,malas_acessorios,2,74,2,2,2.70
0c7533c71df861ec58ad7ff999ed0e8d,SP,perfumaria,73,73,1,1,100.00
81a1104df0f08b59c68aa5b03cfe398e,PR,ferramentas_jardim,73,73,1,1,100.00
d566c37fa119d5e66c4e9052e83ee4ea,SP,esporte_lazer,62,73,2,1,84.93
d566c37fa119d5e66c4e9052e83ee4ea,SP,beleza_saude,11,73,2,2,15.07
fcb5ace8bcc92f75707dc0f01a27d269,SP,cool_stuff,15,73,11,1,20.55
fcb5ace8bcc92f75707dc0f01a27d269,SP,papelaria,14,73,11,2,19.18
fcb5ace8bcc92f75707dc0f01a27d269,SP,esporte_lazer,13,73,11,3,17.81
fcb5ace8bcc92f75707dc0f01a27d269,SP,informatica_acessorios,9,73,11,4,12.33
fcb5ace8bcc92f75707dc0f01a27d269,SP,consoles_games,7,73,11,5,9.59
fcb5ace8bcc92f75707dc0f01a27d269,SP,construcao_ferramentas_construcao,5,73,11,6,6.85
fcb5ace8bcc92f75707dc0f01a27d269,SP,beleza_saude,4,73,11,7,5.48
fcb5ace8bcc92f75707dc0f01a27d269,SP,cine_foto,3,73,11,8,4.11
fcb5ace8bcc92f75707dc0f01a27d269,SP,telefonia,1,73,11,10,1.37
fcb5ace8bcc92f75707dc0f01a27d269,SP,telefonia_fixa,1,73,11,11,1.37
fcb5ace8bcc92f75707dc0f01a27d269,SP,eletronicos,1,73,11,9,1.37
06579cb253ecd5a3a12a9e6eb6bf8f47,SP,utilidades_domesticas,69,72,3,1,95.83
06579cb253ecd5a3a12a9e6eb6bf8f47,SP,agro_industria_e_comercio,2,72,3,2,2.78
06579cb253ecd5a3a12a9e6eb6bf8f47,SP,moveis_decoracao,1,72,3,3,1.39
116ccb1a1604bc88e4d234a8c23f33de,SP,automotivo,56,72,5,1,77.78
116ccb1a1604bc88e4d234a8c23f33de,SP,artigos_de_natal,10,72,5,2,13.89
116ccb1a1604bc88e4d234a8c23f33de,SP,construcao_ferramentas_construcao,4,72,5,3,5.56
116ccb1a1604bc88e4d234a8c23f33de,SP,artes,1,72,5,4,1.39
116ccb1a1604bc88e4d234a8c23f33de,SP,informatica_acessorios,1,72,5,5,1.39
6fc26fe110feebd80a433e1f012a84f9,SP,moveis_decoracao,72,72,1,1,100.00
75d34ebb1bd0bd7dde40dd507b8169c3,BA,telefonia,67,72,4,1,93.06
75d34ebb1bd0bd7dde40dd507b8169c3,BA,informatica_acessorios,3,72,4,2,4.17
75d34ebb1bd0bd7dde40dd507b8169c3,BA,cool_stuff,1,72,4,4,1.39
75d34ebb1bd0bd7dde40dd507b8169c3,BA,relogios_presentes,1,72,4,3,1.39
7a241947449cc45dbfda4f9d0798d9d0,MG,utilidades_domesticas,37,72,3,1,51.39
7a241947449cc45dbfda4f9d0798d9d0,MG,climatizacao,33,72,3,2,45.83
7a241947449cc45dbfda4f9d0798d9d0,MG,eletroportateis,2,72,3,3,2.78
582d4f8675b945722eda7c0cb61ba4c7,SP,eletronicos,62,71,5,1,87.32
582d4f8675b945722eda7c0cb61ba4c7,SP,ferramentas_jardim,6,71,5,2,8.45
582d4f8675b945722eda7c0cb61ba4c7,SP,telefonia,1,71,5,5,1.41
582d4f8675b945722eda7c0cb61ba4c7,SP,informatica_acessorios,1,71,5,3,1.41
582d4f8675b945722eda7c0cb61ba4c7,SP,telefonia_fixa,1,71,5,4,1.41
751bdc4d83a466c7206cd42e8f426b03,SP,esporte_lazer,52,71,3,1,73.24
751bdc4d83a466c7206cd42e8f426b03,SP,alimentos_bebidas,15,71,3,2,21.13
751bdc4d83a466c7206cd42e8f426b03,SP,alimentos,4,71,3,3,5.63
951e8cef368f09bb3f3d03c00ca4702c,SP,cama_mesa_banho,55,71,2,1,77.46
951e8cef368f09bb3f3d03c00ca4702c,SP,bebes,16,71,2,2,22.54
e62b2d6ac10570a035a30bafcf01d263,SP,tablets_impressao_imagem,20,71,12,1,28.17
e62b2d6ac10570a035a30bafcf01d263,SP,moveis_decoracao,11,71,12,2,15.49
e62b2d6ac10570a035a30bafcf01d263,SP,flores,10,71,12,3,14.08
e62b2d6ac10570a035a30bafcf01d263,SP,telefonia,9,71,12,4,12.68
e62b2d6ac10570a035a30bafcf01d263,SP,informatica_acessorios,8,71,12,5,11.27
e62b2d6ac10570a035a30bafcf01d263,SP,esporte_lazer,4,71,12,6,5.63
e62b2d6ac10570a035a30bafcf01d263,SP,cool_stuff,2,71,12,9,2.82
e62b2d6ac10570a035a30bafcf01d263,SP,audio,2,71,12,7,2.82
e62b2d6ac10570a035a30bafcf01d263,SP,telefonia_fixa,2,71,12,8,2.82
e62b2d6ac10570a035a30bafcf01d263,SP,utilidades_domesticas,1,71,12,11,1.41
e62b2d6ac10570a035a30bafcf01d263,SP,casa_construcao,1,71,12,12,1.41
e62b2d6ac10570a035a30bafcf01d263,SP,artes,1,71,12,10,1.41
d50d79cb34e38265a8649c383dcffd48,SP,ferramentas_jardim,46,70,5,1,65.71
d50d79cb34e38265a8649c383dcffd48,SP,utilidades_domesticas,14,70,5,2,20.00
d50d79cb34e38265a8649c383dcffd48,SP,eletrodomesticos_2,6,70,5,3,8.57
d50d79cb34e38265a8649c383dcffd48,SP,eletroportateis,3,70,5,4,4.29
d50d79cb34e38265a8649c383dcffd48,SP,cool_stuff,1,70,5,5,1.43
76d64c4aca3a7baf218bf93ef7fa768d,PR,brinquedos,32,69,5,1,46.38
76d64c4aca3a7baf218bf93ef7fa768d,PR,industria_comercio_e_negocios,23,69,5,2,33.33
76d64c4aca3a7baf218bf93ef7fa768d,PR,construcao_ferramentas_construcao,5,69,5,3,7.25
76d64c4aca3a7baf218bf93ef7fa768d,PR,cama_mesa_banho,5,69,5,4,7.25
76d64c4aca3a7baf218bf93ef7fa768d,PR,automotivo,4,69,5,5,5.80
a420f60ff1aa9acc80d0e42959f2b313,SP,bebes,29,69,9,1,42.03
a420f60ff1aa9acc80d0e42959f2b313,SP,climatizacao,11,69,9,2,15.94
a420f60ff1aa9acc80d0e42959f2b313,SP,beleza_saude,10,69,9,3,14.49
a420f60ff1aa9acc80d0e42959f2b313,SP,esporte_lazer,9,69,9,4,13.04
a420f60ff1aa9acc80d0e42959f2b313,SP,utilidades_domesticas,3,69,9,5,4.35
a420f60ff1aa9acc80d0e42959f2b313,SP,brinquedos,2,69,9,6,2.90
a420f60ff1aa9acc80d0e42959f2b313,SP,casa_construcao,2,69,9,7,2.90
a420f60ff1aa9acc80d0e42959f2b313,SP,pet_shop,2,69,9,8,2.90
a420f60ff1aa9acc80d0e42959f2b313,SP,agro_industria_e_comercio,1,69,9,9,1.45
b372ee768ed69e46ca8cdbd267aa7a38,SP,fashion_bolsas_e_acessorios,69,69,1,1,100.00
b92e3c8f9738272ff7c59e111e108d7c,MG,moveis_decoracao,62,69,4,1,89.86
b92e3c8f9738272ff7c59e111e108d7c,MG,moveis_cozinha_area_de_servico_jantar_e_jardim,3,69,4,2,4.35
b92e3c8f9738272ff7c59e111e108d7c,MG,utilidades_domesticas,2,69,4,4,2.90
b92e3c8f9738272ff7c59e111e108d7c,MG,moveis_sala,2,69,4,3,2.90
cb8bcce248bb1fb274ba762d8b971456,MG,cool_stuff,63,69,3,1,91.30
cb8bcce248bb1fb274ba762d8b971456,MG,informatica_acessorios,4,69,3,2,5.80
cb8bcce248bb1fb274ba762d8b971456,MG,automotivo,2,69,3,3,2.90
d13e50eaa47b4cbe9eb81465865d8cfc,SP,alimentos,58,69,2,1,84.06
d13e50eaa47b4cbe9eb81465865d8cfc,SP,esporte_lazer,11,69,2,2,15.94
50c9975695009e5e6473912e83a6d1da,MG,esporte_lazer,68,68,1,1,100.00
643214e62b870443ccbe55ab29a4dccf,SP,fashion_bolsas_e_acessorios,66,68,2,1,97.06
643214e62b870443ccbe55ab29a4dccf,SP,perfumaria,2,68,2,2,2.94
beadbee30901a7f61d031b6b686095ad,SP,beleza_saude,58,68,3,1,85.29
beadbee30901a7f61d031b6b686095ad,SP,perfumaria,8,68,3,2,11.76
beadbee30901a7f61d031b6b686095ad,SP,relogios_presentes,2,68,3,3,2.94
1838dd9b8977065acf51d95e0053ea7a,MG,informatica_acessorios,60,67,3,1,89.55
1838dd9b8977065acf51d95e0053ea7a,MG,eletronicos,5,67,3,2,7.46
1838dd9b8977065acf51d95e0053ea7a,MG,telefonia,2,67,3,3,2.99
4c18691b6037662be2df78a765d98ab5,SP,utilidades_domesticas,59,67,6,1,88.06
4c18691b6037662be2df78a765d98ab5,SP,construcao_ferramentas_ferramentas,2,67,6,4,2.99
4c18691b6037662be2df78a765d98ab5,SP,ferramentas_jardim,2,67,6,3,2.99
4c18691b6037662be2df78a765d98ab5,SP,beleza_saude,2,67,6,2,2.99
4c18691b6037662be2df78a765d98ab5,SP,construcao_ferramentas_construcao,1,67,6,5,1.49
4c18691b6037662be2df78a765d98ab5,SP,eletroportateis,1,67,6,6,1.49
95f83f51203c626648c875dd41874c7f,MG,moveis_decoracao,58,67,2,1,86.57
95f83f51203c626648c875dd41874c7f,MG,bebes,9,67,2,2,13.43
99a54764c341d5dc80b4a8fac4eba3fb,SP,utilidades_domesticas,63,67,5,1,94.03
99a54764c341d5dc80b4a8fac4eba3fb,SP,sinalizacao_e_seguranca,1,67,5,5,1.49
99a54764c341d5dc80b4a8fac4eba3fb,SP,moveis_sala,1,67,5,4,1.49
99a54764c341d5dc80b4a8fac4eba3fb,SP,brinquedos,1,67,5,2,1.49
99a54764c341d5dc80b4a8fac4eba3fb,SP,moveis_cozinha_area_de_servico_jantar_e_jardim,1,67,5,3,1.49
aced59e9b31ef866a94f9e7f29d8d418,SP,utilidades_domesticas,57,67,3,1,85.07
aced59e9b31ef866a94f9e7f29d8d418,SP,bebidas,5,67,3,2,7.46
aced59e9b31ef866a94f9e7f29d8d418,SP,livros_interesse_geral,5,67,3,3,7.46
056b4ada5bbc2c50cc7842547dda6b51,RJ,relogios_presentes,61,66,2,1,92.42
056b4ada5bbc2c50cc7842547dda6b51,RJ,eletronicos,5,66,2,2,7.58
05d2173d43ea568aa0540eba70d2ca76,MG,automotivo,50,66,3,1,75.76
05d2173d43ea568aa0540eba70d2ca76,MG,construcao_ferramentas_construcao,12,66,3,2,18.18
05d2173d43ea568aa0540eba70d2ca76,MG,utilidades_domesticas,4,66,3,3,6.06
6d803cb79cc31c41c4c789a75933b3c7,SP,esporte_lazer,66,66,1,1,100.00
834f3294fba9f932f56edc879193f925,SP,cool_stuff,65,66,2,1,98.48
834f3294fba9f932f56edc879193f925,SP,eletrodomesticos_2,1,66,2,2,1.52
8e8a7ce9f2f970dc00e2acf6f6e199f6,RJ,informatica_acessorios,66,66,1,1,100.00
cce6ab8d1682639fe45ab70234f1665f,SP,cama_mesa_banho,66,66,1,1,100.00
ce248b21cb2adc36282ede306b7660e5,SC,instrumentos_musicais,43,66,8,1,65.15
ce248b21cb2adc36282ede306b7660e5,SC,eletrodomesticos_2,7,66,8,2,10.61
ce248b21cb2adc36282ede306b7660e5,SC,eletrodomesticos,5,66,8,3,7.58
ce248b21cb2adc36282ede306b7660e5,SC,utilidades_domesticas,4,66,8,4,6.06
ce248b21cb2adc36282ede306b7660e5,SC,cool_stuff,4,66,8,5,6.06
ce248b21cb2adc36282ede306b7660e5,SC,musica,1,66,8,8,1.52
ce248b21cb2adc36282ede306b7660e5,SC,construcao_ferramentas_jardim,1,66,8,6,1.52
ce248b21cb2adc36282ede306b7660e5,SC,climatizacao,1,66,8,7,1.52
01cf7e3d21494c41fb86034f2e714fa1,PR,climatizacao,20,65,8,1,30.77
01cf7e3d21494c41fb86034f2e714fa1,PR,utilidades_domesticas,19,65,8,2,29.23
01cf7e3d21494c41fb86034f2e714fa1,PR,eletrodomesticos_2,13,65,8,3,20.00
01cf7e3d21494c41fb86034f2e714fa1,PR,cool_stuff,6,65,8,4,9.23
01cf7e3d21494c41fb86034f2e714fa1,PR,bebes,3,65,8,5,4.62
01cf7e3d21494c41fb86034f2e714fa1,PR,eletroportateis,2,65,8,6,3.08
01cf7e3d21494c41fb86034f2e714fa1,PR,cama_mesa_banho,1,65,8,7,1.54
01cf7e3d21494c41fb86034f2e714fa1,PR,eletrodomesticos,1,65,8,8,1.54
57e632711dec9ec14ca7546769483e7e,SC,beleza_saude,56,65,2,1,86.15
57e632711dec9ec14ca7546769483e7e,SC,perfumaria,9,65,2,2,13.85
8ae520247981aa06bc94abddf5f46d34,SC,relogios_presentes,52,65,4,1,80.00
8ae520247981aa06bc94abddf5f46d34,SC,esporte_lazer,10,65,4,2,15.38
8ae520247981aa06bc94abddf5f46d34,SC,papelaria,2,65,4,3,3.08
8ae520247981aa06bc94abddf5f46d34,SC,market_place,1,65,4,4,1.54
058fd0aa2bfdb2274e05e1ae971dabb6,SP,perfumaria,63,64,2,1,98.44
058fd0aa2bfdb2274e05e1ae971dabb6,SP,beleza_saude,1,64,2,2,1.56
165fc07beebdcb6190fba8a06db2a449,PR,informatica_acessorios,57,64,2,1,89.06
165fc07beebdcb6190fba8a06db2a449,PR,esporte_lazer,7,64,2,2,10.94
715bbd5ba4e6b74cb0d2f29eb45058b0,SP,relogios_presentes,27,64,5,1,42.19
715bbd5ba4e6b74cb0d2f29eb45058b0,SP,moveis_decoracao,24,64,5,2,37.50
715bbd5ba4e6b74cb0d2f29eb45058b0,SP,moveis_cozinha_area_de_servico_jantar_e_jardim,7,64,5,3,10.94
715bbd5ba4e6b74cb0d2f29eb45058b0,SP,utilidades_domesticas,4,64,5,4,6.25
715bbd5ba4e6b74cb0d2f29eb45058b0,SP,papelaria,2,64,5,5,3.13
96493fab2fbb13a14d0c0e8772eef5c3,SP,informatica_acessorios,64,64,1,1,100.00
05f51e13da97139648b8125c31e5f51b,MG,bebes,60,63,3,1,95.24
05f51e13da97139648b8125c31e5f51b,MG,cool_stuff,2,63,3,2,3.17
05f51e13da97139648b8125c31e5f51b,MG,brinquedos,1,63,3,3,1.59
5b925e1d006e9476d738aa200751b73b,SP,esporte_lazer,63,63,1,1,100.00
cc63f0dd2acba93ffed4fe9f8e0321fa,SP,utilidades_domesticas,62,63,2,1,98.41
cc63f0dd2acba93ffed4fe9f8e0321fa,SP,automotivo,1,63,2,2,1.59
d57e18d5f73c7ccb7f7339b61166898d,SP,fashion_bolsas_e_acessorios,44,63,3,1,69.84
d57e18d5f73c7ccb7f7339b61166898d,SP,perfumaria,17,63,3,2,26.98
d57e18d5f73c7ccb7f7339b61166898d,SP,malas_acessorios,2,63,3,3,3.17
e7d5b006eb624f13074497221eb37807,SP,telefonia,46,63,2,1,73.02
e7d5b006eb624f13074497221eb37807,SP,informatica_acessorios,17,63,2,2,26.98
0bf0150d5b9d60d9cd2906003332f085,SP,moveis_decoracao,57,62,2,1,91.94
0bf0150d5b9d60d9cd2906003332f085,SP,casa_conforto,5,62,2,2,8.06
318f287a62ab7ac10b703ac37435a231,SP,cama_mesa_banho,33,62,2,1,53.23
318f287a62ab7ac10b703ac37435a231,SP,esporte_lazer,29,62,2,2,46.77
8a130737016f838139d31878787a39c9,SP,casa_construcao,54,62,2,1,87.10
8a130737016f838139d31878787a39c9,SP,construcao_ferramentas_construcao,8,62,2,2,12.90
91f848e9f4be368f4318775aac733370,SP,utilidades_domesticas,62,62,1,1,100.00
05ff92fedb5be47920fea08e501238b9,RS,cool_stuff,32,61,3,1,52.46
05ff92fedb5be47920fea08e501238b9,RS,eletroportateis,18,61,3,2,29.51
05ff92fedb5be47920fea08e501238b9,RS,beleza_saude,11,61,3,3,18.03
17f51e7198701186712e53a39c564617,SP,beleza_saude,61,61,1,1,100.00
3bdff180c7e1f6551a643b99c265a120,SP,informatica_acessorios,61,61,1,1,100.00
45d33f715e24d15a6ccf5c17b3a23e3c,SP,informatica_acessorios,18,61,13,1,29.51
45d33f715e24d15a6ccf5c17b3a23e3c,SP,bebes,15,61,13,2,24.59
45d33f715e24d15a6ccf5c17b3a23e3c,SP,esporte_lazer,10,61,13,3,16.39
45d33f715e24d15a6ccf5c17b3a23e3c,SP,cool_stuff,4,61,13,4,6.56
45d33f715e24d15a6ccf5c17b3a23e3c,SP,automotivo,4,61,13,5,6.56
45d33f715e24d15a6ccf5c17b3a23e3c,SP,brinquedos,3,61,13,6,4.92
45d33f715e24d15a6ccf5c17b3a23e3c,SP,telefonia,1,61,13,12,1.64
45d33f715e24d15a6ccf5c17b3a23e3c,SP,cama_mesa_banho,1,61,13,11,1.64
45d33f715e24d15a6ccf5c17b3a23e3c,SP,climatizacao,1,61,13,10,1.64
45d33f715e24d15a6ccf5c17b3a23e3c,SP,construcao_ferramentas_construcao,1,61,13,9,1.64
45d33f715e24d15a6ccf5c17b3a23e3c,SP,casa_conforto_2,1,61,13,8,1.64
45d33f715e24d15a6ccf5c17b3a23e3c,SP,eletroportateis,1,61,13,7,1.64
45d33f715e24d15a6ccf5c17b3a23e3c,SP,eletronicos,1,61,13,13,1.64
729b2d09b2a0bdab221076327f13d050,SP,beleza_saude,38,61,2,1,62.30
729b2d09b2a0bdab221076327f13d050,SP,esporte_lazer,23,61,2,2,37.70
870d0118f7a9d85960f29ad89d5d989a,MG,moveis_sala,52,61,2,1,85.25
870d0118f7a9d85960f29ad89d5d989a,MG,utilidades_domesticas,9,61,2,2,14.75
d9bd94811c3338dceb4181f3dbc0c73e,SP,bebes,27,61,5,1,44.26
d9bd94811c3338dceb4181f3dbc0c73e,SP,perfumaria,20,61,5,2,32.79
d9bd94811c3338dceb4181f3dbc0c73e,SP,beleza_saude,10,61,5,3,16.39
d9bd94811c3338dceb4181f3dbc0c73e,SP,pet_shop,2,61,5,5,3.28
d9bd94811c3338dceb4181f3dbc0c73e,SP,alimentos,2,61,5,4,3.28
e067ad2c1c0b48758eb1b5228bcf7a68,SP,pet_shop,61,61,1,1,100.00
fdb9095204a334cd8872252ffec6f2db,SP,cama_mesa_banho,61,61,1,1,100.00
fffd5413c0700ac820c7069d66d98c89,SP,utilidades_domesticas,48,61,3,1,78.69
fffd5413c0700ac820c7069d66d98c89,SP,moveis_decoracao,12,61,3,2,19.67
fffd5413c0700ac820c7069d66d98c89,SP,moveis_sala,1,61,3,3,1.64
062ce95fa2ad4dfaedfc79260130565f,RS,moveis_decoracao,23,60,5,1,38.33
062ce95fa2ad4dfaedfc79260130565f,RS,cama_mesa_banho,19,60,5,2,31.67
062ce95fa2ad4dfaedfc79260130565f,RS,market_place,13,60,5,3,21.67
062ce95fa2ad4dfaedfc79260130565f,RS,beleza_saude,4,60,5,4,6.67
062ce95fa2ad4dfaedfc79260130565f,RS,esporte_lazer,1,60,5,5,1.67
2a5b78b41cd05baeac8df54c6606b92c,MG,beleza_saude,60,60,1,1,100.00
903037660cf848a717166eb7a06d616e,SP,moveis_decoracao,30,60,4,1,50.00
903037660cf848a717166eb7a06d616e,SP,ferramentas_jardim,25,60,4,2,41.67
903037660cf848a717166eb7a06d616e,SP,construcao_ferramentas_iluminacao,4,60,4,3,6.67
903037660cf848a717166eb7a06d616e,SP,cool_stuff,1,60,4,4,1.67
d650b663c3b5f6fb392b6326366efa9a,SP,relogios_presentes,57,60,2,1,95.00
d650b663c3b5f6fb392b6326366efa9a,SP,esporte_lazer,3,60,2,2,5.00
fa1a9dec3a9940c072684a46728bf1fc,SC,pet_shop,60,60,1,1,100.00
c6bda72e4dbf5c5866b13cb1810c6d03,SP,bebes,48,59,4,1,81.36
c6bda72e4dbf5c5866b13cb1810c6d03,SP,cool_stuff,8,59,4,2,13.56
c6bda72e4dbf5c5866b13cb1810c6d03,SP,brinquedos,2,59,4,3,3.39
c6bda72e4dbf5c5866b13cb1810c6d03,SP,malas_acessorios,1,59,4,4,1.69
d9a84e1403de8da0c3aa531d6d108ba6,SP,brinquedos,26,59,5,1,44.07
d9a84e1403de8da0c3aa531d6d108ba6,SP,bebes,19,59,5,2,32.20
d9a84e1403de8da0c3aa531d6d108ba6,SP,relogios_presentes,7,59,5,3,11.86
d9a84e1403de8da0c3aa531d6d108ba6,SP,esporte_lazer,4,59,5,4,6.78
d9a84e1403de8da0c3aa531d6d108ba6,SP,utilidades_domesticas,3,59,5,5,5.08
f214d28e8d8e3ef068748498ccc2f813,SP,fashion_bolsas_e_acessorios,40,59,4,1,67.80
f214d28e8d8e3ef068748498ccc2f813,SP,brinquedos,16,59,4,2,27.12
f214d28e8d8e3ef068748498ccc2f813,SP,fashion_roupa_masculina,2,59,4,3,3.39
f214d28e8d8e3ef068748498ccc2f813,SP,utilidades_domesticas,1,59,4,4,1.69
0d85bbda9889ce1f7e63778d24f346eb,MG,papelaria,31,58,3,1,53.45
0d85bbda9889ce1f7e63778d24f346eb,MG,artigos_de_natal,22,58,3,2,37.93
0d85bbda9889ce1f7e63778d24f346eb,MG,artes,5,58,3,3,8.62
138dbe45fc62f1e244378131a6801526,SP,utilidades_domesticas,18,58,7,1,31.03
138dbe45fc62f1e244378131a6801526,SP,esporte_lazer,13,58,7,2,22.41
138dbe45fc62f1e244378131a6801526,SP,beleza_saude,11,58,7,3,18.97
138dbe45fc62f1e244378131a6801526,SP,perfumaria,8,58,7,4,13.79
138dbe45fc62f1e244378131a6801526,SP,bebes,6,58,7,5,10.34
138dbe45fc62f1e244378131a6801526,SP,brinquedos,1,58,7,6,1.72
138dbe45fc62f1e244378131a6801526,SP,fashion_bolsas_e_acessorios,1,58,7,7,1.72
376a891762bbdecbc02b4b6adec3fdda,GO,esporte_lazer,51,58,5,1,87.93
376a891762bbdecbc02b4b6adec3fdda,GO,cool_stuff,3,58,5,2,5.17
376a891762bbdecbc02b4b6adec3fdda,GO,audio,2,58,5,3,3.45
376a891762bbdecbc02b4b6adec3fdda,GO,automotivo,1,58,5,4,1.72
376a891762bbdecbc02b4b6adec3fdda,GO,informatica_acessorios,1,58,5,5,1.72
c864036feaab8c1659f65ea4faebe1da,PR,esporte_lazer,58,58,1,1,100.00
dc317f341ab0e22f39acbd9dbf9b4a1f,RS,cool_stuff,55,58,3,1,94.83
dc317f341ab0e22f39acbd9dbf9b4a1f,RS,eletroportateis,2,58,3,2,3.45
dc317f341ab0e22f39acbd9dbf9b4a1f,RS,beleza_saude,1,58,3,3,1.72
e882b2a25a10b9c057cc49695f222c19,RJ,eletrodomesticos_2,34,58,8,1,58.62
e882b2a25a10b9c057cc49695f222c19,RJ,eletrodomesticos,12,58,8,2,20.69
e882b2a25a10b9c057cc49695f222c19,RJ,esporte_lazer,4,58,8,3,6.90
e882b2a25a10b9c057cc49695f222c19,RJ,construcao_ferramentas_jardim,2,58,8,4,3.45
e882b2a25a10b9c057cc49695f222c19,RJ,construcao_ferramentas_construcao,2,58,8,5,3.45
e882b2a25a10b9c057cc49695f222c19,RJ,ferramentas_jardim,2,58,8,6,3.45
e882b2a25a10b9c057cc49695f222c19,RJ,beleza_saude,1,58,8,8,1.72
e882b2a25a10b9c057cc49695f222c19,RJ,eletroportateis,1,58,8,7,1.72
3078096983cf766a32a06257648502d1,SP,brinquedos,23,57,10,1,40.35
3078096983cf766a32a06257648502d1,SP,utilidades_domesticas,11,57,10,2,19.30
3078096983cf766a32a06257648502d1,SP,beleza_saude,10,57,10,3,17.54
3078096983cf766a32a06257648502d1,SP,cool_stuff,5,57,10,4,8.77
3078096983cf766a32a06257648502d1,SP,moveis_decoracao,3,57,10,5,5.26
3078096983cf766a32a06257648502d1,SP,esporte_lazer,1,57,10,7,1.75
3078096983cf766a32a06257648502d1,SP,fashion_calcados,1,57,10,6,1.75
3078096983cf766a32a06257648502d1,SP,eletroportateis,1,57,10,8,1.75
3078096983cf766a32a06257648502d1,SP,la_cuisine,1,57,10,9,1.75
3078096983cf766a32a06257648502d1,SP,cama_mesa_banho,1,57,10,10,1.75
602044f2c16190c2c6e45eb35c2e21cb,SP,cama_mesa_banho,57,57,1,1,100.00
750303a20e9c56b2a6bc45cdce0b897d,GO,esporte_lazer,32,57,7,1,56.14
750303a20e9c56b2a6bc45cdce0b897d,GO,construcao_ferramentas_ferramentas,8,57,7,2,14.04
750303a20e9c56b2a6bc45cdce0b897d,GO,beleza_saude,7,57,7,3,12.28
750303a20e9c56b2a6bc45cdce0b897d,GO,ferramentas_jardim,5,57,7,4,8.77
750303a20e9c56b2a6bc45cdce0b897d,GO,utilidades_domesticas,3,57,7,5,5.26
750303a20e9c56b2a6bc45cdce0b897d,GO,eletroportateis,1,57,7,7,1.75
750303a20e9c56b2a6bc45cdce0b897d,GO,automotivo,1,57,7,6,1.75
994f04b3718c2bab35c2adfa8afecd2a,SP,utilidades_domesticas,54,57,3,1,94.74
994f04b3718c2bab35c2adfa8afecd2a,SP,moveis_decoracao,2,57,3,2,3.51
994f04b3718c2bab35c2adfa8afecd2a,SP,relogios_presentes,1,57,3,3,1.75
b17b679f4f5ce2e03ce6968c62648246,SP,beleza_saude,56,57,2,1,98.25
b17b679f4f5ce2e03ce6968c62648246,SP,consoles_games,1,57,2,2,1.75
09f952a5f58d2285b0372551ae8f9b01,SP,moveis_decoracao,41,56,2,1,73.21
09f952a5f58d2285b0372551ae8f9b01,SP,casa_construcao,15,56,2,2,26.79
56642bcb79900e777d68e91915cb4267,SP,beleza_saude,29,56,3,1,51.79
56642bcb79900e777d68e91915cb4267,SP,ferramentas_jardim,26,56,3,2,46.43
56642bcb79900e777d68e91915cb4267,SP,market_place,1,56,3,3,1.79
6c177e38df6d3f34182b1f1d427231bf,PR,telefonia,46,56,6,1,82.14
6c177e38df6d3f34182b1f1d427231bf,PR,eletronicos,5,56,6,2,8.93
6c177e38df6d3f34182b1f1d427231bf,PR,automotivo,2,56,6,3,3.57
6c177e38df6d3f34182b1f1d427231bf,PR,dvds_blu_ray,1,56,6,4,1.79
6c177e38df6d3f34182b1f1d427231bf,PR,consoles_games,1,56,6,5,1.79
6c177e38df6d3f34182b1f1d427231bf,PR,utilidades_domesticas,1,56,6,6,1.79
99eaacc9e6046db1c82b163c5f84869f,SP,telefonia,46,56,3,1,82.14
99eaacc9e6046db1c82b163c5f84869f,SP,informatica_acessorios,5,56,3,3,8.93
99eaacc9e6046db1c82b163c5f84869f,SP,telefonia_fixa,5,56,3,2,8.93
e24fc9fcd865784fb25705606fe3dfe7,SP,beleza_saude,39,56,3,1,69.64
e24fc9fcd865784fb25705606fe3dfe7,SP,pet_shop,16,56,3,2,28.57
e24fc9fcd865784fb25705606fe3dfe7,SP,cool_stuff,1,56,3,3,1.79
eed78ac17f7f795a19a709745f00cd4e,SP,moveis_decoracao,56,56,1,1,100.00
002100f778ceb8431b7a1020ff7ab48f,SP,moveis_decoracao,55,55,1,1,100.00
0ef83d7d83ed97cd2a0049ac8be5f88a,PR,beleza_saude,31,55,2,1,56.36
0ef83d7d83ed97cd2a0049ac8be5f88a,PR,esporte_lazer,24,55,2,2,43.64
23d7c96d4a1160db1c726b248601b25a,SP,cool_stuff,15,55,11,1,27.27
23d7c96d4a1160db1c726b248601b25a,SP,eletroportateis,14,55,11,2,25.45
23d7c96d4a1160db1c726b248601b25a,SP,brinquedos,9,55,11,3,16.36
23d7c96d4a1160db1c726b248601b25a,SP,climatizacao,5,55,11,4,9.09
23d7c96d4a1160db1c726b248601b25a,SP,eletrodomesticos_2,3,55,11,5,5.45
23d7c96d4a1160db1c726b248601b25a,SP,bebes,3,55,11,6,5.45
23d7c96d4a1160db1c726b248601b25a,SP,papelaria,2,55,11,7,3.64
23d7c96d4a1160db1c726b248601b25a,SP,portateis_casa_forno_e_cafe,1,55,11,11,1.82
23d7c96d4a1160db1c726b248601b25a,SP,utilidades_domesticas,1,55,11,10,1.82
23d7c96d4a1160db1c726b248601b25a,SP,eletrodomesticos,1,55,11,9,1.82
23d7c96d4a1160db1c726b248601b25a,SP,consoles_games,1,55,11,8,1.82
2a1348e9addc1af5aaa619b1a3679d6b,MG,moveis_decoracao,16,55,12,1,29.09
2a1348e9addc1af5aaa619b1a3679d6b,MG,automotivo,10,55,12,2,18.18
2a1348e9addc1af5aaa619b1a3679d6b,MG,beleza_saude,7,55,12,3,12.73
2a1348e9addc1af5aaa619b1a3679d6b,MG,informatica_acessorios,4,55,12,4,7.27
2a1348e9addc1af5aaa619b1a3679d6b,MG,telefonia_fixa,3,55,12,5,5.45
2a1348e9addc1af5aaa619b1a3679d6b,MG,consoles_games,3,55,12,8,5.45
2a1348e9addc1af5aaa619b1a3679d6b,MG,telefonia,3,55,12,6,5.45
2a1348e9addc1af5aaa619b1a3679d6b,MG,casa_conforto,3,55,12,7,5.45
2a1348e9addc1af5aaa619b1a3679d6b,MG,bebes,2,55,12,10,3.64
2a1348e9addc1af5aaa619b1a3679d6b,MG,fashion_underwear_e_moda_praia,2,55,12,9,3.64
2a1348e9addc1af5aaa619b1a3679d6b,MG,ferramentas_jardim,1,55,12,12,1.82
2a1348e9addc1af5aaa619b1a3679d6b,MG,perfumaria,1,55,12,11,1.82
2dee2ce60de9709b1a24083217181a1f,MT,perfumaria,55,55,1,1,100.00
624f4ece8da4aafb77699233d480f8ef,SP,moveis_decoracao,54,55,2,1,98.18
624f4ece8da4aafb77699233d480f8ef,SP,market_place,1,55,2,2,1.82
7202e2ba20579a9bd1acb29e61fe71f6,SP,telefonia,48,55,2,1,87.27
7202e2ba20579a9bd1acb29e61fe71f6,SP,automotivo,7,55,2,2,12.73
83e197e95a1bbabc8c75e883ed016c47,RJ,livros_interesse_geral,51,55,2,1,92.73
83e197e95a1bbabc8c75e883ed016c47,RJ,instrumentos_musicais,4,55,2,2,7.27
a5cba26a62b8b4d0145b68b841e62e7f,PR,beleza_saude,29,55,3,1,52.73
a5cba26a62b8b4d0145b68b841e62e7f,PR,cool_stuff,14,55,3,2,25.45
a5cba26a62b8b4d0145b68b841e62e7f,PR,pet_shop,12,55,3,3,21.82
a888faf2d1baececa6baf9c3d603ee1f,PR,perfumaria,55,55,1,1,100.00
20d83f3ef0e6925fd74bfd59170babf7,SP,fashion_bolsas_e_acessorios,54,54,1,1,100.00
2b3e4a2a3ea8e01938cabda2a3e5cc79,SP,informatica_acessorios,54,54,1,1,100.00
432c37c9dfba871172ec162e20118b8c,DF,cool_stuff,31,54,6,1,57.41
432c37c9dfba871172ec162e20118b8c,DF,utilidades_domesticas,16,54,6,2,29.63
432c37c9dfba871172ec162e20118b8c,DF,esporte_lazer,4,54,6,3,7.41
432c37c9dfba871172ec162e20118b8c,DF,relogios_presentes,1,54,6,5,1.85
432c37c9dfba871172ec162e20118b8c,DF,informatica_acessorios,1,54,6,4,1.85
432c37c9dfba871172ec162e20118b8c,DF,automotivo,1,54,6,6,1.85
4da0e408c99d2fdc2126dc9fce518060,PR,esporte_lazer,49,54,2,1,90.74
4da0e408c99d2fdc2126dc9fce518060,PR,market_place,5,54,2,2,9.26
b18dc380845b24038cfc48006478f099,SP,beleza_saude,53,54,2,1,98.15
b18dc380845b24038cfc48006478f099,SP,cool_stuff,1,54,2,2,1.85
b1a81260566c1bac3114a6d124413f27,RS,malas_acessorios,34,54,4,1,62.96
b1a81260566c1bac3114a6d124413f27,RS,papelaria,11,54,4,2,20.37
b1a81260566c1bac3114a6d124413f27,RS,moveis_decoracao,8,54,4,3,14.81
b1a81260566c1bac3114a6d124413f27,RS,construcao_ferramentas_construcao,1,54,4,4,1.85
f680f85bee2d253556ac91be391d2c82,SP,bebes,33,54,2,1,61.11
f680f85bee2d253556ac91be391d2c82,SP,ferramentas_jardim,21,54,2,2,38.89
0691148aee60ca47977c187804f935ae,PR,esporte_lazer,40,53,6,1,75.47
0691148aee60ca47977c187804f935ae,PR,automotivo,7,53,6,2,13.21
0691148aee60ca47977c187804f935ae,PR,papelaria,2,53,6,3,3.77
0691148aee60ca47977c187804f935ae,PR,beleza_saude,2,53,6,4,3.77
0691148aee60ca47977c187804f935ae,PR,fashion_bolsas_e_acessorios,1,53,6,6,1.89
0691148aee60ca47977c187804f935ae,PR,brinquedos,1,53,6,5,1.89
1b8356dabde1d35e17cef975c3f82730,SP,esporte_lazer,31,53,4,1,58.49
1b8356dabde1d35e17cef975c3f82730,SP,moveis_decoracao,15,53,4,2,28.30
1b8356dabde1d35e17cef975c3f82730,SP,ferramentas_jardim,4,53,4,3,7.55
1b8356dabde1d35e17cef975c3f82730,SP,fashion_bolsas_e_acessorios,3,53,4,4,5.66
1ca7077d890b907f89be8c954a02686a,SP,telefonia,28,53,2,1,52.83
1ca7077d890b907f89be8c954a02686a,SP,brinquedos,25,53,2,2,47.17
3504c0cb71d7fa48d967e0e4c94d59d9,SP,cool_stuff,33,53,6,1,62.26
3504c0cb71d7fa48d967e0e4c94d59d9,SP,utilidades_domesticas,7,53,6,2,13.21
3504c0cb71d7fa48d967e0e4c94d59d9,SP,bebes,5,53,6,3,9.43
3504c0cb71d7fa48d967e0e4c94d59d9,SP,esporte_lazer,4,53,6,4,7.55
3504c0cb71d7fa48d967e0e4c94d59d9,SP,moveis_decoracao,2,53,6,5,3.77
3504c0cb71d7fa48d967e0e4c94d59d9,SP,brinquedos,2,53,6,6,3.77
3bb548e3cb7f70f28e3f11ee9dce0e59,PR,informatica_acessorios,53,53,1,1,100.00
6f892e20a171e98efe17fdb971ff319b,SP,telefonia,50,53,3,1,94.34
6f892e20a171e98efe17fdb971ff319b,SP,papelaria,2,53,3,2,3.77
6f892e20a171e98efe17fdb971ff319b,SP,telefonia_fixa,1,53,3,3,1.89
8b9d6eec4a7eb7d0f9d579ce0b38324d,RJ,moveis_sala,52,53,2,1,98.11
8b9d6eec4a7eb7d0f9d579ce0b38324d,RJ,moveis_cozinha_area_de_servico_jantar_e_jardim,1,53,2,2,1.89
cd06602b43d8800bd0afad514919d35c,SP,utilidades_domesticas,47,53,3,1,88.68
cd06602b43d8800bd0afad514919d35c,SP,construcao_ferramentas_construcao,3,53,3,3,5.66
cd06602b43d8800bd0afad514919d35c,SP,cama_mesa_banho,3,53,3,2,5.66
81f89e42267213cb94da7ddc301651da,SP,perfumaria,26,52,3,1,50.00
81f89e42267213cb94da7ddc301651da,SP,consoles_games,25,52,3,2,48.08
81f89e42267213cb94da7ddc301651da,SP,informatica_acessorios,1,52,3,3,1.92
a6fe7de3d16f6149ffe280349a8535a0,SP,fashion_underwear_e_moda_praia,52,52,1,1,100.00
abcd2cb37d46c2c8fb1bf071c859fc5b,MT,beleza_saude,52,52,1,1,100.00
c9aafcd0621b2207c10e32c649cada4d,SP,beleza_saude,52,52,1,1,100.00
cb3dd9ce66268c7a3ca7241ac70ab58c,SP,esporte_lazer,50,52,2,1,96.15
cb3dd9ce66268c7a3ca7241ac70ab58c,SP,alimentos_bebidas,2,52,2,2,3.85
ea566164622c6b439516ab18062c42cd,SP,beleza_saude,12,52,9,1,23.08
ea566164622c6b439516ab18062c42cd,SP,informatica_acessorios,11,52,9,2,21.15
ea566164622c6b439516ab18062c42cd,SP,telefonia,9,52,9,3,17.31
ea566164622c6b439516ab18062c42cd,SP,cool_stuff,7,52,9,4,13.46
ea566164622c6b439516ab18062c42cd,SP,perfumaria,5,52,9,5,9.62
ea566164622c6b439516ab18062c42cd,SP,eletronicos,3,52,9,6,5.77
ea566164622c6b439516ab18062c42cd,SP,esporte_lazer,3,52,9,7,5.77
ea566164622c6b439516ab18062c42cd,SP,bebes,1,52,9,9,1.92
ea566164622c6b439516ab18062c42cd,SP,consoles_games,1,52,9,8,1.92
048c2757535328e0d7dac690ad3c0aae,SP,fashion_calcados,51,51,1,1,100.00
20cb7c2fde3e5bf10f0bbe7394e1c6a9,PR,moveis_decoracao,51,51,1,1,100.00
9b00ed88b7fdb95d6ff76e27c1b52d16,SP,esporte_lazer,48,51,2,1,94.12
9b00ed88b7fdb95d6ff76e27c1b52d16,SP,beleza_saude,3,51,2,2,5.88
e0a366315b1b726b6c7832d664c0f530,SP,construcao_ferramentas_construcao,43,51,4,1,84.31
e0a366315b1b726b6c7832d664c0f530,SP,moveis_decoracao,4,51,4,2,7.84
e0a366315b1b726b6c7832d664c0f530,SP,perfumaria,3,51,4,3,5.88
e0a366315b1b726b6c7832d664c0f530,SP,casa_construcao,1,51,4,4,1.96
efcd8d2104f1a05d028af7bad20d974b,SP,fashion_bolsas_e_acessorios,51,51,1,1,100.00
25cf099de44674fde97473224f9d59ab,SP,automotivo,50,50,1,1,100.00
520b493b57809f446cb0a233bb3e25c7,SP,utilidades_domesticas,28,50,3,1,56.00
520b493b57809f446cb0a233bb3e25c7,SP,casa_conforto,19,50,3,2,38.00
520b493b57809f446cb0a233bb3e25c7,SP,cama_mesa_banho,3,50,3,3,6.00
7dc8c42cc750eeafea6c85712ffee9bf,SP,utilidades_domesticas,28,50,8,1,56.00
7dc8c42cc750eeafea6c85712ffee9bf,SP,moveis_decoracao,8,50,8,2,16.00
7dc8c42cc750eeafea6c85712ffee9bf,SP,beleza_saude,6,50,8,3,12.00
7dc8c42cc750eeafea6c85712ffee9bf,SP,construcao_ferramentas_jardim,2,50,8,6,4.00
7dc8c42cc750eeafea6c85712ffee9bf,SP,cool_stuff,2,50,8,5,4.00
7dc8c42cc750eeafea6c85712ffee9bf,SP,eletronicos,2,50,8,4,4.00
7dc8c42cc750eeafea6c85712ffee9bf,SP,eletrodomesticos,1,50,8,8,2.00
7dc8c42cc750eeafea6c85712ffee9bf,SP,casa_conforto,1,50,8,7,2.00
835f0f7810c76831d6c7d24c7a646d4d,SP,utilidades_domesticas,39,50,2,1,78.00
835f0f7810c76831d6c7d24c7a646d4d,SP,fashion_roupa_masculina,11,50,2,2,22.00
aae3bfea055532c57fb453ed3ec80b30,SP,market_place,50,50,1,1,100.00
abe42c5d03695b4257b5c6cbf4e6784e,RJ,beleza_saude,41,50,2,1,82.00
abe42c5d03695b4257b5c6cbf4e6784e,RJ,fashion_bolsas_e_acessorios,9,50,2,2,18.00
ede0c03645598cdfc63ca8237acbe73d,SP,informatica_acessorios,44,50,3,1,88.00
ede0c03645598cdfc63ca8237acbe73d,SP,automotivo,5,50,3,2,10.00
ede0c03645598cdfc63ca8237acbe73d,SP,audio,1,50,3,3,2.00
1da366cade6d8276e7d8beea7af5d4bf,MG,moveis_decoracao,36,49,3,1,73.47
1da366cade6d8276e7d8beea7af5d4bf,MG,moveis_sala,11,49,3,2,22.45
1da366cade6d8276e7d8beea7af5d4bf,MG,moveis_escritorio,2,49,3,3,4.08
382229d1e840115ffe3dbf5ff460e417,RJ,utilidades_domesticas,12,49,9,1,24.49
382229d1e840115ffe3dbf5ff460e417,RJ,pet_shop,11,49,9,2,22.45
382229d1e840115ffe3dbf5ff460e417,RJ,beleza_saude,9,49,9,3,18.37
382229d1e840115ffe3dbf5ff460e417,RJ,esporte_lazer,7,49,9,4,14.29
382229d1e840115ffe3dbf5ff460e417,RJ,ferramentas_jardim,3,49,9,6,6.12
382229d1e840115ffe3dbf5ff460e417,RJ,perfumaria,3,49,9,5,6.12
382229d1e840115ffe3dbf5ff460e417,RJ,brinquedos,2,49,9,7,4.08
382229d1e840115ffe3dbf5ff460e417,RJ,artes,1,49,9,9,2.04
382229d1e840115ffe3dbf5ff460e417,RJ,bebes,1,49,9,8,2.04
6df688df543f90e9b38f4319e75a9d88,MG,beleza_saude,49,49,1,1,100.00
b39d7fe263ef469605dbb32608aee0af,SP,cama_mesa_banho,49,49,1,1,100.00
f789d2c4f2c2eb38fc4373e7a4b35264,MG,pet_shop,48,49,2,1,97.96
f789d2c4f2c2eb38fc4373e7a4b35264,MG,esporte_lazer,1,49,2,2,2.04
ff1fb4c404b2efe68b03350a8dc24122,SP,brinquedos,32,49,6,1,65.31
ff1fb4c404b2efe68b03350a8dc24122,SP,bebes,7,49,6,2,14.29
ff1fb4c404b2efe68b03350a8dc24122,SP,cool_stuff,4,49,6,3,8.16
ff1fb4c404b2efe68b03350a8dc24122,SP,beleza_saude,4,49,6,4,8.16
ff1fb4c404b2efe68b03350a8dc24122,SP,eletronicos,1,49,6,5,2.04
ff1fb4c404b2efe68b03350a8dc24122,SP,esporte_lazer,1,49,6,6,2.04
113e3a788b935f48aad63e1c41dac1bd,SP,artigos_de_natal,48,48,1,1,100.00
3d8fa2f5b647373c8620330c4e077a9f,SP,ferramentas_jardim,17,48,6,1,35.42
3d8fa2f5b647373c8620330c4e077a9f,SP,beleza_saude,12,48,6,2,25.00
3d8fa2f5b647373c8620330c4e077a9f,SP,utilidades_domesticas,9,48,6,3,18.75
3d8fa2f5b647373c8620330c4e077a9f,SP,esporte_lazer,7,48,6,4,14.58
3d8fa2f5b647373c8620330c4e077a9f,SP,automotivo,2,48,6,5,4.17
3d8fa2f5b647373c8620330c4e077a9f,SP,bebes,1,48,6,6,2.08
4c03b9dd4c11ee2cb35c96c49efc9420,SP,brinquedos,48,48,1,1,100.00
4c498c7345e89aebad651544829beca0,SP,beleza_saude,28,48,2,1,58.33
4c498c7345e89aebad651544829beca0,SP,perfumaria,20,48,2,2,41.67
c68fb906c8f4b4b946d8386bfa6e5467,SP,utilidades_domesticas,33,48,8,1,68.75
c68fb906c8f4b4b946d8386bfa6e5467,SP,brinquedos,4,48,8,2,8.33
c68fb906c8f4b4b946d8386bfa6e5467,SP,cool_stuff,3,48,8,3,6.25
c68fb906c8f4b4b946d8386bfa6e5467,SP,eletroportateis,3,48,8,4,6.25
c68fb906c8f4b4b946d8386bfa6e5467,SP,esporte_lazer,2,48,8,5,4.17
c68fb906c8f4b4b946d8386bfa6e5467,SP,beleza_saude,1,48,8,8,2.08
c68fb906c8f4b4b946d8386bfa6e5467,SP,relogios_presentes,1,48,8,7,2.08
c68fb906c8f4b4b946d8386bfa6e5467,SP,eletrodomesticos_2,1,48,8,6,2.08
db2956745b3a8e9f3785c99f34b5d25e,SP,beleza_saude,48,48,1,1,100.00
e8f6dc8e6a1dcde89d20e3995c8d90b3,SP,moveis_decoracao,27,48,9,1,56.25
e8f6dc8e6a1dcde89d20e3995c8d90b3,SP,telefonia,10,48,9,2,20.83
e8f6dc8e6a1dcde89d20e3995c8d90b3,SP,esporte_lazer,3,48,9,3,6.25
e8f6dc8e6a1dcde89d20e3995c8d90b3,SP,informatica_acessorios,3,48,9,4,6.25
e8f6dc8e6a1dcde89d20e3995c8d90b3,SP,perfumaria,1,48,9,8,2.08
e8f6dc8e6a1dcde89d20e3995c8d90b3,SP,automotivo,1,48,9,7,2.08
e8f6dc8e6a1dcde89d20e3995c8d90b3,SP,fraldas_higiene,1,48,9,9,2.08
e8f6dc8e6a1dcde89d20e3995c8d90b3,SP,cool_stuff,1,48,9,5,2.08
e8f6dc8e6a1dcde89d20e3995c8d90b3,SP,climatizacao,1,48,9,6,2.08
2709af9587499e95e803a6498a5a56e9,SP,beleza_saude,37,47,2,1,78.72
2709af9587499e95e803a6498a5a56e9,SP,perfumaria,10,47,2,2,21.28
276677b5d08786d5dce7c2149dcce48b,MG,utilidades_domesticas,31,47,6,1,65.96
276677b5d08786d5dce7c2149dcce48b,MG,ferramentas_jardim,7,47,6,2,14.89
276677b5d08786d5dce7c2149dcce48b,MG,beleza_saude,3,47,6,3,6.38
276677b5d08786d5dce7c2149dcce48b,MG,brinquedos,3,47,6,4,6.38
276677b5d08786d5dce7c2149dcce48b,MG,moveis_quarto,2,47,6,5,4.26
276677b5d08786d5dce7c2149dcce48b,MG,instrumentos_musicais,1,47,6,6,2.13
33a17d60c64393351ebf1ef860f4e0f2,RS,utilidades_domesticas,47,47,1,1,100.00
406822777a0b9eb5c50e442dd4cd3ec5,SP,brinquedos,46,47,2,1,97.87
406822777a0b9eb5c50e442dd4cd3ec5,SP,cool_stuff,1,47,2,2,2.13
6b90f847357d8981edd79a1eb1bf0acb,SP,beleza_saude,16,47,6,1,34.04
6b90f847357d8981edd79a1eb1bf0acb,SP,cine_foto,10,47,6,2,21.28
6b90f847357d8981edd79a1eb1bf0acb,SP,consoles_games,8,47,6,3,17.02
6b90f847357d8981edd79a1eb1bf0acb,SP,esporte_lazer,6,47,6,4,12.77
6b90f847357d8981edd79a1eb1bf0acb,SP,alimentos,5,47,6,5,10.64
6b90f847357d8981edd79a1eb1bf0acb,SP,brinquedos,2,47,6,6,4.26
b8bc237ba3788b23da09c0f1f3a3288c,SC,utilidades_domesticas,47,47,1,1,100.00
23c38debaffe4a25a30fdbd9b586a13f,SP,ferramentas_jardim,33,46,6,1,71.74
23c38debaffe4a25a30fdbd9b586a13f,SP,automotivo,5,46,6,2,10.87
23c38debaffe4a25a30fdbd9b586a13f,SP,construcao_ferramentas_ferramentas,3,46,6,4,6.52
23c38debaffe4a25a30fdbd9b586a13f,SP,industria_comercio_e_negocios,3,46,6,3,6.52
23c38debaffe4a25a30fdbd9b586a13f,SP,sinalizacao_e_seguranca,1,46,6,5,2.17
23c38debaffe4a25a30fdbd9b586a13f,SP,construcao_ferramentas_construcao,1,46,6,6,2.17
2a7dc43cecabf23403078e2188437d1d,SP,moveis_decoracao,11,46,5,1,23.91
2a7dc43cecabf23403078e2188437d1d,SP,utilidades_domesticas,11,46,5,2,23.91
2a7dc43cecabf23403078e2188437d1d,SP,esporte_lazer,10,46,5,3,21.74
2a7dc43cecabf23403078e2188437d1d,SP,beleza_saude,8,46,5,4,17.39
2a7dc43cecabf23403078e2188437d1d,SP,brinquedos,6,46,5,5,13.04
381c83fdca332ea6afd896da20bf6e4a,PR,relogios_presentes,43,46,2,1,93.48
381c83fdca332ea6afd896da20bf6e4a,PR,eletronicos,3,46,2,2,6.52
4e06067cc08b3f41d837768d392c3ee3,MG,perfumaria,46,46,1,1,100.00
5f3ae9136c875522250f8184f253413a,SP,livros_tecnicos,41,46,2,1,89.13
5f3ae9136c875522250f8184f253413a,SP,livros_interesse_geral,5,46,2,2,10.87
a2e874074c877c5a05abae80ad6e488f,SP,utilidades_domesticas,39,46,5,1,84.78
a2e874074c877c5a05abae80ad6e488f,SP,esporte_lazer,3,46,5,2,6.52
a2e874074c877c5a05abae80ad6e488f,SP,eletroportateis,2,46,5,3,4.35
a2e874074c877c5a05abae80ad6e488f,SP,portateis_casa_forno_e_cafe,1,46,5,4,2.17
a2e874074c877c5a05abae80ad6e488f,SP,artes,1,46,5,5,2.17
ad420dd0c4f92f8af951ac24b86d0cf5,MG,beleza_saude,45,46,2,1,97.83
ad420dd0c4f92f8af951ac24b86d0cf5,MG,brinquedos,1,46,2,2,2.17
afe0067131b73e40875c9b6c10bd2e21,MG,perfumaria,46,46,1,1,100.00
b32be1695eb7ec5f10f72d9610a12527,RS,moveis_cozinha_area_de_servico_jantar_e_jardim,21,46,4,1,45.65
b32be1695eb7ec5f10f72d9610a12527,RS,eletroportateis,13,46,4,2,28.26
b32be1695eb7ec5f10f72d9610a12527,RS,utilidades_domesticas,10,46,4,3,21.74
b32be1695eb7ec5f10f72d9610a12527,RS,esporte_lazer,2,46,4,4,4.35
bccf933e006e9b94a6184af782963e77,SP,beleza_saude,46,46,1,1,100.00
2d50d6282f8aa2257819a77bfaa0efe0,SP,cama_mesa_banho,28,45,3,1,62.22
2d50d6282f8aa2257819a77bfaa0efe0,SP,bebes,16,45,3,2,35.56
2d50d6282f8aa2257819a77bfaa0efe0,SP,moveis_decoracao,1,45,3,3,2.22
58f1a6197ed863543e0136bdedb3fce2,MG,relogios_presentes,30,45,3,1,66.67
58f1a6197ed863543e0136bdedb3fce2,MG,brinquedos,14,45,3,2,31.11
58f1a6197ed863543e0136bdedb3fce2,MG,cool_stuff,1,45,3,3,2.22
718539d38d07dd351c76db862760e2e2,SP,pet_shop,43,45,3,1,95.56
718539d38d07dd351c76db862760e2e2,SP,cool_stuff,1,45,3,2,2.22
718539d38d07dd351c76db862760e2e2,SP,beleza_saude,1,45,3,3,2.22
817245bcc3badd82bbd222e0366951a6,SP,automotivo,45,45,1,1,100.00
8b2492b7ff4468839593fafeed55bad9,RJ,beleza_saude,45,45,1,1,100.00
9add47bf45ce8e8c7db6b9cf670b1e09,PR,moveis_decoracao,35,45,6,1,77.78
9add47bf45ce8e8c7db6b9cf670b1e09,PR,casa_conforto,4,45,6,2,8.89
9add47bf45ce8e8c7db6b9cf670b1e09,PR,market_place,2,45,6,4,4.44
9add47bf45ce8e8c7db6b9cf670b1e09,PR,moveis_sala,2,45,6,3,4.44
9add47bf45ce8e8c7db6b9cf670b1e09,PR,bebes,1,45,6,5,2.22
9add47bf45ce8e8c7db6b9cf670b1e09,PR,moveis_quarto,1,45,6,6,2.22
c013e57c075a06e5b5c48ee03c525719,SP,pet_shop,45,45,1,1,100.00
c66dccfb3f109511246da627dd5a2498,SP,relogios_presentes,44,45,2,1,97.78
c66dccfb3f109511246da627dd5a2498,SP,eletronicos,1,45,2,2,2.22
dc8798cbf453b7e0f98745e396cc5616,SP,fashion_roupa_masculina,31,45,2,1,68.89
dc8798cbf453b7e0f98745e396cc5616,SP,fashion_roupa_feminina,14,45,2,2,31.11
dd533b429f380718b70ad9922c294bae,SP,brinquedos,39,45,2,1,86.67
dd533b429f380718b70ad9922c294bae,SP,cool_stuff,6,45,2,2,13.33
02f623a8eb246f3c5f7c2f96462654e6,SP,esporte_lazer,41,44,2,1,93.18
02f623a8eb246f3c5f7c2f96462654e6,SP,beleza_saude,3,44,2,2,6.82
1ce3ae5a399804d1a87e706f8a813c3e,SC,moveis_decoracao,44,44,1,1,100.00
2089a6d640999f9b9141ac719b2af596,SP,esporte_lazer,26,44,3,1,59.09
2089a6d640999f9b9141ac719b2af596,SP,perfumaria,14,44,3,2,31.82
2089a6d640999f9b9141ac719b2af596,SP,beleza_saude,4,44,3,3,9.09
5a93f3ab0ef4c84ed5e1b5dbf23978bc,SP,bebes,28,44,2,1,63.64
5a93f3ab0ef4c84ed5e1b5dbf23978bc,SP,alimentos_bebidas,16,44,2,2,36.36
6338ea67c41078a46ad99cc009654956,RS,automotivo,44,44,1,1,100.00
834f8533b2ecb6598dd004ff3de7203a,SP,pet_shop,23,44,4,1,52.27
834f8533b2ecb6598dd004ff3de7203a,SP,bebes,16,44,4,2,36.36
834f8533b2ecb6598dd004ff3de7203a,SP,brinquedos,3,44,4,3,6.82
834f8533b2ecb6598dd004ff3de7203a,SP,esporte_lazer,2,44,4,4,4.55
acce39e832338debb07b02385cde5967,MG,papelaria,27,44,2,1,61.36
acce39e832338debb07b02385cde5967,MG,malas_acessorios,17,44,2,2,38.64
ad781527c93d00d89a11eecd9dcad7c1,SP,bebes,44,44,1,1,100.00
b410bdd36d5db7a65dcd42b7ead933b8,GO,utilidades_domesticas,44,44,1,1,100.00
ef990a83bbea832f36ebe81376335aa8,SC,esporte_lazer,40,44,2,1,90.91
ef990a83bbea832f36ebe81376335aa8,SC,construcao_ferramentas_construcao,4,44,2,2,9.09
0ed6ce5d87fd9c69eaacaeb778d67235,SP,eletronicos,20,43,4,1,46.51
0ed6ce5d87fd9c69eaacaeb778d67235,SP,utilidades_domesticas,14,43,4,2,32.56
0ed6ce5d87fd9c69eaacaeb778d67235,SP,climatizacao,5,43,4,3,11.63
0ed6ce5d87fd9c69eaacaeb778d67235,SP,agro_industria_e_comercio,4,43,4,4,9.30
1d4587203296c8f4ad134dc286fa6db0,SP,automotivo,43,43,1,1,100.00
31344c16881c08a8a72c6d2eb29918c1,MG,moveis_decoracao,43,43,1,1,100.00
3586b8580d9c917874e053a1bb37b5ff,SP,papelaria,40,43,2,1,93.02
3586b8580d9c917874e053a1bb37b5ff,SP,moveis_escritorio,3,43,2,2,6.98
3c03b12bab54d8b37d79d914bfdb1aa0,RJ,esporte_lazer,40,43,2,1,93.02
3c03b12bab54d8b37d79d914bfdb1aa0,RJ,alimentos,3,43,2,2,6.98
3f995f07c49d0d55a99d5c54957f7d81,SP,automotivo,41,43,2,1,95.35
3f995f07c49d0d55a99d5c54957f7d81,SP,informatica_acessorios,2,43,2,2,4.65
6481e96574816ead57975da2c0f6d80d,SP,sinalizacao_e_seguranca,22,43,5,1,51.16
6481e96574816ead57975da2c0f6d80d,SP,agro_industria_e_comercio,15,43,5,2,34.88
6481e96574816ead57975da2c0f6d80d,SP,cama_mesa_banho,4,43,5,3,9.30
6481e96574816ead57975da2c0f6d80d,SP,utilidades_domesticas,1,43,5,5,2.33
6481e96574816ead57975da2c0f6d80d,SP,ferramentas_jardim,1,43,5,4,2.33
6b3bd31ad8fcda4b2635ec9f3ff2ecdf,RJ,esporte_lazer,42,43,2,1,97.67
6b3bd31ad8fcda4b2635ec9f3ff2ecdf,RJ,automotivo,1,43,2,2,2.33
75fbb52eda0cbc24f479d3b2fbfa8d3e,GO,dvds_blu_ray,43,43,1,1,100.00
7f7b8245c336066a1f9933c359f11d77,SP,beleza_saude,27,43,8,1,62.79
7f7b8245c336066a1f9933c359f11d77,SP,livros_interesse_geral,5,43,8,2,11.63
7f7b8245c336066a1f9933c359f11d77,SP,alimentos,3,43,8,4,6.98
7f7b8245c336066a1f9933c359f11d77,SP,brinquedos,3,43,8,3,6.98
7f7b8245c336066a1f9933c359f11d77,SP,bebes,2,43,8,5,4.65
7f7b8245c336066a1f9933c359f11d77,SP,utilidades_domesticas,1,43,8,8,2.33
7f7b8245c336066a1f9933c359f11d77,SP,informatica_acessorios,1,43,8,7,2.33
7f7b8245c336066a1f9933c359f11d77,SP,livros_tecnicos,1,43,8,6,2.33
bf3c6d2a28b2b5501e6c15448982dcc9,SP,bebes,40,43,2,1,93.02
bf3c6d2a28b2b5501e6c15448982dcc9,SP,papelaria,3,43,2,2,6.98
c847e075301870dd144a116762eaff9a,MG,cool_stuff,28,43,4,1,65.12
c847e075301870dd144a116762eaff9a,MG,automotivo,9,43,4,2,20.93
c847e075301870dd144a116762eaff9a,MG,instrumentos_musicais,5,43,4,3,11.63
c847e075301870dd144a116762eaff9a,MG,ferramentas_jardim,1,43,4,4,2.33
e63e8bfa530fb16910dd6956e592bb81,SP,utilidades_domesticas,40,43,2,1,93.02
e63e8bfa530fb16910dd6956e592bb81,SP,moveis_decoracao,3,43,2,2,6.98
3340ef1913fb70d28420f6ceb685c339,PR,informatica_acessorios,42,42,1,1,100.00
3361277dc30b7cccdb0c286b24219756,PR,pet_shop,32,42,3,1,76.19
3361277dc30b7cccdb0c286b24219756,PR,utilidades_domesticas,6,42,3,2,14.29
3361277dc30b7cccdb0c286b24219756,PR,construcao_ferramentas_jardim,4,42,3,3,9.52
4559697a8f7e637227c2eeaed843baff,SP,eletrodomesticos,36,42,3,1,85.71
4559697a8f7e637227c2eeaed843baff,SP,automotivo,4,42,3,2,9.52
4559697a8f7e637227c2eeaed843baff,SP,informatica_acessorios,2,42,3,3,4.76
66dc1b1632bd6a3e508510c5b3492107,SP,telefonia,11,42,7,2,26.19
66dc1b1632bd6a3e508510c5b3492107,SP,esporte_lazer,11,42,7,1,26.19
66dc1b1632bd6a3e508510c5b3492107,SP,automotivo,10,42,7,3,23.81
66dc1b1632bd6a3e508510c5b3492107,SP,beleza_saude,3,42,7,6,7.14
66dc1b1632bd6a3e508510c5b3492107,SP,relogios_presentes,3,42,7,5,7.14
66dc1b1632bd6a3e508510c5b3492107,SP,informatica_acessorios,3,42,7,4,7.14
66dc1b1632bd6a3e508510c5b3492107,SP,brinquedos,1,42,7,7,2.38
83deb69e889cf80f82be1dc6d5f2d486,SC,instrumentos_musicais,42,42,1,1,100.00
b56906f7fd1696e043f1bcce164c487b,SP,beleza_saude,38,42,2,1,90.48
b56906f7fd1696e043f1bcce164c487b,SP,pet_shop,4,42,2,2,9.52
bacb1f0ed56ad24198f5810d2b3fe9a5,SP,brinquedos,30,42,3,1,71.43
bacb1f0ed56ad24198f5810d2b3fe9a5,SP,cool_stuff,11,42,3,2,26.19
bacb1f0ed56ad24198f5810d2b3fe9a5,SP,bebes,1,42,3,3,2.38
bd4889b5e9133b35b66e42a8665cea5c,SP,moveis_decoracao,42,42,1,1,100.00
0cbcee27c791afa0cdcb08587a2013a8,MG,fashion_bolsas_e_acessorios,31,41,3,1,75.61
0cbcee27c791afa0cdcb08587a2013a8,MG,esporte_lazer,9,41,3,2,21.95
0cbcee27c791afa0cdcb08587a2013a8,MG,fashion_esporte,1,41,3,3,2.44
34d1ca11b242c0fee2c834ae8d788566,MG,informatica_acessorios,41,41,1,1,100.00
4200ddf1967c5e41e48db62bc6d4b5ac,SP,cama_mesa_banho,41,41,1,1,100.00
43f8c9950d11ecd03a0304a49e010da6,SP,consoles_games,41,41,1,1,100.00
45ba18c210d42734ec52c0c1c574e9ee,SP,bebes,19,41,9,1,46.34
45ba18c210d42734ec52c0c1c574e9ee,SP,ferramentas_jardim,12,41,9,2,29.27
45ba18c210d42734ec52c0c1c574e9ee,SP,automotivo,3,41,9,3,7.32
45ba18c210d42734ec52c0c1c574e9ee,SP,papelaria,2,41,9,4,4.88
45ba18c210d42734ec52c0c1c574e9ee,SP,esporte_lazer,1,41,9,8,2.44
45ba18c210d42734ec52c0c1c574e9ee,SP,utilidades_domesticas,1,41,9,9,2.44
45ba18c210d42734ec52c0c1c574e9ee,SP,construcao_ferramentas_seguranca,1,41,9,5,2.44
45ba18c210d42734ec52c0c1c574e9ee,SP,construcao_ferramentas_construcao,1,41,9,6,2.44
45ba18c210d42734ec52c0c1c574e9ee,SP,construcao_ferramentas_ferramentas,1,41,9,7,2.44
55a5b51f93f2b70ea513f5a047b0262a,MG,esporte_lazer,41,41,1,1,100.00
5b8154610ebb21fb90eb587365e673df,SP,informatica_acessorios,23,41,5,1,56.10
5b8154610ebb21fb90eb587365e673df,SP,beleza_saude,11,41,5,2,26.83
5b8154610ebb21fb90eb587365e673df,SP,construcao_ferramentas_construcao,5,41,5,3,12.20
5b8154610ebb21fb90eb587365e673df,SP,eletrodomesticos,1,41,5,5,2.44
5b8154610ebb21fb90eb587365e673df,SP,automotivo,1,41,5,4,2.44
73a63f72308aa20a46f4b1632018f196,PR,ferramentas_jardim,29,41,4,1,70.73
73a63f72308aa20a46f4b1632018f196,PR,eletronicos,5,41,4,2,12.20
73a63f72308aa20a46f4b1632018f196,PR,construcao_ferramentas_construcao,4,41,4,3,9.76
73a63f72308aa20a46f4b1632018f196,PR,industria_comercio_e_negocios,3,41,4,4,7.32
b1ac6ea7895bc3dd6f0f6f4abbdd2821,RS,esporte_lazer,41,41,1,1,100.00
c60b801f2d52c7f7f91de00870882a75,SP,relogios_presentes,31,41,5,1,75.61
c60b801f2d52c7f7f91de00870882a75,SP,cool_stuff,5,41,5,2,12.20
c60b801f2d52c7f7f91de00870882a75,SP,alimentos,3,41,5,3,7.32
c60b801f2d52c7f7f91de00870882a75,SP,beleza_saude,1,41,5,4,2.44
c60b801f2d52c7f7f91de00870882a75,SP,eletronicos,1,41,5,5,2.44
d1b65fc7debc3361ea86b5f14c68d2e2,SP,malas_acessorios,28,41,3,1,68.29
d1b65fc7debc3361ea86b5f14c68d2e2,SP,papelaria,11,41,3,2,26.83
d1b65fc7debc3361ea86b5f14c68d2e2,SP,fashion_bolsas_e_acessorios,2,41,3,3,4.88
daeb5653dd96c1b11860f72209795012,MG,brinquedos,19,41,8,1,46.34
daeb5653dd96c1b11860f72209795012,MG,utilidades_domesticas,10,41,8,2,24.39
daeb5653dd96c1b11860f72209795012,MG,beleza_saude,4,41,8,3,9.76
daeb5653dd96c1b11860f72209795012,MG,automotivo,3,41,8,4,7.32
daeb5653dd96c1b11860f72209795012,MG,bebes,2,41,8,5,4.88
daeb5653dd96c1b11860f72209795012,MG,ferramentas_jardim,1,41,8,6,2.44
daeb5653dd96c1b11860f72209795012,MG,fashion_bolsas_e_acessorios,1,41,8,8,2.44
daeb5653dd96c1b11860f72209795012,MG,malas_acessorios,1,41,8,7,2.44
e2aee0892199b1d92530e371abd825bf,PR,esporte_lazer,28,41,4,1,68.29
e2aee0892199b1d92530e371abd825bf,PR,informatica_acessorios,7,41,4,2,17.07
e2aee0892199b1d92530e371abd825bf,PR,moveis_sala,5,41,4,3,12.20
e2aee0892199b1d92530e371abd825bf,PR,telefonia_fixa,1,41,4,4,2.44
272f092de69afedd4d2969440b37f18f,SP,fashion_bolsas_e_acessorios,35,40,4,1,87.50
272f092de69afedd4d2969440b37f18f,SP,livros_importados,2,40,4,3,5.00
272f092de69afedd4d2969440b37f18f,SP,bebes,2,40,4,2,5.00
272f092de69afedd4d2969440b37f18f,SP,audio,1,40,4,4,2.50
3f3486b61f45078d4f31ee5e43d8c5bb,SP,malas_acessorios,29,40,3,1,72.50
3f3486b61f45078d4f31ee5e43d8c5bb,SP,esporte_lazer,10,40,3,2,25.00
3f3486b61f45078d4f31ee5e43d8c5bb,SP,moveis_escritorio,1,40,3,3,2.50
42bde9fef835393bb8a8849cb6b7f245,DF,brinquedos,24,40,3,1,60.00
42bde9fef835393bb8a8849cb6b7f245,DF,telefonia,15,40,3,2,37.50
42bde9fef835393bb8a8849cb6b7f245,DF,cool_stuff,1,40,3,3,2.50
4bfc7a4a1cf8d4d2121c27422d9e50b5,SP,utilidades_domesticas,40,40,1,1,100.00
65febd49fd28ec955651299159b1f527,SP,utilidades_domesticas,40,40,1,1,100.00
96804ea39d96eb908e7c3afdb671bb9e,MG,esporte_lazer,24,40,5,1,60.00
96804ea39d96eb908e7c3afdb671bb9e,MG,cool_stuff,7,40,5,2,17.50
96804ea39d96eb908e7c3afdb671bb9e,MG,eletronicos,5,40,5,3,12.50
96804ea39d96eb908e7c3afdb671bb9e,MG,construcao_ferramentas_construcao,3,40,5,4,7.50
96804ea39d96eb908e7c3afdb671bb9e,MG,telefonia_fixa,1,40,5,5,2.50
bba74270a87732727b5a3b4fd9ac1c39,MG,esporte_lazer,22,40,5,1,55.00
bba74270a87732727b5a3b4fd9ac1c39,MG,automotivo,13,40,5,2,32.50
bba74270a87732727b5a3b4fd9ac1c39,MG,informatica_acessorios,3,40,5,3,7.50
bba74270a87732727b5a3b4fd9ac1c39,MG,construcao_ferramentas_construcao,1,40,5,4,2.50
bba74270a87732727b5a3b4fd9ac1c39,MG,utilidades_domesticas,1,40,5,5,2.50
bf84056e679dbe9c69929847a40e338f,SP,beleza_saude,39,40,2,1,97.50
bf84056e679dbe9c69929847a40e338f,SP,perfumaria,1,40,2,2,2.50
cee48807215b30a12ca2ca10ffb5f250,SP,automotivo,38,40,2,1,95.00
cee48807215b30a12ca2ca10ffb5f250,SP,esporte_lazer,2,40,2,2,5.00
ed4acab38528488b65a9a9c603ff024a,SP,informatica_acessorios,33,40,4,1,82.50
ed4acab38528488b65a9a9c603ff024a,SP,consoles_games,4,40,4,2,10.00
ed4acab38528488b65a9a9c603ff024a,SP,telefonia,2,40,4,3,5.00
ed4acab38528488b65a9a9c603ff024a,SP,cool_stuff,1,40,4,4,2.50
0176f73cc1195f367f7b32db1e5b3aa8,SP,cama_mesa_banho,39,39,1,1,100.00
01fd077212124329bac32490e8ef80d9,SP,beleza_saude,14,39,7,1,35.90
01fd077212124329bac32490e8ef80d9,SP,brinquedos,9,39,7,2,23.08
01fd077212124329bac32490e8ef80d9,SP,construcao_ferramentas_construcao,6,39,7,3,15.38
01fd077212124329bac32490e8ef80d9,SP,ferramentas_jardim,5,39,7,4,12.82
01fd077212124329bac32490e8ef80d9,SP,esporte_lazer,2,39,7,5,5.13
01fd077212124329bac32490e8ef80d9,SP,bebes,2,39,7,6,5.13
01fd077212124329bac32490e8ef80d9,SP,casa_construcao,1,39,7,7,2.56
070d165398b553f3b4b851c216b8a358,SP,pet_shop,39,39,1,1,100.00
5160d23075764e18e07c1f4a87fad743,SP,brinquedos,39,39,1,1,100.00
63b464dbf392c7b80d12d932fa7cafed,SP,moveis_decoracao,39,39,1,1,100.00
78c99c6dff4eeae5be99bf635ed21e3f,SP,esporte_lazer,39,39,1,1,100.00
b90e891671cffd9557f33a97dc523645,PR,beleza_saude,27,39,2,1,69.23
b90e891671cffd9557f33a97dc523645,PR,esporte_lazer,12,39,2,2,30.77
b94cc9f10ddc85e4ba73a6f7974e7101,RJ,brinquedos,23,39,2,1,58.97
b94cc9f10ddc85e4ba73a6f7974e7101,RJ,cool_stuff,16,39,2,2,41.03
d23019c84ffae2d5ef2270367b8605fc,PR,instrumentos_musicais,39,39,1,1,100.00
14a08204d03bb6b6bde8029f801ae0eb,SP,eletronicos,25,38,6,1,65.79
14a08204d03bb6b6bde8029f801ae0eb,SP,informatica_acessorios,8,38,6,2,21.05
14a08204d03bb6b6bde8029f801ae0eb,SP,automotivo,2,38,6,3,5.26
14a08204d03bb6b6bde8029f801ae0eb,SP,construcao_ferramentas_seguranca,1,38,6,6,2.63
14a08204d03bb6b6bde8029f801ae0eb,SP,instrumentos_musicais,1,38,6,5,2.63
14a08204d03bb6b6bde8029f801ae0eb,SP,consoles_games,1,38,6,4,2.63
14d7985702e72162bbf13b6beb74ab2b,SP,esporte_lazer,38,38,1,1,100.00
26d8a1c7c75d513045798992ead43aa2,PR,perfumaria,33,38,3,1,86.84
26d8a1c7c75d513045798992ead43aa2,PR,beleza_saude,4,38,3,2,10.53
26d8a1c7c75d513045798992ead43aa2,PR,relogios_presentes,1,38,3,3,2.63
31561f325664a8a7aba4c8d0c3a9b3db,SP,automotivo,36,38,2,1,94.74
31561f325664a8a7aba4c8d0c3a9b3db,SP,utilidades_domesticas,2,38,2,2,5.26
32b8764b4ef628b53608fc34011fcc13,SC,utilidades_domesticas,38,38,1,1,100.00
3ab971ce71839580d2ae5b4e40fe8044,SP,utilidades_domesticas,30,38,2,1,78.95
3ab971ce71839580d2ae5b4e40fe8044,SP,esporte_lazer,8,38,2,2,21.05
3fd1e727ba94cfe122d165e176ce7967,SP,esporte_lazer,38,38,1,1,100.00
4b5f66b7adcf57f1ecc0d3c07dd6b177,PR,informatica_acessorios,38,38,1,1,100.00
594f9aaa48e5bf431f011ddc5669b0d5,MG,papelaria,16,38,5,1,42.11
594f9aaa48e5bf431f011ddc5669b0d5,MG,utilidades_domesticas,15,38,5,2,39.47
594f9aaa48e5bf431f011ddc5669b0d5,MG,malas_acessorios,4,38,5,3,10.53
594f9aaa48e5bf431f011ddc5669b0d5,MG,brinquedos,2,38,5,4,5.26
594f9aaa48e5bf431f011ddc5669b0d5,MG,bebes,1,38,5,5,2.63
5cbbd5a299cab112b7bf23862255e43e,PR,utilidades_domesticas,17,38,5,1,44.74
5cbbd5a299cab112b7bf23862255e43e,PR,papelaria,10,38,5,2,26.32
5cbbd5a299cab112b7bf23862255e43e,PR,malas_acessorios,9,38,5,3,23.68
5cbbd5a299cab112b7bf23862255e43e,PR,esporte_lazer,1,38,5,4,2.63
5cbbd5a299cab112b7bf23862255e43e,PR,informatica_acessorios,1,38,5,5,2.63
71039d19d4303bf9054d69e9a9236699,SP,brinquedos,25,38,3,1,65.79
71039d19d4303bf9054d69e9a9236699,SP,esporte_lazer,7,38,3,2,18.42
71039d19d4303bf9054d69e9a9236699,SP,cool_stuff,6,38,3,3,15.79
adcf50477d6a1f5d91bb9d54c4903cb5,MG,esporte_lazer,33,38,4,1,86.84
adcf50477d6a1f5d91bb9d54c4903cb5,MG,utilidades_domesticas,2,38,4,3,5.26
adcf50477d6a1f5d91bb9d54c4903cb5,MG,moveis_decoracao,2,38,4,2,5.26
adcf50477d6a1f5d91bb9d54c4903cb5,MG,ferramentas_jardim,1,38,4,4,2.63
b4a476fbd28de64b1e347abf9089366a,SP,eletronicos,36,38,3,1,94.74
b4a476fbd28de64b1e347abf9089366a,SP,telefonia_fixa,1,38,3,2,2.63
b4a476fbd28de64b1e347abf9089366a,SP,informatica_acessorios,1,38,3,3,2.63
ba90964cff9b9e0e6f32b23b82465f7b,SP,portateis_casa_forno_e_cafe,17,38,5,1,44.74
ba90964cff9b9e0e6f32b23b82465f7b,SP,eletroportateis,15,38,5,2,39.47
ba90964cff9b9e0e6f32b23b82465f7b,SP,portateis_cozinha_e_preparadores_de_alimentos,3,38,5,3,7.89
ba90964cff9b9e0e6f32b23b82465f7b,SP,musica,2,38,5,4,5.26
ba90964cff9b9e0e6f32b23b82465f7b,SP,automotivo,1,38,5,5,2.63
bb135baca94c82fcb731335ad5b04a03,SP,moveis_decoracao,29,38,4,1,76.32
bb135baca94c82fcb731335ad5b04a03,SP,cama_mesa_banho,5,38,4,2,13.16
bb135baca94c82fcb731335ad5b04a03,SP,cool_stuff,3,38,4,3,7.89
bb135baca94c82fcb731335ad5b04a03,SP,utilidades_domesticas,1,38,4,4,2.63
cc5a78bbad32776dc4e3af205218368c,MG,utilidades_domesticas,28,38,5,1,73.68
cc5a78bbad32776dc4e3af205218368c,MG,brinquedos,6,38,5,2,15.79
cc5a78bbad32776dc4e3af205218368c,MG,papelaria,2,38,5,3,5.26
cc5a78bbad32776dc4e3af205218368c,MG,pet_shop,1,38,5,4,2.63
cc5a78bbad32776dc4e3af205218368c,MG,construcao_ferramentas_construcao,1,38,5,5,2.63
d3f39f05462b79a4562d35893a28f159,SP,beleza_saude,20,38,2,1,52.63
d3f39f05462b79a4562d35893a28f159,SP,perfumaria,18,38,2,2,47.37
0725b8c0f3f906e58f70cbe76b7c748c,SP,utilidades_domesticas,16,37,5,1,43.24
0725b8c0f3f906e58f70cbe76b7c748c,SP,papelaria,10,37,5,2,27.03
0725b8c0f3f906e58f70cbe76b7c748c,SP,esporte_lazer,6,37,5,3,16.22
0725b8c0f3f906e58f70cbe76b7c748c,SP,sinalizacao_e_seguranca,4,37,5,4,10.81
0725b8c0f3f906e58f70cbe76b7c748c,SP,automotivo,1,37,5,5,2.70
11305281b50fff20ae8bb473f8e11876,MG,casa_conforto,16,37,5,1,43.24
11305281b50fff20ae8bb473f8e11876,MG,moveis_decoracao,14,37,5,2,37.84
11305281b50fff20ae8bb473f8e11876,MG,utilidades_domesticas,3,37,5,3,8.11
11305281b50fff20ae8bb473f8e11876,MG,automotivo,2,37,5,5,5.41
11305281b50fff20ae8bb473f8e11876,MG,moveis_colchao_e_estofado,2,37,5,4,5.41
1caf283236cd69af44cbc09a0a1e7d32,RJ,brinquedos,25,37,4,1,67.57
1caf283236cd69af44cbc09a0a1e7d32,RJ,papelaria,7,37,4,2,18.92
1caf283236cd69af44cbc09a0a1e7d32,RJ,artes,4,37,4,3,10.81
1caf283236cd69af44cbc09a0a1e7d32,RJ,artes_e_artesanato,1,37,4,4,2.70
a3dd39f583bc80bd8c5901c95878921e,BA,alimentos_bebidas,37,37,1,1,100.00
dd55f1bb788714a40e7954c3be6df745,SP,cool_stuff,19,37,7,1,51.35
dd55f1bb788714a40e7954c3be6df745,SP,telefonia,6,37,7,2,16.22
dd55f1bb788714a40e7954c3be6df745,SP,eletronicos,6,37,7,3,16.22
dd55f1bb788714a40e7954c3be6df745,SP,telefonia_fixa,3,37,7,4,8.11
dd55f1bb788714a40e7954c3be6df745,SP,construcao_ferramentas_iluminacao,1,37,7,7,2.70
dd55f1bb788714a40e7954c3be6df745,SP,casa_construcao,1,37,7,6,2.70
dd55f1bb788714a40e7954c3be6df745,SP,informatica_acessorios,1,37,7,5,2.70
f181738b150df1f37cb0bd72e705b193,SP,cool_stuff,15,37,3,1,40.54
f181738b150df1f37cb0bd72e705b193,SP,utilidades_domesticas,13,37,3,2,35.14
f181738b150df1f37cb0bd72e705b193,SP,moveis_quarto,9,37,3,3,24.32
1771297ac436903d1dd6b0e9279aa505,SP,bebes,17,36,3,1,47.22
1771297ac436903d1dd6b0e9279aa505,SP,cama_mesa_banho,12,36,3,2,33.33
1771297ac436903d1dd6b0e9279aa505,SP,ferramentas_jardim,7,36,3,3,19.44
232a6014e7b10cba61c6c2b2ea6bb4b0,SP,pet_shop,36,36,1,1,100.00
240b9776d844d37535668549a396af32,RJ,telefonia,24,36,5,1,66.67
240b9776d844d37535668549a396af32,RJ,utilidades_domesticas,8,36,5,2,22.22
240b9776d844d37535668549a396af32,RJ,climatizacao,2,36,5,3,5.56
240b9776d844d37535668549a396af32,RJ,eletroportateis,1,36,5,4,2.78
240b9776d844d37535668549a396af32,RJ,eletrodomesticos_2,1,36,5,5,2.78
3c4e0452bff7a2a788179488d3d77032,PR,brinquedos,34,36,2,1,94.44
3c4e0452bff7a2a788179488d3d77032,PR,bebes,2,36,2,2,5.56
5b179e9e8cc7ab6fd113a46ca584da81,SP,utilidades_domesticas,28,36,4,1,77.78
5b179e9e8cc7ab6fd113a46ca584da81,SP,moveis_cozinha_area_de_servico_jantar_e_jardim,4,36,4,2,11.11
5b179e9e8cc7ab6fd113a46ca584da81,SP,moveis_decoracao,3,36,4,3,8.33
5b179e9e8cc7ab6fd113a46ca584da81,SP,automotivo,1,36,4,4,2.78
93dc87703c046b603023e75222018b45,MG,relogios_presentes,31,36,3,1,86.11
93dc87703c046b603023e75222018b45,MG,esporte_lazer,3,36,3,2,8.33
93dc87703c046b603023e75222018b45,MG,papelaria,2,36,3,3,5.56
99002261c568a84cce14d43fcffb43ea,MT,bebes,29,36,2,1,80.56
99002261c568a84cce14d43fcffb43ea,MT,cool_stuff,7,36,2,2,19.44
b839e41795b7f3ad94cc2014a52f6796,SP,construcao_ferramentas_construcao,19,36,3,1,52.78
b839e41795b7f3ad94cc2014a52f6796,SP,eletroportateis,15,36,3,2,41.67
b839e41795b7f3ad94cc2014a52f6796,SP,eletrodomesticos_2,2,36,3,3,5.56
c8b3445d737de6befde0c88ede534a5e,SP,brinquedos,26,36,2,1,72.22
c8b3445d737de6befde0c88ede534a5e,SP,bebes,10,36,2,2,27.78
d71d863e5ef30d94e440c11be17dcd8f,SP,construcao_ferramentas_seguranca,12,36,5,1,33.33
d71d863e5ef30d94e440c11be17dcd8f,SP,telefonia,11,36,5,2,30.56
d71d863e5ef30d94e440c11be17dcd8f,SP,climatizacao,9,36,5,3,25.00
d71d863e5ef30d94e440c11be17dcd8f,SP,cool_stuff,3,36,5,4,8.33
d71d863e5ef30d94e440c11be17dcd8f,SP,automotivo,1,36,5,5,2.78
e49c26c3edfa46d227d5121a6b6e4d37,PE,consoles_games,15,36,7,1,41.67
e49c26c3edfa46d227d5121a6b6e4d37,PE,informatica_acessorios,14,36,7,2,38.89
e49c26c3edfa46d227d5121a6b6e4d37,PE,brinquedos,2,36,7,3,5.56
e49c26c3edfa46d227d5121a6b6e4d37,PE,telefonia,2,36,7,4,5.56
e49c26c3edfa46d227d5121a6b6e4d37,PE,cool_stuff,1,36,7,7,2.78
e49c26c3edfa46d227d5121a6b6e4d37,PE,casa_conforto,1,36,7,5,2.78
e49c26c3edfa46d227d5121a6b6e4d37,PE,audio,1,36,7,6,2.78
ec8879960bd2221d5c32f8e12f7da711,SP,informatica_acessorios,36,36,1,1,100.00
0ffa40d54288e4f3499b8780dd0f144f,SP,livros_tecnicos,32,35,2,1,91.43
0ffa40d54288e4f3499b8780dd0f144f,SP,livros_interesse_geral,3,35,2,2,8.57
2b1a40c1daabc6ca280c4b815c101841,MG,automotivo,35,35,1,1,100.00
33ac3e28642ab8bda860a2f693000e78,SP,esporte_lazer,33,35,2,1,94.29
33ac3e28642ab8bda860a2f693000e78,SP,automotivo,2,35,2,2,5.71
5c6d4016c2a288f074fa0848a2b653d2,SP,informatica_acessorios,18,35,4,1,51.43
5c6d4016c2a288f074fa0848a2b653d2,SP,telefonia_fixa,8,35,4,2,22.86
5c6d4016c2a288f074fa0848a2b653d2,SP,eletronicos,7,35,4,3,20.00
5c6d4016c2a288f074fa0848a2b653d2,SP,consoles_games,2,35,4,4,5.71
6a0cbc8af2e8abd1bdfb777943d174c6,SP,esporte_lazer,31,35,2,1,88.57
6a0cbc8af2e8abd1bdfb777943d174c6,SP,automotivo,4,35,2,2,11.43
8bd0f31cf0a614c658f6763bd02dea69,SP,moveis_decoracao,25,35,3,1,71.43
8bd0f31cf0a614c658f6763bd02dea69,SP,brinquedos,7,35,3,2,20.00
8bd0f31cf0a614c658f6763bd02dea69,SP,moveis_escritorio,3,35,3,3,8.57
c8417879a15366a17c30af34c798c332,SP,ferramentas_jardim,20,35,4,1,57.14
c8417879a15366a17c30af34c798c332,SP,utilidades_domesticas,12,35,4,2,34.29
c8417879a15366a17c30af34c798c332,SP,papelaria,2,35,4,3,5.71
c8417879a15366a17c30af34c798c332,SP,cama_mesa_banho,1,35,4,4,2.86
d1ef48b38baca7e831711c4a0aeb398f,PR,eletroportateis,11,35,6,1,31.43
d1ef48b38baca7e831711c4a0aeb398f,PR,ferramentas_jardim,8,35,6,2,22.86
d1ef48b38baca7e831711c4a0aeb398f,PR,eletrodomesticos,6,35,6,3,17.14
d1ef48b38baca7e831711c4a0aeb398f,PR,eletrodomesticos_2,5,35,6,4,14.29
d1ef48b38baca7e831711c4a0aeb398f,PR,construcao_ferramentas_ferramentas,3,35,6,5,8.57
d1ef48b38baca7e831711c4a0aeb398f,PR,portateis_casa_forno_e_cafe,2,35,6,6,5.71
d5ba419e26d246a0719437cf37d9b46d,SP,informatica_acessorios,35,35,1,1,100.00
ec4608a1f76453166bb312b2968aeaf4,SP,moveis_decoracao,35,35,1,1,100.00
fde0cc9ea29c8ccfc0a2c22256a58c71,PR,brinquedos,27,35,3,1,77.14
fde0cc9ea29c8ccfc0a2c22256a58c71,PR,moveis_sala,5,35,3,2,14.29
fde0cc9ea29c8ccfc0a2c22256a58c71,PR,cool_stuff,3,35,3,3,8.57
18e694e0e48ed6f7aa3f24aade5fd697,SP,informatica_acessorios,29,34,3,1,85.29
18e694e0e48ed6f7aa3f24aade5fd697,SP,beleza_saude,3,34,3,2,8.82
18e694e0e48ed6f7aa3f24aade5fd697,SP,cool_stuff,2,34,3,3,5.88
48efc9d94a9834137efd9ea76b065a38,PR,fashion_bolsas_e_acessorios,12,34,8,1,35.29
48efc9d94a9834137efd9ea76b065a38,PR,moveis_quarto,8,34,8,2,23.53
48efc9d94a9834137efd9ea76b065a38,PR,pet_shop,6,34,8,3,17.65
48efc9d94a9834137efd9ea76b065a38,PR,musica,2,34,8,4,5.88
48efc9d94a9834137efd9ea76b065a38,PR,bebes,2,34,8,6,5.88
48efc9d94a9834137efd9ea76b065a38,PR,automotivo,2,34,8,5,5.88
48efc9d94a9834137efd9ea76b065a38,PR,brinquedos,1,34,8,7,2.94
48efc9d94a9834137efd9ea76b065a38,PR,papelaria,1,34,8,8,2.94
575df70bde3f9f2b30bf8d2e9910d725,SP,moveis_decoracao,22,34,4,1,64.71
575df70bde3f9f2b30bf8d2e9910d725,SP,construcao_ferramentas_construcao,9,34,4,2,26.47
575df70bde3f9f2b30bf8d2e9910d725,SP,utilidades_domesticas,2,34,4,3,5.88
575df70bde3f9f2b30bf8d2e9910d725,SP,casa_construcao,1,34,4,4,2.94
850913d59ce317156b00f3705f1c3edb,SP,telefonia,24,34,2,1,70.59
850913d59ce317156b00f3705f1c3edb,SP,automotivo,10,34,2,2,29.41
94e93ce877be27a515118dbfd2c2be41,SP,utilidades_domesticas,10,34,9,1,29.41
94e93ce877be27a515118dbfd2c2be41,SP,casa_conforto,8,34,9,2,23.53
94e93ce877be27a515118dbfd2c2be41,SP,ferramentas_jardim,7,34,9,3,20.59
94e93ce877be27a515118dbfd2c2be41,SP,construcao_ferramentas_jardim,2,34,9,4,5.88
94e93ce877be27a515118dbfd2c2be41,SP,automotivo,2,34,9,6,5.88
94e93ce877be27a515118dbfd2c2be41,SP,esporte_lazer,2,34,9,5,5.88
94e93ce877be27a515118dbfd2c2be41,SP,eletrodomesticos,1,34,9,9,2.94
94e93ce877be27a515118dbfd2c2be41,SP,industria_comercio_e_negocios,1,34,9,8,2.94
94e93ce877be27a515118dbfd2c2be41,SP,eletrodomesticos_2,1,34,9,7,2.94
dfc5fb7259bb2b599ca565e6e9448f0f,SP,ferramentas_jardim,31,34,2,1,91.18
dfc5fb7259bb2b599ca565e6e9448f0f,SP,moveis_decoracao,3,34,2,2,8.82
e96498ed8daaa3e9c23f7a62da76591c,SP,automotivo,34,34,1,1,100.00
ea67327e24487bdfac5fbfa37ea124df,SP,cama_mesa_banho,34,34,1,1,100.00
1b938a7ec6ac5061a66a3766e0e75f90,SP,bebes,14,33,6,1,42.42
1b938a7ec6ac5061a66a3766e0e75f90,SP,moveis_cozinha_area_de_servico_jantar_e_jardim,6,33,6,2,18.18
1b938a7ec6ac5061a66a3766e0e75f90,SP,cool_stuff,5,33,6,3,15.15
1b938a7ec6ac5061a66a3766e0e75f90,SP,brinquedos,4,33,6,4,12.12
1b938a7ec6ac5061a66a3766e0e75f90,SP,instrumentos_musicais,3,33,6,5,9.09
1b938a7ec6ac5061a66a3766e0e75f90,SP,pet_shop,1,33,6,6,3.03
3c487ae8f8d7542beff5788e2e0aea83,DF,fashion_bolsas_e_acessorios,33,33,1,1,100.00
4917cee8d902e13428c3ec4b1ca6f315,SC,eletrodomesticos_2,29,33,2,1,87.88
4917cee8d902e13428c3ec4b1ca6f315,SC,moveis_cozinha_area_de_servico_jantar_e_jardim,4,33,2,2,12.12
5debea795b07621e1f90532e18f96145,PR,beleza_saude,32,33,2,1,96.97
5debea795b07621e1f90532e18f96145,PR,cool_stuff,1,33,2,2,3.03
6061155addc1e54b4cfb51c1c2a32ad8,SP,pet_shop,29,33,2,1,87.88
6061155addc1e54b4cfb51c1c2a32ad8,SP,beleza_saude,4,33,2,2,12.12
6a51fc556dab5f766ced6fbc860bc613,SP,climatizacao,27,33,5,1,81.82
6a51fc556dab5f766ced6fbc860bc613,SP,moveis_decoracao,2,33,5,2,6.06
6a51fc556dab5f766ced6fbc860bc613,SP,construcao_ferramentas_jardim,2,33,5,3,6.06
6a51fc556dab5f766ced6fbc860bc613,SP,ferramentas_jardim,1,33,5,4,3.03
6a51fc556dab5f766ced6fbc860bc613,SP,utilidades_domesticas,1,33,5,5,3.03
974cf2cb8f4b7add98709c30df02fe10,SP,informatica_acessorios,32,33,2,1,96.97
974cf2cb8f4b7add98709c30df02fe10,SP,beleza_saude,1,33,2,2,3.03
c8467937e403e76a8ee9f0ab13f6f5ef,MG,construcao_ferramentas_ferramentas,33,33,1,1,100.00
cac876b37d3abcd6bd76caca30277996,PR,utilidades_domesticas,22,33,6,1,66.67
cac876b37d3abcd6bd76caca30277996,PR,cama_mesa_banho,3,33,6,2,9.09
cac876b37d3abcd6bd76caca30277996,PR,beleza_saude,3,33,6,3,9.09
cac876b37d3abcd6bd76caca30277996,PR,brinquedos,2,33,6,4,6.06
cac876b37d3abcd6bd76caca30277996,PR,moveis_sala,2,33,6,5,6.06
cac876b37d3abcd6bd76caca30277996,PR,instrumentos_musicais,1,33,6,6,3.03
d93919c944be9cff128f6c9cb899eacb,SP,artigos_de_natal,32,33,2,1,96.97
d93919c944be9cff128f6c9cb899eacb,SP,moveis_decoracao,1,33,2,2,3.03
0ebd97a106433a45a4aebe57c1799778,MG,fashion_bolsas_e_acessorios,32,32,1,1,100.00
2745f798279e0ed033addcc1474776d7,SP,esporte_lazer,32,32,1,1,100.00
325f3178fb58e2a9778334621eecdbf9,SP,perfumaria,19,32,3,1,59.38
325f3178fb58e2a9778334621eecdbf9,SP,beleza_saude,12,32,3,2,37.50
325f3178fb58e2a9778334621eecdbf9,SP,alimentos_bebidas,1,32,3,3,3.13
33576ec5412fb5905d876f12f33bfde6,PR,fashion_bolsas_e_acessorios,32,32,1,1,100.00
3ade81dab5a172b88e1871c28ae05260,SP,moveis_quarto,29,32,2,1,90.63
3ade81dab5a172b88e1871c28ae05260,SP,moveis_decoracao,3,32,2,2,9.38
49067458c68f7701fd334ce326accbe0,MG,construcao_ferramentas_jardim,32,32,1,1,100.00
5d3bb11474a06bdc23fb9e89f1164ee0,SP,moveis_decoracao,15,32,6,1,46.88
5d3bb11474a06bdc23fb9e89f1164ee0,SP,utilidades_domesticas,11,32,6,2,34.38
5d3bb11474a06bdc23fb9e89f1164ee0,SP,eletrodomesticos_2,3,32,6,3,9.38
5d3bb11474a06bdc23fb9e89f1164ee0,SP,ferramentas_jardim,1,32,6,5,3.13
5d3bb11474a06bdc23fb9e89f1164ee0,SP,industria_comercio_e_negocios,1,32,6,6,3.13
5d3bb11474a06bdc23fb9e89f1164ee0,SP,cool_stuff,1,32,6,4,3.13
6ec1a01e866584bb679eb9b098345919,SP,beleza_saude,29,32,2,1,90.63
6ec1a01e866584bb679eb9b098345919,SP,utilidades_domesticas,3,32,2,2,9.38
7b0df942f46435babab05d49b744b2c4,SP,instrumentos_musicais,31,32,2,1,96.88
7b0df942f46435babab05d49b744b2c4,SP,brinquedos,1,32,2,2,3.13
8931a84a914b3fe9b1ddaa4d704947ca,SP,perfumaria,32,32,1,1,100.00
9baf5cb77970f539089d09a38bcec5c3,SP,utilidades_domesticas,15,32,7,1,46.88
9baf5cb77970f539089d09a38bcec5c3,SP,telefonia,5,32,7,2,15.63
9baf5cb77970f539089d09a38bcec5c3,SP,moveis_decoracao,4,32,7,3,12.50
9baf5cb77970f539089d09a38bcec5c3,SP,market_place,3,32,7,4,9.38
9baf5cb77970f539089d09a38bcec5c3,SP,consoles_games,2,32,7,5,6.25
9baf5cb77970f539089d09a38bcec5c3,SP,cool_stuff,2,32,7,6,6.25
9baf5cb77970f539089d09a38bcec5c3,SP,bebes,1,32,7,7,3.13
cd6efc47efaabf134f8bdb654e10b4f1,RJ,papelaria,21,32,6,1,65.63
cd6efc47efaabf134f8bdb654e10b4f1,RJ,brinquedos,4,32,6,2,12.50
cd6efc47efaabf134f8bdb654e10b4f1,RJ,malas_acessorios,2,32,6,4,6.25
cd6efc47efaabf134f8bdb654e10b4f1,RJ,informatica_acessorios,2,32,6,5,6.25
cd6efc47efaabf134f8bdb654e10b4f1,RJ,fashion_bolsas_e_acessorios,2,32,6,3,6.25
cd6efc47efaabf134f8bdb654e10b4f1,RJ,utilidades_domesticas,1,32,6,6,3.13
d4e12e7884759a14fa0f5f896c791cae,SP,cama_mesa_banho,32,32,1,1,100.00
e38db885400cd35c71dfd162f2c1dbcf,DF,cama_mesa_banho,32,32,1,1,100.00
f62d7bb4a613ec758a03342d46b580b2,MG,portateis_casa_forno_e_cafe,19,32,2,1,59.38
f62d7bb4a613ec758a03342d46b580b2,MG,eletrodomesticos_2,13,32,2,2,40.63
f67efa3f0b6761102a7f8c6b7b571f5d,PR,pet_shop,17,32,4,1,53.13
f67efa3f0b6761102a7f8c6b7b571f5d,PR,esporte_lazer,10,32,4,2,31.25
f67efa3f0b6761102a7f8c6b7b571f5d,PR,ferramentas_jardim,4,32,4,3,12.50
f67efa3f0b6761102a7f8c6b7b571f5d,PR,brinquedos,1,32,4,4,3.13
fad44952713764836814be105382aee5,RJ,beleza_saude,32,32,1,1,100.00
0bb738e4d789e63e2267697c42d35a2d,SP,industria_comercio_e_negocios,17,31,2,1,54.84
0bb738e4d789e63e2267697c42d35a2d,SP,ferramentas_jardim,14,31,2,2,45.16
157c3e4b42f81ac4a44e8b1ca2fe9876,SP,moveis_decoracao,27,31,2,1,87.10
157c3e4b42f81ac4a44e8b1ca2fe9876,SP,casa_construcao,4,31,2,2,12.90
2199e7fe213c16213bf5d6a7eadc9a5d,SP,moveis_decoracao,9,31,8,1,29.03
2199e7fe213c16213bf5d6a7eadc9a5d,SP,utilidades_domesticas,7,31,8,2,22.58
2199e7fe213c16213bf5d6a7eadc9a5d,SP,cama_mesa_banho,6,31,8,3,19.35
2199e7fe213c16213bf5d6a7eadc9a5d,SP,climatizacao,5,31,8,4,16.13
2199e7fe213c16213bf5d6a7eadc9a5d,SP,cool_stuff,1,31,8,8,3.23
2199e7fe213c16213bf5d6a7eadc9a5d,SP,market_place,1,31,8,6,3.23
2199e7fe213c16213bf5d6a7eadc9a5d,SP,sinalizacao_e_seguranca,1,31,8,5,3.23
2199e7fe213c16213bf5d6a7eadc9a5d,SP,ferramentas_jardim,1,31,8,7,3.23
2bf6a2c1e71bbd29a4ad64e6d3c3629f,RJ,relogios_presentes,30,31,2,1,96.77
2bf6a2c1e71bbd29a4ad64e6d3c3629f,RJ,eletronicos,1,31,2,2,3.23
30829ded4523ab9224b93bc49a62c95f,RS,informatica_acessorios,31,31,1,1,100.00
40d54b51e962dbe09cabbcfd33298dee,SP,beleza_saude,24,31,3,1,77.42
40d54b51e962dbe09cabbcfd33298dee,SP,bebes,6,31,3,2,19.35
40d54b51e962dbe09cabbcfd33298dee,SP,esporte_lazer,1,31,3,3,3.23
66e0557ecc2b4dbea057e93f215f68d8,SP,consoles_games,31,31,1,1,100.00
72c5da29406b4234927b81855e7b64f6,SP,construcao_ferramentas_construcao,24,31,2,1,77.42
72c5da29406b4234927b81855e7b64f6,SP,automotivo,7,31,2,2,22.58
95ec4458365c4d11f452ccf538377619,SP,moveis_decoracao,13,31,4,1,41.94
95ec4458365c4d11f452ccf538377619,SP,papelaria,12,31,4,2,38.71
95ec4458365c4d11f452ccf538377619,SP,utilidades_domesticas,5,31,4,3,16.13
95ec4458365c4d11f452ccf538377619,SP,construcao_ferramentas_construcao,1,31,4,4,3.23
d66c305afaec317ebee552073a674429,MG,eletroportateis,9,31,8,1,29.03
d66c305afaec317ebee552073a674429,MG,consoles_games,8,31,8,2,25.81
d66c305afaec317ebee552073a674429,MG,eletrodomesticos_2,4,31,8,3,12.90
d66c305afaec317ebee552073a674429,MG,eletronicos,4,31,8,4,12.90
d66c305afaec317ebee552073a674429,MG,utilidades_domesticas,2,31,8,5,6.45
d66c305afaec317ebee552073a674429,MG,eletrodomesticos,2,31,8,6,6.45
d66c305afaec317ebee552073a674429,MG,automotivo,1,31,8,7,3.23
d66c305afaec317ebee552073a674429,MG,cool_stuff,1,31,8,8,3.23
e06f09ec0a4aca210779cf1cfc63cf19,SP,utilidades_domesticas,6,31,11,1,19.35
e06f09ec0a4aca210779cf1cfc63cf19,SP,cool_stuff,5,31,11,2,16.13
e06f09ec0a4aca210779cf1cfc63cf19,SP,perfumaria,5,31,11,3,16.13
e06f09ec0a4aca210779cf1cfc63cf19,SP,brinquedos,4,31,11,4,12.90
e06f09ec0a4aca210779cf1cfc63cf19,SP,papelaria,3,31,11,6,9.68
e06f09ec0a4aca210779cf1cfc63cf19,SP,consoles_games,3,31,11,5,9.68
e06f09ec0a4aca210779cf1cfc63cf19,SP,cama_mesa_banho,1,31,11,7,3.23
e06f09ec0a4aca210779cf1cfc63cf19,SP,informatica_acessorios,1,31,11,11,3.23
e06f09ec0a4aca210779cf1cfc63cf19,SP,esporte_lazer,1,31,11,8,3.23
e06f09ec0a4aca210779cf1cfc63cf19,SP,malas_acessorios,1,31,11,10,3.23
e06f09ec0a4aca210779cf1cfc63cf19,SP,moveis_decoracao,1,31,11,9,3.23
e8b4225284fbb02d16f200513f1f395d,SP,bebes,31,31,1,1,100.00
f00e21b1e91a79653163b7fd8f293ff1,SP,brinquedos,26,31,5,1,83.87
f00e21b1e91a79653163b7fd8f293ff1,SP,cool_stuff,2,31,5,2,6.45
f00e21b1e91a79653163b7fd8f293ff1,SP,fashion_calcados,1,31,5,5,3.23
f00e21b1e91a79653163b7fd8f293ff1,SP,esporte_lazer,1,31,5,4,3.23
f00e21b1e91a79653163b7fd8f293ff1,SP,papelaria,1,31,5,3,3.23
ffc470761de7d0232558ba5e786e57b7,SP,utilidades_domesticas,11,31,8,1,35.48
ffc470761de7d0232558ba5e786e57b7,SP,relogios_presentes,5,31,8,4,16.13
ffc470761de7d0232558ba5e786e57b7,SP,ferramentas_jardim,5,31,8,2,16.13
ffc470761de7d0232558ba5e786e57b7,SP,construcao_ferramentas_construcao,5,31,8,3,16.13
ffc470761de7d0232558ba5e786e57b7,SP,sinalizacao_e_seguranca,2,31,8,5,6.45
ffc470761de7d0232558ba5e786e57b7,SP,moveis_decoracao,1,31,8,6,3.23
ffc470761de7d0232558ba5e786e57b7,SP,automotivo,1,31,8,7,3.23
ffc470761de7d0232558ba5e786e57b7,SP,esporte_lazer,1,31,8,8,3.23
02f5837340d7eb4f653d676c7256523a,PR,malas_acessorios,30,30,1,1,100.00
06df0c10d34e459d9672bc77388742eb,PR,esporte_lazer,30,30,1,1,100.00
0885aaf116795758dfeb5f1032487bcd,SP,cama_mesa_banho,28,30,2,1,93.33
0885aaf116795758dfeb5f1032487bcd,SP,bebes,2,30,2,2,6.67
1464afc72f696af775557a821c2e253f,RJ,perfumaria,25,30,2,1,83.33
1464afc72f696af775557a821c2e253f,RJ,beleza_saude,5,30,2,2,16.67
1a932caad4f9d804097d7f8e615baed1,SP,construcao_ferramentas_construcao,30,30,1,1,100.00
238fac594e170b59c6d228f5a4f4f1d9,SP,pet_shop,30,30,1,1,100.00
2a6fbeaa7ab9e5d59a35841a8da71ce4,SC,eletroportateis,15,30,4,1,50.00
2a6fbeaa7ab9e5d59a35841a8da71ce4,SC,market_place,7,30,4,3,23.33
2a6fbeaa7ab9e5d59a35841a8da71ce4,SC,artes,7,30,4,2,23.33
2a6fbeaa7ab9e5d59a35841a8da71ce4,SC,industria_comercio_e_negocios,1,30,4,4,3.33
31da954dc0855f2495c6310f70a2f931,SP,beleza_saude,18,30,2,1,60.00
31da954dc0855f2495c6310f70a2f931,SP,eletroportateis,12,30,2,2,40.00
38e679b9e0064cd94c6f035707344dae,PR,esporte_lazer,19,30,2,1,63.33
38e679b9e0064cd94c6f035707344dae,PR,utilidades_domesticas,11,30,2,2,36.67
411f3b52d857390502ee4e4d5ceabc2d,SP,construcao_ferramentas_construcao,25,30,4,1,83.33
411f3b52d857390502ee4e4d5ceabc2d,SP,bebes,2,30,4,2,6.67
411f3b52d857390502ee4e4d5ceabc2d,SP,casa_construcao,2,30,4,3,6.67
411f3b52d857390502ee4e4d5ceabc2d,SP,utilidades_domesticas,1,30,4,4,3.33
4aba391bc3b88717ce08eb11e44937b2,BA,esporte_lazer,29,30,2,1,96.67
4aba391bc3b88717ce08eb11e44937b2,BA,fashion_bolsas_e_acessorios,1,30,2,2,3.33
4bf2f4ee540798a61f9636d12cd9cc80,SP,fashion_underwear_e_moda_praia,27,30,3,1,90.00
4bf2f4ee540798a61f9636d12cd9cc80,SP,beleza_saude,2,30,3,2,6.67
4bf2f4ee540798a61f9636d12cd9cc80,SP,bebes,1,30,3,3,3.33
57c764b4a836300be881e2ff86e449f9,SP,utilidades_domesticas,23,30,4,1,76.67
57c764b4a836300be881e2ff86e449f9,SP,cool_stuff,4,30,4,2,13.33
57c764b4a836300be881e2ff86e449f9,SP,ferramentas_jardim,2,30,4,3,6.67
57c764b4a836300be881e2ff86e449f9,SP,moveis_decoracao,1,30,4,4,3.33
5b67882648febfb6e1225e6ad7164f6b,PR,esporte_lazer,28,30,2,1,93.33
5b67882648febfb6e1225e6ad7164f6b,PR,ferramentas_jardim,2,30,2,2,6.67
6a8a889bde935bafa76d7848782dfaf9,SP,eletroportateis,24,30,2,1,80.00
6a8a889bde935bafa76d7848782dfaf9,SP,eletrodomesticos,6,30,2,2,20.00
6e386f64c84e482f0b9abf960797ee1b,SP,beleza_saude,30,30,1,1,100.00
916748bc99315c2d202898ae58b1617e,SP,esporte_lazer,28,30,2,1,93.33
916748bc99315c2d202898ae58b1617e,SP,market_place,2,30,2,2,6.67
b2ac621f0d0322434d04a12b078b9369,PR,beleza_saude,28,30,2,1,93.33
b2ac621f0d0322434d04a12b078b9369,PR,cool_stuff,2,30,2,2,6.67
cc3d14116804f7209f3884f6367f1152,PR,eletroportateis,27,30,3,1,90.00
cc3d14116804f7209f3884f6367f1152,PR,fashion_calcados,2,30,3,2,6.67
cc3d14116804f7209f3884f6367f1152,PR,beleza_saude,1,30,3,3,3.33
e9511df20ccd82658a30c37b7fb343af,SP,construcao_ferramentas_construcao,22,30,2,1,73.33
e9511df20ccd82658a30c37b7fb343af,SP,ferramentas_jardim,8,30,2,2,26.67
f326006815956455b2859abd58fe7e39,SP,moveis_decoracao,25,30,3,1,83.33
f326006815956455b2859abd58fe7e39,SP,esporte_lazer,4,30,3,2,13.33
f326006815956455b2859abd58fe7e39,SP,construcao_ferramentas_construcao,1,30,3,3,3.33
271c58a1d139c45eaf3316107c6d3a3b,SP,bebes,29,29,1,1,100.00
5f5b43b2bffa8656e4bc6efeb13cc649,SP,papelaria,26,29,4,1,89.66
5f5b43b2bffa8656e4bc6efeb13cc649,SP,fashion_bolsas_e_acessorios,1,29,4,3,3.45
5f5b43b2bffa8656e4bc6efeb13cc649,SP,esporte_lazer,1,29,4,2,3.45
5f5b43b2bffa8656e4bc6efeb13cc649,SP,malas_acessorios,1,29,4,4,3.45
7ecd59e5e20407131822c1a68ac59c1f,DF,papelaria,29,29,1,1,100.00
821fb029fc6e495ca4f08a35d51e53a5,SP,esporte_lazer,24,29,4,1,82.76
821fb029fc6e495ca4f08a35d51e53a5,SP,casa_construcao,2,29,4,2,6.90
821fb029fc6e495ca4f08a35d51e53a5,SP,utilidades_domesticas,2,29,4,3,6.90
821fb029fc6e495ca4f08a35d51e53a5,SP,eletrodomesticos_2,1,29,4,4,3.45
8fdca8e349553f99bc738833a62c8802,SP,eletronicos,15,29,3,1,51.72
8fdca8e349553f99bc738833a62c8802,SP,informatica_acessorios,13,29,3,2,44.83
8fdca8e349553f99bc738833a62c8802,SP,market_place,1,29,3,3,3.45
960945e1a9535cbc0cd6ddd35fbe7ae8,SP,construcao_ferramentas_construcao,25,29,3,1,86.21
960945e1a9535cbc0cd6ddd35fbe7ae8,SP,utilidades_domesticas,3,29,3,2,10.34
960945e1a9535cbc0cd6ddd35fbe7ae8,SP,ferramentas_jardim,1,29,3,3,3.45
bf00385a5f7fc1ef39a13c2e9ee50a5f,SP,eletronicos,7,29,6,1,24.14
bf00385a5f7fc1ef39a13c2e9ee50a5f,SP,informatica_acessorios,6,29,6,2,20.69
bf00385a5f7fc1ef39a13c2e9ee50a5f,SP,utilidades_domesticas,6,29,6,4,20.69
bf00385a5f7fc1ef39a13c2e9ee50a5f,SP,telefonia,6,29,6,3,20.69
bf00385a5f7fc1ef39a13c2e9ee50a5f,SP,beleza_saude,3,29,6,5,10.34
bf00385a5f7fc1ef39a13c2e9ee50a5f,SP,esporte_lazer,1,29,6,6,3.45
d379f449f2a3b271bc01c0782020f705,MG,moveis_decoracao,11,29,3,1,37.93
d379f449f2a3b271bc01c0782020f705,MG,utilidades_domesticas,11,29,3,2,37.93
d379f449f2a3b271bc01c0782020f705,MG,ferramentas_jardim,7,29,3,3,24.14
d97df38225e5abadaff1e72cb72b823c,SP,automotivo,29,29,1,1,100.00
df560393f3a51e74553ab94004ba5c87,PR,ferramentas_jardim,19,29,2,1,65.52
df560393f3a51e74553ab94004ba5c87,PR,moveis_decoracao,10,29,2,2,34.48
e0878efa0e0b7e5313ac0b43bc04c081,PR,brinquedos,16,29,2,1,55.17
e0878efa0e0b7e5313ac0b43bc04c081,PR,papelaria,13,29,2,2,44.83
e5e33c0d8e7e002f398f5dc4cbbb338f,SP,automotivo,27,29,2,1,93.10
e5e33c0d8e7e002f398f5dc4cbbb338f,SP,climatizacao,2,29,2,2,6.90
e6a69c4a27dfdd98ffe5aa757ad744bc,SP,utilidades_domesticas,14,29,4,1,48.28
e6a69c4a27dfdd98ffe5aa757ad744bc,SP,moveis_decoracao,6,29,4,2,20.69
e6a69c4a27dfdd98ffe5aa757ad744bc,SP,beleza_saude,5,29,4,3,17.24
e6a69c4a27dfdd98ffe5aa757ad744bc,SP,eletroportateis,4,29,4,4,13.79
e883aa812c37a7413226856f4579fe91,SP,eletroportateis,14,29,5,1,48.28
e883aa812c37a7413226856f4579fe91,SP,eletrodomesticos,8,29,5,2,27.59
e883aa812c37a7413226856f4579fe91,SP,cool_stuff,4,29,5,3,13.79
e883aa812c37a7413226856f4579fe91,SP,brinquedos,2,29,5,4,6.90
e883aa812c37a7413226856f4579fe91,SP,utilidades_domesticas,1,29,5,5,3.45
f12ff17ad8bbf01ec5c33b17e506649b,SP,automotivo,29,29,1,1,100.00
04e38a233f726ef161074ab1c9b0399a,SP,esporte_lazer,13,28,3,1,46.43
04e38a233f726ef161074ab1c9b0399a,SP,utilidades_domesticas,10,28,3,2,35.71
04e38a233f726ef161074ab1c9b0399a,SP,bebes,5,28,3,3,17.86
1f1bb1f0859883505541bdd6606193e5,SP,fashion_bolsas_e_acessorios,27,28,2,1,96.43
1f1bb1f0859883505541bdd6606193e5,SP,relogios_presentes,1,28,2,2,3.57
28f10b1c5e5abb9d4857745bede6147c,SP,eletronicos,16,28,3,1,57.14
28f10b1c5e5abb9d4857745bede6147c,SP,esporte_lazer,11,28,3,2,39.29
28f10b1c5e5abb9d4857745bede6147c,SP,telefonia,1,28,3,3,3.57
2e13c71026e1a39ba5cc1b86dcb679aa,SP,esporte_lazer,28,28,1,1,100.00
323ce52b5b81df2cd804b017b7f09aa7,SP,papelaria,28,28,1,1,100.00
52d76513f0c4d97f3b99570e2c94ee31,RS,industria_comercio_e_negocios,7,28,8,1,25.00
52d76513f0c4d97f3b99570e2c94ee31,RS,sinalizacao_e_seguranca,6,28,8,2,21.43
52d76513f0c4d97f3b99570e2c94ee31,RS,eletrodomesticos_2,5,28,8,3,17.86
52d76513f0c4d97f3b99570e2c94ee31,RS,casa_construcao,4,28,8,4,14.29
52d76513f0c4d97f3b99570e2c94ee31,RS,construcao_ferramentas_iluminacao,3,28,8,5,10.71
52d76513f0c4d97f3b99570e2c94ee31,RS,construcao_ferramentas_jardim,1,28,8,8,3.57
52d76513f0c4d97f3b99570e2c94ee31,RS,climatizacao,1,28,8,7,3.57
52d76513f0c4d97f3b99570e2c94ee31,RS,eletronicos,1,28,8,6,3.57
55d3daac7c404d59e51c2aa2f4dc5a23,SP,sinalizacao_e_seguranca,25,28,3,1,89.29
55d3daac7c404d59e51c2aa2f4dc5a23,SP,beleza_saude,2,28,3,2,7.14
55d3daac7c404d59e51c2aa2f4dc5a23,SP,utilidades_domesticas,1,28,3,3,3.57
7ade73f1b9b4e965f9009a4c3a7e2c15,SP,informatica_acessorios,9,28,6,1,32.14
7ade73f1b9b4e965f9009a4c3a7e2c15,SP,utilidades_domesticas,8,28,6,2,28.57
7ade73f1b9b4e965f9009a4c3a7e2c15,SP,eletrodomesticos,7,28,6,3,25.00
7ade73f1b9b4e965f9009a4c3a7e2c15,SP,moveis_decoracao,2,28,6,4,7.14
7ade73f1b9b4e965f9009a4c3a7e2c15,SP,pet_shop,1,28,6,5,3.57
7ade73f1b9b4e965f9009a4c3a7e2c15,SP,eletronicos,1,28,6,6,3.57
8d79c8a04e42d722a75097ce5cbcf2ef,CE,alimentos,28,28,1,1,100.00
916c9de0b5ad957346eeeb12f332687e,PR,beleza_saude,28,28,1,1,100.00
b8555308bfdb4ca1ed54325a58da9a97,SP,moveis_escritorio,28,28,1,1,100.00
c0563dd588b775f2e37747ef6ad6c92c,SP,cool_stuff,28,28,1,1,100.00
c6381d2d013342748761e906d45aff76,RS,utilidades_domesticas,25,28,2,1,89.29
c6381d2d013342748761e906d45aff76,RS,construcao_ferramentas_seguranca,3,28,2,2,10.71
d624126b9206f595fb3fbb6ba03b28a8,PR,automotivo,27,28,2,1,96.43
d624126b9206f595fb3fbb6ba03b28a8,PR,relogios_presentes,1,28,2,2,3.57
edf96ef93ed595084bbcbd9224bd2894,SP,eletronicos,27,28,2,1,96.43
edf96ef93ed595084bbcbd9224bd2894,SP,esporte_lazer,1,28,2,2,3.57
f41ce2e25237f9092cd8e6e7516c7a2f,SP,consoles_games,13,28,5,1,46.43
f41ce2e25237f9092cd8e6e7516c7a2f,SP,informatica_acessorios,6,28,5,2,21.43
f41ce2e25237f9092cd8e6e7516c7a2f,SP,brinquedos,5,28,5,3,17.86
f41ce2e25237f9092cd8e6e7516c7a2f,SP,market_place,3,28,5,4,10.71
f41ce2e25237f9092cd8e6e7516c7a2f,SP,cool_stuff,1,28,5,5,3.57
f63d8f293af3a6454377546bd9dd19ff,SP,automotivo,16,28,2,1,57.14
f63d8f293af3a6454377546bd9dd19ff,SP,ferramentas_jardim,12,28,2,2,42.86
093805f8f2aeb63881444571e1f48f30,SP,beleza_saude,27,27,1,1,100.00
1dc2de47ee26a0a5b12dc14fd6dc0dea,SP,cama_mesa_banho,27,27,1,1,100.00
244c2f1bff6afe1f2eaf9bfe9b2aed38,SP,moveis_decoracao,27,27,1,1,100.00
3b872fd4747f01cc56206f2934198618,SP,cama_mesa_banho,27,27,1,1,100.00
4c8b8048e33af2bf94f2eb547746a916,SP,cama_mesa_banho,18,27,5,1,66.67
4c8b8048e33af2bf94f2eb547746a916,SP,bebes,4,27,5,2,14.81
4c8b8048e33af2bf94f2eb547746a916,SP,brinquedos,3,27,5,3,11.11
4c8b8048e33af2bf94f2eb547746a916,SP,moveis_sala,1,27,5,5,3.70
4c8b8048e33af2bf94f2eb547746a916,SP,cool_stuff,1,27,5,4,3.70
671585f5a2af58b6e276bc01003c0d2b,PR,utilidades_domesticas,27,27,1,1,100.00
7901646fdd36a55f564ffaf2dbccaaf7,RJ,ferramentas_jardim,14,27,2,1,51.85
7901646fdd36a55f564ffaf2dbccaaf7,RJ,climatizacao,13,27,2,2,48.15
b335c59ab742f751a85db9c411a86739,MG,utilidades_domesticas,14,27,2,1,51.85
b335c59ab742f751a85db9c411a86739,MG,moveis_decoracao,13,27,2,2,48.15
fcdd820084f17e9982427971e4e9d47f,SP,climatizacao,26,27,2,1,96.30
fcdd820084f17e9982427971e4e9d47f,SP,papelaria,1,27,2,2,3.70
00720abe85ba0859807595bbf045a33b,SP,utilidades_domesticas,26,26,1,1,100.00
013900e863eace745d3ec7614cab5b1a,PR,fashion_calcados,15,26,3,1,57.69
013900e863eace745d3ec7614cab5b1a,PR,bebes,10,26,3,2,38.46
013900e863eace745d3ec7614cab5b1a,PR,papelaria,1,26,3,3,3.85
10076e5788b8ee532724bcd460baf762,SP,cool_stuff,13,26,2,1,50.00
10076e5788b8ee532724bcd460baf762,SP,bebes,13,26,2,2,50.00
1dfe5347016252a7884b694d4f10f5c4,SP,cama_mesa_banho,26,26,1,1,100.00
334cab711dee080b079fa5779b584783,SP,moveis_decoracao,26,26,1,1,100.00
4ebdc7e6cd6102a022dadc49156d4ea8,SP,moveis_decoracao,19,26,4,1,73.08
4ebdc7e6cd6102a022dadc49156d4ea8,SP,utilidades_domesticas,5,26,4,2,19.23
4ebdc7e6cd6102a022dadc49156d4ea8,SP,esporte_lazer,1,26,4,3,3.85
4ebdc7e6cd6102a022dadc49156d4ea8,SP,cama_mesa_banho,1,26,4,4,3.85
638cba8be1fb599bbb76fd6948351eb3,SP,esporte_lazer,17,26,2,1,65.38
638cba8be1fb599bbb76fd6948351eb3,SP,alimentos_bebidas,9,26,2,2,34.62
730937bf88cb151eb2eb849f642fc213,SP,esporte_lazer,26,26,1,1,100.00
77a515caa36327151d1cc6c32a9f00e1,SP,papelaria,26,26,1,1,100.00
8090490573c6c0aa343a7231ebcb8c86,SP,beleza_saude,13,26,4,1,50.00
8090490573c6c0aa343a7231ebcb8c86,SP,artes,7,26,4,2,26.92
8090490573c6c0aa343a7231ebcb8c86,SP,esporte_lazer,4,26,4,3,15.38
8090490573c6c0aa343a7231ebcb8c86,SP,brinquedos,2,26,4,4,7.69
8ab42aa58097fd4668d60cc648225d5f,GO,cama_mesa_banho,25,26,2,1,96.15
8ab42aa58097fd4668d60cc648225d5f,GO,beleza_saude,1,26,2,2,3.85
a36b125ac6d5fdbc7f50de85c9157bdc,SP,esporte_lazer,17,26,3,1,65.38
a36b125ac6d5fdbc7f50de85c9157bdc,SP,telefonia,7,26,3,2,26.92
a36b125ac6d5fdbc7f50de85c9157bdc,SP,automotivo,2,26,3,3,7.69
a3f0b55de503387383c7b1de3ad7f678,PR,fashion_bolsas_e_acessorios,14,26,2,1,53.85
a3f0b55de503387383c7b1de3ad7f678,PR,malas_acessorios,12,26,2,2,46.15
b2a6d334e2833acea353624840e25a0e,SP,eletroportateis,18,26,4,1,69.23
b2a6d334e2833acea353624840e25a0e,SP,automotivo,3,26,4,2,11.54
b2a6d334e2833acea353624840e25a0e,SP,construcao_ferramentas_seguranca,3,26,4,3,11.54
b2a6d334e2833acea353624840e25a0e,SP,telefonia,2,26,4,4,7.69
b74d1c09cb380e1d03a6f859c6f4224b,RJ,utilidades_domesticas,13,26,4,1,50.00
b74d1c09cb380e1d03a6f859c6f4224b,RJ,brinquedos,8,26,4,2,30.77
b74d1c09cb380e1d03a6f859c6f4224b,RJ,ferramentas_jardim,4,26,4,3,15.38
b74d1c09cb380e1d03a6f859c6f4224b,RJ,beleza_saude,1,26,4,4,3.85
c731d18cea9bf687ffee82a241c25b11,SC,la_cuisine,13,26,5,1,50.00
c731d18cea9bf687ffee82a241c25b11,SC,utilidades_domesticas,9,26,5,2,34.62
c731d18cea9bf687ffee82a241c25b11,SC,ferramentas_jardim,2,26,5,3,7.69
c731d18cea9bf687ffee82a241c25b11,SC,eletroportateis,1,26,5,5,3.85
c731d18cea9bf687ffee82a241c25b11,SC,moveis_decoracao,1,26,5,4,3.85
ccf8813e5a7d6c84d865cd38bfc2b130,SP,moveis_decoracao,25,26,2,1,96.15
ccf8813e5a7d6c84d865cd38bfc2b130,SP,utilidades_domesticas,1,26,2,2,3.85
cea729054f157f5870bdd321a958d994,SP,esporte_lazer,24,26,2,1,92.31
cea729054f157f5870bdd321a958d994,SP,cama_mesa_banho,2,26,2,2,7.69
d51e0a403fe2e689ece6c73359d96e12,SP,construcao_ferramentas_jardim,26,26,1,1,100.00
ed4311e67debd72b8610a5347a743087,SP,utilidades_domesticas,26,26,1,1,100.00
f61c63d13f7cd800549d5acdd390ae72,SP,utilidades_domesticas,17,26,4,1,65.38
f61c63d13f7cd800549d5acdd390ae72,SP,brinquedos,6,26,4,2,23.08
f61c63d13f7cd800549d5acdd390ae72,SP,telefonia,2,26,4,3,7.69
f61c63d13f7cd800549d5acdd390ae72,SP,eletroportateis,1,26,4,4,3.85
0afccdb8a34ee5c79f7c06faf2b4d56e,MG,telefonia,25,25,1,1,100.00
17306570e772e7718c92a562d33f5f1d,SP,cama_mesa_banho,25,25,1,1,100.00
198c7ea11960a9844b544d9bcdca860c,MG,eletroportateis,13,25,2,1,52.00
198c7ea11960a9844b544d9bcdca860c,MG,automotivo,12,25,2,2,48.00
1fe5540d7c1c37a595fefbacd5570d9e,RJ,informatica_acessorios,25,25,1,1,100.00
39d54ff918774174706fb065d7f9dc07,SP,automotivo,25,25,1,1,100.00
4e5725ba188db8252977a4f0227bd462,SP,informatica_acessorios,23,25,2,1,92.00
4e5725ba188db8252977a4f0227bd462,SP,cool_stuff,2,25,2,2,8.00
79ed755314cfe6df0daef2c6cd3022cd,SP,ferramentas_jardim,22,25,3,1,88.00
79ed755314cfe6df0daef2c6cd3022cd,SP,cama_mesa_banho,2,25,3,2,8.00
79ed755314cfe6df0daef2c6cd3022cd,SP,construcao_ferramentas_iluminacao,1,25,3,3,4.00
977f9f63dd360c2a32ece2f93ad6d306,SP,bebes,25,25,1,1,100.00
a938325a4b357fd23a6a4d5bb126408e,RJ,automotivo,25,25,1,1,100.00
af4a0e4cfe1d9c26b6712b1be25a72e5,MG,informatica_acessorios,23,25,2,1,92.00
af4a0e4cfe1d9c26b6712b1be25a72e5,MG,construcao_ferramentas_construcao,2,25,2,2,8.00
b83cedfb587e7911540e3f576d6917ce,SP,beleza_saude,24,25,2,1,96.00
b83cedfb587e7911540e3f576d6917ce,SP,perfumaria,1,25,2,2,4.00
bc47d5d1490df2b36add65d733eafaba,SP,esporte_lazer,25,25,1,1,100.00
ddd51ae8cda92f3995a51fc0f0f3eec7,RJ,utilidades_domesticas,25,25,1,1,100.00
df56d7b40d437f88407c5f78b63bc328,PR,esporte_lazer,25,25,1,1,100.00
e89c4adbe7b1d0819dbb636e16461cf1,SP,esporte_lazer,25,25,1,1,100.00
e99e927c81e3f51739c94fcdfca9f10f,MG,ferramentas_jardim,16,25,3,1,64.00
e99e927c81e3f51739c94fcdfca9f10f,MG,beleza_saude,8,25,3,2,32.00
e99e927c81e3f51739c94fcdfca9f10f,MG,utilidades_domesticas,1,25,3,3,4.00
fb89df7f89fd1b8f03fa2acca1ba7364,PR,beleza_saude,25,25,1,1,100.00
02ecc2a19303f05e59ce133fd923fff7,SP,casa_construcao,9,24,3,2,37.50
02ecc2a19303f05e59ce133fd923fff7,SP,ferramentas_jardim,9,24,3,1,37.50
02ecc2a19303f05e59ce133fd923fff7,SP,moveis_decoracao,6,24,3,3,25.00
07bf9669d84d1f11be443a9dd938f698,SP,moveis_cozinha_area_de_servico_jantar_e_jardim,22,24,2,1,91.67
07bf9669d84d1f11be443a9dd938f698,SP,ferramentas_jardim,2,24,2,2,8.33
0d33a55da925bbf1ff02af5f6059fc7f,SP,livros_tecnicos,11,24,4,1,45.83
0d33a55da925bbf1ff02af5f6059fc7f,SP,livros_interesse_geral,9,24,4,2,37.50
0d33a55da925bbf1ff02af5f6059fc7f,SP,brinquedos,3,24,4,3,12.50
0d33a55da925bbf1ff02af5f6059fc7f,SP,moveis_decoracao,1,24,4,4,4.17
15aac934c58d886785ac1b17953ea898,ES,climatizacao,4,24,11,1,16.67
15aac934c58d886785ac1b17953ea898,ES,consoles_games,3,24,11,5,12.50
15aac934c58d886785ac1b17953ea898,ES,esporte_lazer,3,24,11,4,12.50
15aac934c58d886785ac1b17953ea898,ES,instrumentos_musicais,3,24,11,3,12.50
15aac934c58d886785ac1b17953ea898,ES,moveis_sala,3,24,11,2,12.50
15aac934c58d886785ac1b17953ea898,ES,utilidades_domesticas,2,24,11,6,8.33
15aac934c58d886785ac1b17953ea898,ES,cool_stuff,2,24,11,7,8.33
15aac934c58d886785ac1b17953ea898,ES,informatica_acessorios,1,24,11,8,4.17
15aac934c58d886785ac1b17953ea898,ES,eletrodomesticos,1,24,11,11,4.17
15aac934c58d886785ac1b17953ea898,ES,ferramentas_jardim,1,24,11,9,4.17
15aac934c58d886785ac1b17953ea898,ES,telefonia,1,24,11,10,4.17
23a0ffca143a15b9b5bbdb7d552f626a,SP,ferramentas_jardim,23,24,2,1,95.83
23a0ffca143a15b9b5bbdb7d552f626a,SP,utilidades_domesticas,1,24,2,2,4.17
343e716476e3748b069f980efbaa294e,SP,livros_interesse_geral,24,24,1,1,100.00
3785b653b1b82de85ab47dd139938091,PR,utilidades_domesticas,24,24,1,1,100.00
3d5d0dc7073a299e31fa718ce1bc00b6,RJ,beleza_saude,14,24,6,1,58.33
3d5d0dc7073a299e31fa718ce1bc00b6,RJ,utilidades_domesticas,5,24,6,2,20.83
3d5d0dc7073a299e31fa718ce1bc00b6,RJ,eletroportateis,2,24,6,3,8.33
3d5d0dc7073a299e31fa718ce1bc00b6,RJ,perfumaria,1,24,6,4,4.17
3d5d0dc7073a299e31fa718ce1bc00b6,RJ,esporte_lazer,1,24,6,5,4.17
3d5d0dc7073a299e31fa718ce1bc00b6,RJ,cama_mesa_banho,1,24,6,6,4.17
681fce914360217db47784ae28905a96,PR,perfumaria,20,24,3,1,83.33
681fce914360217db47784ae28905a96,PR,beleza_saude,3,24,3,2,12.50
681fce914360217db47784ae28905a96,PR,utilidades_domesticas,1,24,3,3,4.17
7139dc5186aa238b006e066d8fbab2e4,SP,moveis_decoracao,15,24,3,1,62.50
7139dc5186aa238b006e066d8fbab2e4,SP,construcao_ferramentas_ferramentas,5,24,3,2,20.83
7139dc5186aa238b006e066d8fbab2e4,SP,artes,4,24,3,3,16.67
7c5b05cbdb5542049f38d90d7815b97d,SP,livros_importados,24,24,1,1,100.00
82bd0703a4aefd6b599e5bfdaed378fb,SP,beleza_saude,14,24,4,1,58.33
82bd0703a4aefd6b599e5bfdaed378fb,SP,perfumaria,8,24,4,2,33.33
82bd0703a4aefd6b599e5bfdaed378fb,SP,cool_stuff,1,24,4,4,4.17
82bd0703a4aefd6b599e5bfdaed378fb,SP,market_place,1,24,4,3,4.17
845e8036c3f7bf62099352f5ed910240,RJ,cama_mesa_banho,19,24,2,1,79.17
845e8036c3f7bf62099352f5ed910240,RJ,bebes,5,24,2,2,20.83
8c5e007d7bd5693fa1386ffefbc99f6c,SP,beleza_saude,24,24,1,1,100.00
8cc6a0e5738e61a87b03c78b2ba9db4b,MG,papelaria,8,24,6,1,33.33
8cc6a0e5738e61a87b03c78b2ba9db4b,MG,brinquedos,6,24,6,2,25.00
8cc6a0e5738e61a87b03c78b2ba9db4b,MG,cool_stuff,4,24,6,3,16.67
8cc6a0e5738e61a87b03c78b2ba9db4b,MG,informatica_acessorios,3,24,6,4,12.50
8cc6a0e5738e61a87b03c78b2ba9db4b,MG,eletronicos,2,24,6,5,8.33
8cc6a0e5738e61a87b03c78b2ba9db4b,MG,consoles_games,1,24,6,6,4.17
9596c870880d900012f2e8e6e30d06d7,MG,construcao_ferramentas_construcao,13,24,4,1,54.17
9596c870880d900012f2e8e6e30d06d7,MG,papelaria,8,24,4,2,33.33
9596c870880d900012f2e8e6e30d06d7,MG,industria_comercio_e_negocios,2,24,4,3,8.33
9596c870880d900012f2e8e6e30d06d7,MG,utilidades_domesticas,1,24,4,4,4.17
a5a1bfcf728ab0e19182959cf0771ee4,SP,alimentos,18,24,3,1,75.00
a5a1bfcf728ab0e19182959cf0771ee4,SP,esporte_lazer,4,24,3,2,16.67
a5a1bfcf728ab0e19182959cf0771ee4,SP,beleza_saude,2,24,3,3,8.33
b19f3ca2ea475913750f25a5c37c8d8f,MG,utilidades_domesticas,20,24,2,1,83.33
b19f3ca2ea475913750f25a5c37c8d8f,MG,papelaria,4,24,2,2,16.67
ce616e1913288884e7742faac9d981db,SP,automotivo,24,24,1,1,100.00
cfe94489ddd337d1e29e12f2a7205d10,SP,construcao_ferramentas_seguranca,24,24,1,1,100.00
e7df4cd29ab5abab70fb0783ddb53987,SP,fashion_esporte,12,24,3,1,50.00
e7df4cd29ab5abab70fb0783ddb53987,SP,esporte_lazer,11,24,3,2,45.83
e7df4cd29ab5abab70fb0783ddb53987,SP,relogios_presentes,1,24,3,3,4.17
f615fe7efbef0f4f08fd3086bc7a3e60,SP,brinquedos,18,24,4,1,75.00
f615fe7efbef0f4f08fd3086bc7a3e60,SP,bebes,3,24,4,2,12.50
f615fe7efbef0f4f08fd3086bc7a3e60,SP,alimentos,2,24,4,3,8.33
f615fe7efbef0f4f08fd3086bc7a3e60,SP,cool_stuff,1,24,4,4,4.17
f76a3b1349b6df1ee875d1f3fa4340f0,SP,utilidades_domesticas,24,24,1,1,100.00
082e0bf4cb865a6533b1e8e498cc0255,SP,ferramentas_jardim,22,23,2,1,95.65
082e0bf4cb865a6533b1e8e498cc0255,SP,utilidades_domesticas,1,23,2,2,4.35
13d058e4eeac2ce8217660b2f8a05812,SP,eletrodomesticos_2,23,23,1,1,100.00
1430239a858e7682bbc43b20758af153,SP,bebes,12,23,3,1,52.17
1430239a858e7682bbc43b20758af153,SP,esporte_lazer,7,23,3,2,30.43
1430239a858e7682bbc43b20758af153,SP,cool_stuff,4,23,3,3,17.39
2a61c271b1ac763450d846849783e922,SP,beleza_saude,22,23,2,1,95.65
2a61c271b1ac763450d846849783e922,SP,cool_stuff,1,23,2,2,4.35
2e1a7d075abe038c1b2743005fe42ff1,SP,beleza_saude,18,23,2,1,78.26
2e1a7d075abe038c1b2743005fe42ff1,SP,perfumaria,5,23,2,2,21.74
41c2bad7229b0c25e6becf179ebf63ff,RN,livros_interesse_geral,23,23,1,1,100.00
42ef3192a9ff87a22d1867b74b3ee205,SP,brinquedos,17,23,4,1,73.91
42ef3192a9ff87a22d1867b74b3ee205,SP,papelaria,2,23,4,4,8.70
42ef3192a9ff87a22d1867b74b3ee205,SP,livros_interesse_geral,2,23,4,3,8.70
42ef3192a9ff87a22d1867b74b3ee205,SP,dvds_blu_ray,2,23,4,2,8.70
4a1f694197d05fe70026b016a7316b41,SP,moveis_decoracao,19,23,2,1,82.61
4a1f694197d05fe70026b016a7316b41,SP,utilidades_domesticas,4,23,2,2,17.39
52f9db5cfb423382a2fa5c9e39303202,SP,eletrodomesticos,11,23,4,1,47.83
52f9db5cfb423382a2fa5c9e39303202,SP,eletroportateis,7,23,4,2,30.43
52f9db5cfb423382a2fa5c9e39303202,SP,beleza_saude,4,23,4,3,17.39
52f9db5cfb423382a2fa5c9e39303202,SP,eletrodomesticos_2,1,23,4,4,4.35
5bffbafbb22daf6d3bfc216a46db8708,RJ,informatica_acessorios,14,23,3,1,60.87
5bffbafbb22daf6d3bfc216a46db8708,RJ,automotivo,5,23,3,2,21.74
5bffbafbb22daf6d3bfc216a46db8708,RJ,alimentos,4,23,3,3,17.39
6426d21aca402a131fc0a5d0960a3c90,SP,cama_mesa_banho,12,23,4,1,52.17
6426d21aca402a131fc0a5d0960a3c90,SP,utilidades_domesticas,8,23,4,2,34.78
6426d21aca402a131fc0a5d0960a3c90,SP,brinquedos,2,23,4,3,8.70
6426d21aca402a131fc0a5d0960a3c90,SP,esporte_lazer,1,23,4,4,4.35
6b536a23086fba0d58c08d68814397f6,RJ,esporte_lazer,20,23,2,1,86.96
6b536a23086fba0d58c08d68814397f6,RJ,relogios_presentes,3,23,2,2,13.04
6d988d6174a2c27441597174f8905515,PR,utilidades_domesticas,16,23,2,1,69.57
6d988d6174a2c27441597174f8905515,PR,beleza_saude,7,23,2,2,30.43
7f2617c58d5d06806987308b45654351,SP,esporte_lazer,23,23,1,1,100.00
888faa8bfb0b159c37de6d898b961c31,SC,esporte_lazer,9,23,8,1,39.13
888faa8bfb0b159c37de6d898b961c31,SC,utilidades_domesticas,4,23,8,2,17.39
888faa8bfb0b159c37de6d898b961c31,SC,construcao_ferramentas_construcao,4,23,8,3,17.39
888faa8bfb0b159c37de6d898b961c31,SC,cool_stuff,2,23,8,4,8.70
888faa8bfb0b159c37de6d898b961c31,SC,brinquedos,1,23,8,7,4.35
888faa8bfb0b159c37de6d898b961c31,SC,cama_mesa_banho,1,23,8,8,4.35
888faa8bfb0b159c37de6d898b961c31,SC,ferramentas_jardim,1,23,8,5,4.35
888faa8bfb0b159c37de6d898b961c31,SC,market_place,1,23,8,6,4.35
b18871c324516afa228a13e8f1ef0ae9,SP,ferramentas_jardim,23,23,1,1,100.00
e84ad2127668df3aafc6b73531a0beb8,SP,cool_stuff,17,23,2,1,73.91
e84ad2127668df3aafc6b73531a0beb8,SP,bebes,6,23,2,2,26.09
f0837c8d71434931d9e38e7b79234797,RS,utilidades_domesticas,23,23,1,1,100.00
f08c008c8a8d31417763738a1788a2a8,PR,esporte_lazer,23,23,1,1,100.00
f918546be4bec7104d117789ba758b2b,SP,ferramentas_jardim,23,23,1,1,100.00
054694fa03fe82cec4b7551487331d74,SP,eletroportateis,8,22,4,1,36.36
054694fa03fe82cec4b7551487331d74,SP,cool_stuff,7,22,4,2,31.82
054694fa03fe82cec4b7551487331d74,SP,eletrodomesticos_2,6,22,4,3,27.27
054694fa03fe82cec4b7551487331d74,SP,utilidades_domesticas,1,22,4,4,4.55
1c40343cc5d18c2d8248ac2f3366de34,SP,perfumaria,11,22,7,1,50.00
1c40343cc5d18c2d8248ac2f3366de34,SP,utilidades_domesticas,4,22,7,2,18.18
1c40343cc5d18c2d8248ac2f3366de34,SP,sinalizacao_e_seguranca,2,22,7,4,9.09
1c40343cc5d18c2d8248ac2f3366de34,SP,beleza_saude,2,22,7,3,9.09
1c40343cc5d18c2d8248ac2f3366de34,SP,esporte_lazer,1,22,7,5,4.55
1c40343cc5d18c2d8248ac2f3366de34,SP,pcs,1,22,7,7,4.55
1c40343cc5d18c2d8248ac2f3366de34,SP,construcao_ferramentas_construcao,1,22,7,6,4.55
2156f2671501a81034d7d07f217609d0,SP,informatica_acessorios,15,22,4,1,68.18
2156f2671501a81034d7d07f217609d0,SP,ferramentas_jardim,5,22,4,2,22.73
2156f2671501a81034d7d07f217609d0,SP,utilidades_domesticas,1,22,4,4,4.55
2156f2671501a81034d7d07f217609d0,SP,construcao_ferramentas_construcao,1,22,4,3,4.55
373ee4a3a775a733770ca3f790b8b9ac,RJ,esporte_lazer,8,22,5,1,36.36
373ee4a3a775a733770ca3f790b8b9ac,RJ,casa_construcao,6,22,5,2,27.27
373ee4a3a775a733770ca3f790b8b9ac,RJ,cool_stuff,5,22,5,3,22.73
373ee4a3a775a733770ca3f790b8b9ac,RJ,moveis_decoracao,2,22,5,4,9.09
373ee4a3a775a733770ca3f790b8b9ac,RJ,brinquedos,1,22,5,5,4.55
3a734b715d333a2588a3d54a0c9b8746,SP,telefonia,11,22,6,1,50.00
3a734b715d333a2588a3d54a0c9b8746,SP,cool_stuff,6,22,6,2,27.27
3a734b715d333a2588a3d54a0c9b8746,SP,bebes,2,22,6,3,9.09
3a734b715d333a2588a3d54a0c9b8746,SP,eletronicos,1,22,6,6,4.55
3a734b715d333a2588a3d54a0c9b8746,SP,relogios_presentes,1,22,6,5,4.55
3a734b715d333a2588a3d54a0c9b8746,SP,consoles_games,1,22,6,4,4.55
412a4720f3e9431b4afa1476a1acddbe,SP,esporte_lazer,15,22,3,1,68.18
412a4720f3e9431b4afa1476a1acddbe,SP,utilidades_domesticas,6,22,3,2,27.27
412a4720f3e9431b4afa1476a1acddbe,SP,casa_construcao,1,22,3,3,4.55
503c1de08ae81a2d86f17951b204db55,SP,bebes,22,22,1,1,100.00
55f7a3319d80f7fdf078b8f03e6725fe,SP,automotivo,16,22,2,1,72.73
55f7a3319d80f7fdf078b8f03e6725fe,SP,artes_e_artesanato,6,22,2,2,27.27
5670f4db5b62c43d542e1b2d56b0cf7c,SP,perfumaria,22,22,1,1,100.00
5b664594895aefb418afaee6d40a9a23,RJ,construcao_ferramentas_construcao,15,22,3,1,68.18
5b664594895aefb418afaee6d40a9a23,RJ,climatizacao,4,22,3,2,18.18
5b664594895aefb418afaee6d40a9a23,RJ,cool_stuff,3,22,3,3,13.64
6288c69c4ce638e59925e59193f98b16,SP,brinquedos,10,22,4,1,45.45
6288c69c4ce638e59925e59193f98b16,SP,eletronicos,8,22,4,2,36.36
6288c69c4ce638e59925e59193f98b16,SP,ferramentas_jardim,3,22,4,3,13.64
6288c69c4ce638e59925e59193f98b16,SP,informatica_acessorios,1,22,4,4,4.55
67bf6941ba2f1fa1d02c375766bc3e53,PR,moveis_escritorio,16,22,3,1,72.73
67bf6941ba2f1fa1d02c375766bc3e53,PR,moveis_sala,3,22,3,3,13.64
67bf6941ba2f1fa1d02c375766bc3e53,PR,moveis_cozinha_area_de_servico_jantar_e_jardim,3,22,3,2,13.64
6a38087bc8ad4f89ff453561005f6dea,GO,informatica_acessorios,13,22,2,1,59.09
6a38087bc8ad4f89ff453561005f6dea,GO,consoles_games,9,22,2,2,40.91
6aa3928696eab49a19a466e665a649fd,RJ,beleza_saude,22,22,1,1,100.00
7b1222c3624aa89b9558b50a2594188c,SP,brinquedos,17,22,3,1,77.27
7b1222c3624aa89b9558b50a2594188c,SP,market_place,4,22,3,2,18.18
7b1222c3624aa89b9558b50a2594188c,SP,beleza_saude,1,22,3,3,4.55
9dda5bbacd45e18d6485fee649205d09,MG,moveis_decoracao,21,22,2,1,95.45
9dda5bbacd45e18d6485fee649205d09,MG,utilidades_domesticas,1,22,2,2,4.55
b494891378bd8f4560abe576c52deacd,SP,beleza_saude,19,22,4,1,86.36
b494891378bd8f4560abe576c52deacd,SP,bebidas,1,22,4,2,4.55
b494891378bd8f4560abe576c52deacd,SP,pet_shop,1,22,4,4,4.55
b494891378bd8f4560abe576c52deacd,SP,alimentos,1,22,4,3,4.55
bc2ac6b95e1accce9858528ee566c17e,SP,livros_importados,22,22,1,1,100.00
bd697db56ff8e7c9cd1abeb7f72029b2,SP,automotivo,22,22,1,1,100.00
c35672b10ad50968f567ea3f4b91e877,RJ,beleza_saude,18,22,2,1,81.82
c35672b10ad50968f567ea3f4b91e877,RJ,perfumaria,4,22,2,2,18.18
c72de06d72748d1a0dfb2125be43ba63,BA,informatica_acessorios,18,22,3,1,81.82
c72de06d72748d1a0dfb2125be43ba63,BA,telefonia,3,22,3,2,13.64
c72de06d72748d1a0dfb2125be43ba63,BA,pcs,1,22,3,3,4.55
d8c7ba53e7e38711eaef8c2849d6d2e1,PR,bebes,10,22,3,1,45.45
d8c7ba53e7e38711eaef8c2849d6d2e1,PR,cama_mesa_banho,7,22,3,2,31.82
d8c7ba53e7e38711eaef8c2849d6d2e1,PR,esporte_lazer,5,22,3,3,22.73
e24d3429d294b2eb200b064ebb035879,SP,beleza_saude,22,22,1,1,100.00
ef2fbc2b607d8492bcffe657a4645434,RJ,automotivo,15,22,5,1,68.18
ef2fbc2b607d8492bcffe657a4645434,RJ,construcao_ferramentas_jardim,2,22,5,4,9.09
ef2fbc2b607d8492bcffe657a4645434,RJ,bebes,2,22,5,3,9.09
ef2fbc2b607d8492bcffe657a4645434,RJ,beleza_saude,2,22,5,2,9.09
ef2fbc2b607d8492bcffe657a4645434,RJ,utilidades_domesticas,1,22,5,5,4.55
f125f3a310c2e5f822d116147de1e474,SP,construcao_ferramentas_construcao,19,22,2,1,86.36
f125f3a310c2e5f822d116147de1e474,SP,casa_construcao,3,22,2,2,13.64
f4db9b37944bcb8873e6b456ee190bbf,SP,fashion_bolsas_e_acessorios,19,22,2,1,86.36
f4db9b37944bcb8873e6b456ee190bbf,SP,malas_acessorios,3,22,2,2,13.64
f7496d659ca9fdaf323c0aae84176632,SP,moveis_decoracao,15,22,2,1,68.18
f7496d659ca9fdaf323c0aae84176632,SP,utilidades_domesticas,7,22,2,2,31.82
3092c0b297aacfb4bb6e056ebe13b9b8,SP,utilidades_domesticas,7,21,7,1,33.33
3092c0b297aacfb4bb6e056ebe13b9b8,SP,pet_shop,4,21,7,2,19.05
3092c0b297aacfb4bb6e056ebe13b9b8,SP,informatica_acessorios,3,21,7,3,14.29
3092c0b297aacfb4bb6e056ebe13b9b8,SP,consoles_games,3,21,7,4,14.29
3092c0b297aacfb4bb6e056ebe13b9b8,SP,moveis_decoracao,2,21,7,5,9.52
3092c0b297aacfb4bb6e056ebe13b9b8,SP,papelaria,1,21,7,6,4.76
3092c0b297aacfb4bb6e056ebe13b9b8,SP,cool_stuff,1,21,7,7,4.76
41da412d33e8da4f22baf55cb1bde82c,ES,esporte_lazer,21,21,1,1,100.00
430315b7bb4b6e4b3c978f9dfa9b0558,SP,utilidades_domesticas,6,21,9,1,28.57
430315b7bb4b6e4b3c978f9dfa9b0558,SP,beleza_saude,3,21,9,4,14.29
430315b7bb4b6e4b3c978f9dfa9b0558,SP,telefonia,3,21,9,3,14.29
430315b7bb4b6e4b3c978f9dfa9b0558,SP,eletroportateis,3,21,9,2,14.29
430315b7bb4b6e4b3c978f9dfa9b0558,SP,automotivo,2,21,9,5,9.52
430315b7bb4b6e4b3c978f9dfa9b0558,SP,ferramentas_jardim,1,21,9,9,4.76
430315b7bb4b6e4b3c978f9dfa9b0558,SP,informatica_acessorios,1,21,9,8,4.76
430315b7bb4b6e4b3c978f9dfa9b0558,SP,sinalizacao_e_seguranca,1,21,9,7,4.76
430315b7bb4b6e4b3c978f9dfa9b0558,SP,eletronicos,1,21,9,6,4.76
4305fe92735c8a43d154ff6dd2b8d927,MG,esporte_lazer,19,21,3,1,90.48
4305fe92735c8a43d154ff6dd2b8d927,MG,ferramentas_jardim,1,21,3,2,4.76
4305fe92735c8a43d154ff6dd2b8d927,MG,fashion_roupa_masculina,1,21,3,3,4.76
5011f0d93373a4c5753adf58ca77af8d,SP,alimentos_bebidas,17,21,2,1,80.95
5011f0d93373a4c5753adf58ca77af8d,SP,alimentos,4,21,2,2,19.05
5075aaa8404020ae6aa8bf4792099b41,MG,bebidas,20,21,2,1,95.24
5075aaa8404020ae6aa8bf4792099b41,MG,utilidades_domesticas,1,21,2,2,4.76
52f0fe436a347ddad7ed5f9aa4e27eaa,SP,informatica_acessorios,9,21,6,1,42.86
52f0fe436a347ddad7ed5f9aa4e27eaa,SP,telefonia,5,21,6,2,23.81
52f0fe436a347ddad7ed5f9aa4e27eaa,SP,esporte_lazer,4,21,6,3,19.05
52f0fe436a347ddad7ed5f9aa4e27eaa,SP,bebes,1,21,6,6,4.76
52f0fe436a347ddad7ed5f9aa4e27eaa,SP,automotivo,1,21,6,5,4.76
52f0fe436a347ddad7ed5f9aa4e27eaa,SP,ferramentas_jardim,1,21,6,4,4.76
5bc55dbe2f12b6af6d83ed46023e0dc8,MG,esporte_lazer,19,21,2,1,90.48
5bc55dbe2f12b6af6d83ed46023e0dc8,MG,brinquedos,2,21,2,2,9.52
6562efe88ce0826a4ca4f189f03b4b84,PR,moveis_decoracao,21,21,1,1,100.00
679769a98cfcc6da877c8486ff1c13f3,MG,beleza_saude,21,21,1,1,100.00
6b15924333bd1a741595fe981ea04822,SP,beleza_saude,21,21,1,1,100.00
808d4348b916efa08e766ebad39f61eb,SP,perfumaria,21,21,1,1,100.00
8f78f0903005064036736c7173a5c2ed,MG,moveis_decoracao,16,21,4,1,76.19
8f78f0903005064036736c7173a5c2ed,MG,moveis_sala,2,21,4,2,9.52
8f78f0903005064036736c7173a5c2ed,MG,utilidades_domesticas,2,21,4,3,9.52
8f78f0903005064036736c7173a5c2ed,MG,moveis_cozinha_area_de_servico_jantar_e_jardim,1,21,4,4,4.76
973f21788dfab357250f69a8dcb7ddee,MG,esporte_lazer,21,21,1,1,100.00
af3ef48d0e13835e529c29ac573c63e5,SP,pet_shop,20,21,2,1,95.24
af3ef48d0e13835e529c29ac573c63e5,SP,brinquedos,1,21,2,2,4.76
bf100ecb7997df312b285358fb32f92c,PR,cool_stuff,11,21,3,1,52.38
bf100ecb7997df312b285358fb32f92c,PR,beleza_saude,8,21,3,2,38.10
bf100ecb7997df312b285358fb32f92c,PR,bebes,2,21,3,3,9.52
cfa5ab0e4d3fc212fd0b3410e7081c62,MG,moveis_sala,7,21,6,1,33.33
cfa5ab0e4d3fc212fd0b3410e7081c62,MG,ferramentas_jardim,6,21,6,2,28.57
cfa5ab0e4d3fc212fd0b3410e7081c62,MG,brinquedos,4,21,6,3,19.05
cfa5ab0e4d3fc212fd0b3410e7081c62,MG,telefonia_fixa,2,21,6,4,9.52
cfa5ab0e4d3fc212fd0b3410e7081c62,MG,informatica_acessorios,1,21,6,6,4.76
cfa5ab0e4d3fc212fd0b3410e7081c62,MG,moveis_decoracao,1,21,6,5,4.76
d03698c2efd04a549382afa6623e27fb,BA,informatica_acessorios,19,21,2,1,90.48
d03698c2efd04a549382afa6623e27fb,BA,telefonia_fixa,2,21,2,2,9.52
d25aa0aaacb370e912f8cf6efeba38b3,SC,utilidades_domesticas,19,21,2,1,90.48
d25aa0aaacb370e912f8cf6efeba38b3,SC,construcao_ferramentas_construcao,2,21,2,2,9.52
d9442042130b7fe579d1295f9f4a248f,SP,utilidades_domesticas,11,21,4,1,52.38
d9442042130b7fe579d1295f9f4a248f,SP,ferramentas_jardim,5,21,4,2,23.81
d9442042130b7fe579d1295f9f4a248f,SP,automotivo,3,21,4,3,14.29
d9442042130b7fe579d1295f9f4a248f,SP,moveis_sala,2,21,4,4,9.52
dfc475d54e1b6dbeeb7d7d9bdaa63827,PR,utilidades_domesticas,20,21,2,1,95.24
dfc475d54e1b6dbeeb7d7d9bdaa63827,PR,ferramentas_jardim,1,21,2,2,4.76
e21a1e8be4715b0fcfd5385643bc49c4,SC,automotivo,10,21,3,1,47.62
e21a1e8be4715b0fcfd5385643bc49c4,SC,informatica_acessorios,6,21,3,2,28.57
e21a1e8be4715b0fcfd5385643bc49c4,SC,cama_mesa_banho,5,21,3,3,23.81
e48b04bf1aa1ef711caebeb7aede6180,PR,brinquedos,11,21,2,1,52.38
e48b04bf1aa1ef711caebeb7aede6180,PR,bebes,10,21,2,2,47.62
eb5b6204dde3a6e03b5f1bb8479f055b,SP,utilidades_domesticas,12,21,5,1,57.14
eb5b6204dde3a6e03b5f1bb8479f055b,SP,climatizacao,3,21,5,2,14.29
eb5b6204dde3a6e03b5f1bb8479f055b,SP,moveis_decoracao,2,21,5,4,9.52
eb5b6204dde3a6e03b5f1bb8479f055b,SP,eletroportateis,2,21,5,3,9.52
eb5b6204dde3a6e03b5f1bb8479f055b,SP,informatica_acessorios,2,21,5,5,9.52
f9244d45189d3a3605499abddeade7d5,SP,eletroportateis,15,21,3,1,71.43
f9244d45189d3a3605499abddeade7d5,SP,ferramentas_jardim,4,21,3,2,19.05
f9244d45189d3a3605499abddeade7d5,SP,cool_stuff,2,21,3,3,9.52
f97e2b0650c2068227e1d366140eb62f,SP,pet_shop,14,21,2,1,66.67
f97e2b0650c2068227e1d366140eb62f,SP,ferramentas_jardim,7,21,2,2,33.33
099095b050cfe8eb1ddff5317587e96e,SP,utilidades_domesticas,9,20,8,1,45.00
099095b050cfe8eb1ddff5317587e96e,SP,brinquedos,3,20,8,2,15.00
099095b050cfe8eb1ddff5317587e96e,SP,esporte_lazer,2,20,8,4,10.00
099095b050cfe8eb1ddff5317587e96e,SP,portateis_casa_forno_e_cafe,2,20,8,3,10.00
099095b050cfe8eb1ddff5317587e96e,SP,moveis_sala,1,20,8,7,5.00
099095b050cfe8eb1ddff5317587e96e,SP,moveis_cozinha_area_de_servico_jantar_e_jardim,1,20,8,8,5.00
099095b050cfe8eb1ddff5317587e96e,SP,cool_stuff,1,20,8,6,5.00
099095b050cfe8eb1ddff5317587e96e,SP,bebes,1,20,8,5,5.00
1354d51653f645349064725ed204e85e,SP,moveis_decoracao,14,20,3,1,70.00
1354d51653f645349064725ed204e85e,SP,fashion_bolsas_e_acessorios,3,20,3,2,15.00
1354d51653f645349064725ed204e85e,SP,artes,3,20,3,3,15.00
270297ead4c65a6cd2593960d2af6b21,SP,moveis_decoracao,13,20,3,1,65.00
270297ead4c65a6cd2593960d2af6b21,SP,casa_construcao,5,20,3,2,25.00
270297ead4c65a6cd2593960d2af6b21,SP,ferramentas_jardim,2,20,3,3,10.00
30a81d8cf85fb2ada1b1b094c9583a95,SP,pet_shop,20,20,1,1,100.00
33c51922b6e3c16b24a8f28e5833c99d,PR,perfumaria,16,20,4,1,80.00
33c51922b6e3c16b24a8f28e5833c99d,PR,telefonia,2,20,4,2,10.00
33c51922b6e3c16b24a8f28e5833c99d,PR,eletronicos,1,20,4,3,5.00
33c51922b6e3c16b24a8f28e5833c99d,PR,informatica_acessorios,1,20,4,4,5.00
392e0502231ae2f8b29994ef6398cd77,SP,beleza_saude,20,20,1,1,100.00
4342d4b2ba6b161468c63a7e7cfce593,RJ,relogios_presentes,20,20,1,1,100.00
4b0fdb526525f9890eb145bf1534640e,SP,cama_mesa_banho,19,20,2,1,95.00
4b0fdb526525f9890eb145bf1534640e,SP,bebes,1,20,2,2,5.00
542917da124346b47ea1ac79a93ce454,PR,beleza_saude,13,20,2,1,65.00
542917da124346b47ea1ac79a93ce454,PR,perfumaria,7,20,2,2,35.00
65b081a070633e057c462abdd6fb9dd8,GO,perfumaria,20,20,1,1,100.00
784ba75dd9d20200c4caed3d7a77141a,SP,papelaria,11,20,3,1,55.00
784ba75dd9d20200c4caed3d7a77141a,SP,informatica_acessorios,6,20,3,2,30.00
784ba75dd9d20200c4caed3d7a77141a,SP,utilidades_domesticas,3,20,3,3,15.00
7f152321c60a266edc53af1925ef96c1,SC,esporte_lazer,20,20,1,1,100.00
89bc797e2e29667aa035d4368f9b7f92,SP,telefonia,20,20,1,1,100.00
9bcdfa7b615b3abb9461d9e3ad9886ae,SC,esporte_lazer,20,20,1,1,100.00
b1fecf4da1fa2689bccffa0121953643,MS,beleza_saude,20,20,1,1,100.00
b347677812ea483b0f528eaf8cbc09b7,PR,utilidades_domesticas,20,20,1,1,100.00
b4f8921fcc4ff77b66bea6dda43dcd51,RS,cama_mesa_banho,20,20,1,1,100.00
d3674f271c91f824f82d24d92011f669,DF,perfumaria,19,20,2,1,95.00
d3674f271c91f824f82d24d92011f669,DF,beleza_saude,1,20,2,2,5.00
e250d617a0ad591ba9bd663e584a895d,SP,moveis_decoracao,20,20,1,1,100.00
f593898ec748b7a8cb81fc04edafd98a,SP,moveis_decoracao,9,20,4,1,45.00
f593898ec748b7a8cb81fc04edafd98a,SP,brinquedos,8,20,4,2,40.00
f593898ec748b7a8cb81fc04edafd98a,SP,moveis_sala,2,20,4,3,10.00
f593898ec748b7a8cb81fc04edafd98a,SP,artes,1,20,4,4,5.00
ff69aa92bb6b1bf9b8b7a51c2ed9cf8b,SP,bebes,19,20,2,1,95.00
ff69aa92bb6b1bf9b8b7a51c2ed9cf8b,SP,cool_stuff,1,20,2,2,5.00
ffdd9f82b9a447f6f8d4b91554cc7dd3,PR,utilidades_domesticas,17,20,2,1,85.00
ffdd9f82b9a447f6f8d4b91554cc7dd3,PR,moveis_decoracao,3,20,2,2,15.00
08d2d642cf72b622b14dde1d2f5eb2f5,SP,papelaria,9,19,5,1,47.37
08d2d642cf72b622b14dde1d2f5eb2f5,SP,relogios_presentes,5,19,5,2,26.32
08d2d642cf72b622b14dde1d2f5eb2f5,SP,informatica_acessorios,3,19,5,3,15.79
08d2d642cf72b622b14dde1d2f5eb2f5,SP,telefonia,1,19,5,4,5.26
08d2d642cf72b622b14dde1d2f5eb2f5,SP,beleza_saude,1,19,5,5,5.26
094ced053e257ae8cae57205592d6712,SP,beleza_saude,11,19,2,1,57.89
094ced053e257ae8cae57205592d6712,SP,perfumaria,8,19,2,2,42.11
179d859f51292aac5c10806a356f7af9,SP,eletronicos,19,19,1,1,100.00
2e3be8a987a30d7544dbbda6861cc14e,MG,informatica_acessorios,19,19,1,1,100.00
3dbbce181edfaa4a597ec858c382d2ec,PR,livros_interesse_geral,16,19,2,1,84.21
3dbbce181edfaa4a597ec858c382d2ec,PR,papelaria,3,19,2,2,15.79
4736e9d642ef4257cd7622516931eb51,SP,climatizacao,6,19,4,1,31.58
4736e9d642ef4257cd7622516931eb51,SP,esporte_lazer,5,19,4,3,26.32
4736e9d642ef4257cd7622516931eb51,SP,moveis_decoracao,5,19,4,2,26.32
4736e9d642ef4257cd7622516931eb51,SP,utilidades_domesticas,3,19,4,4,15.79
4978a02ea9c8be7a9b5480680f40334e,SP,construcao_ferramentas_construcao,9,19,4,1,47.37
4978a02ea9c8be7a9b5480680f40334e,SP,ferramentas_jardim,5,19,4,2,26.32
4978a02ea9c8be7a9b5480680f40334e,SP,casa_construcao,4,19,4,3,21.05
4978a02ea9c8be7a9b5480680f40334e,SP,climatizacao,1,19,4,4,5.26
54c04bdb5ec46762f8f08c7e8f86ed4a,SC,esporte_lazer,19,19,1,1,100.00
62c50c1af4dfdc4149d25c5222043d39,SP,telefonia_fixa,10,19,5,1,52.63
62c50c1af4dfdc4149d25c5222043d39,SP,moveis_decoracao,3,19,5,3,15.79
62c50c1af4dfdc4149d25c5222043d39,SP,casa_construcao,3,19,5,2,15.79
62c50c1af4dfdc4149d25c5222043d39,SP,ferramentas_jardim,2,19,5,4,10.53
62c50c1af4dfdc4149d25c5222043d39,SP,eletroportateis,1,19,5,5,5.26
67883baaae6134ee81b271a542613728,SP,relogios_presentes,18,19,2,1,94.74
67883baaae6134ee81b271a542613728,SP,esporte_lazer,1,19,2,2,5.26
7bac63f6603d382cc8d0832eb6c100a8,SP,esporte_lazer,8,19,4,1,42.11
7bac63f6603d382cc8d0832eb6c100a8,SP,ferramentas_jardim,6,19,4,2,31.58
7bac63f6603d382cc8d0832eb6c100a8,SP,eletrodomesticos,4,19,4,3,21.05
7bac63f6603d382cc8d0832eb6c100a8,SP,beleza_saude,1,19,4,4,5.26
81336a0f57a33776419727a300249e90,SP,esporte_lazer,17,19,2,1,89.47
81336a0f57a33776419727a300249e90,SP,beleza_saude,2,19,2,2,10.53
8602a61d680a10a82cceeeda0d99ea3d,SP,fashion_bolsas_e_acessorios,19,19,1,1,100.00
863d2ebcd347ce4922de7a0f9a5581d6,RJ,automotivo,19,19,1,1,100.00
8ed8ea9a57c862f2c18c2fe41f601d56,SC,cool_stuff,18,19,2,1,94.74
8ed8ea9a57c862f2c18c2fe41f601d56,SC,eletroportateis,1,19,2,2,5.26
9f50216bfd01913736a55a11b55ea842,SP,informatica_acessorios,9,19,8,1,47.37
9f50216bfd01913736a55a11b55ea842,SP,beleza_saude,2,19,8,3,10.53
9f50216bfd01913736a55a11b55ea842,SP,telefonia,2,19,8,2,10.53
9f50216bfd01913736a55a11b55ea842,SP,audio,2,19,8,4,10.53
9f50216bfd01913736a55a11b55ea842,SP,brinquedos,1,19,8,7,5.26
9f50216bfd01913736a55a11b55ea842,SP,automotivo,1,19,8,8,5.26
9f50216bfd01913736a55a11b55ea842,SP,cool_stuff,1,19,8,5,5.26
9f50216bfd01913736a55a11b55ea842,SP,construcao_ferramentas_construcao,1,19,8,6,5.26
a425f92c199eb576938df686728acd20,PR,moveis_decoracao,14,19,5,1,73.68
a425f92c199eb576938df686728acd20,PR,bebes,2,19,5,2,10.53
a425f92c199eb576938df686728acd20,PR,utilidades_domesticas,1,19,5,4,5.26
a425f92c199eb576938df686728acd20,PR,telefonia,1,19,5,3,5.26
a425f92c199eb576938df686728acd20,PR,relogios_presentes,1,19,5,5,5.26
a44fb5a447105f8469bdf16bf9159f25,RS,esporte_lazer,19,19,1,1,100.00
cb5df0dcb9e280b1780e9d589889f2c7,SP,moveis_quarto,8,19,5,1,42.11
cb5df0dcb9e280b1780e9d589889f2c7,SP,moveis_sala,6,19,5,2,31.58
cb5df0dcb9e280b1780e9d589889f2c7,SP,moveis_decoracao,3,19,5,3,15.79
cb5df0dcb9e280b1780e9d589889f2c7,SP,moveis_cozinha_area_de_servico_jantar_e_jardim,1,19,5,4,5.26
cb5df0dcb9e280b1780e9d589889f2c7,SP,moveis_escritorio,1,19,5,5,5.26
ce69a8021d18961dd2a40269b7c2c293,PR,cool_stuff,13,19,4,1,68.42
ce69a8021d18961dd2a40269b7c2c293,PR,cine_foto,3,19,4,2,15.79
ce69a8021d18961dd2a40269b7c2c293,PR,livros_interesse_geral,2,19,4,3,10.53
ce69a8021d18961dd2a40269b7c2c293,PR,telefonia,1,19,4,4,5.26
d354c38a7182125a748cb10474fe963b,RJ,esporte_lazer,19,19,1,1,100.00
d8cf3b6a2151949f930d0252b180ec42,PR,bebidas,19,19,1,1,100.00
e5475dcab1e07b63d7f6e902d8f5eda8,SP,esporte_lazer,10,19,2,1,52.63
e5475dcab1e07b63d7f6e902d8f5eda8,SP,fashion_bolsas_e_acessorios,9,19,2,2,47.37
ea00f977a203ff88adf7057cb7806998,SP,automotivo,19,19,1,1,100.00
ecccfa2bb93b34a3bf033cc5d1dcdc69,PR,beleza_saude,19,19,1,1,100.00
f5b44895715ddfe3087dc414f30268f3,SP,automotivo,19,19,1,1,100.00
06bb3a2fe5e7b7a845b13e8fb91bd944,MG,beleza_saude,18,18,1,1,100.00
1fdc574883ef3b33ad41562d93f3a74a,SP,automotivo,18,18,1,1,100.00
2646baaf662d4d92ac48f047e35db92d,SP,automotivo,10,18,4,1,55.56
2646baaf662d4d92ac48f047e35db92d,SP,sinalizacao_e_seguranca,5,18,4,2,27.78
2646baaf662d4d92ac48f047e35db92d,SP,construcao_ferramentas_ferramentas,2,18,4,3,11.11
2646baaf662d4d92ac48f047e35db92d,SP,ferramentas_jardim,1,18,4,4,5.56
270d3ef21830ad0ecf3a6c53d08a533a,SP,fraldas_higiene,18,18,1,1,100.00
4324dd16853115efb0fd9d0d131ba6f4,SP,informatica_acessorios,18,18,1,1,100.00
59417c56835dd8e2e72f91f809cd4092,SP,eletroportateis,18,18,1,1,100.00
66fd84ee7528c0c0de85d0f44a73d5ab,RS,informatica_acessorios,18,18,1,1,100.00
6bb0724edf0b62fb91ac404873a97241,SP,eletronicos,18,18,1,1,100.00
6c12e40690c335dbc2f68a4134d30dc1,PR,esporte_lazer,8,18,3,1,44.44
6c12e40690c335dbc2f68a4134d30dc1,PR,ferramentas_jardim,7,18,3,2,38.89
6c12e40690c335dbc2f68a4134d30dc1,PR,beleza_saude,3,18,3,3,16.67
72bc2cce903c872fe376a8faaa81d237,SP,livros_tecnicos,11,18,2,1,61.11
72bc2cce903c872fe376a8faaa81d237,SP,livros_interesse_geral,7,18,2,2,38.89
7586919161935337bf6b6d7ff5779648,RJ,esporte_lazer,17,18,2,1,94.44
7586919161935337bf6b6d7ff5779648,RJ,cool_stuff,1,18,2,2,5.56
77e4abfd739aed9c46480f90f81c0eb4,DF,papelaria,8,18,4,1,44.44
77e4abfd739aed9c46480f90f81c0eb4,DF,cine_foto,5,18,4,2,27.78
77e4abfd739aed9c46480f90f81c0eb4,DF,cool_stuff,4,18,4,3,22.22
77e4abfd739aed9c46480f90f81c0eb4,DF,automotivo,1,18,4,4,5.56
7a425d299613df3e613bcf9d2eaf5c49,RJ,perfumaria,18,18,1,1,100.00
822bad9bc42b51213ba522fe87b7ab5d,SC,telefonia,14,18,4,1,77.78
822bad9bc42b51213ba522fe87b7ab5d,SC,informatica_acessorios,2,18,4,2,11.11
822bad9bc42b51213ba522fe87b7ab5d,SC,cool_stuff,1,18,4,4,5.56
822bad9bc42b51213ba522fe87b7ab5d,SC,eletronicos,1,18,4,3,5.56
82cb9f452fe8334df74b22d37824b431,RS,eletroportateis,14,18,3,1,77.78
82cb9f452fe8334df74b22d37824b431,RS,alimentos,2,18,3,3,11.11
82cb9f452fe8334df74b22d37824b431,RS,beleza_saude,2,18,3,2,11.11
8a2d12a90e92f012ce5226fc6592b653,PR,utilidades_domesticas,17,18,2,1,94.44
8a2d12a90e92f012ce5226fc6592b653,PR,bebes,1,18,2,2,5.56
93b9a99027bd8bd6af682aff18dd19bf,SP,moveis_decoracao,12,18,2,1,66.67
93b9a99027bd8bd6af682aff18dd19bf,SP,utilidades_domesticas,6,18,2,2,33.33
9803a40e82e45418ab7fb84091af5231,GO,informatica_acessorios,7,18,7,1,38.89
9803a40e82e45418ab7fb84091af5231,GO,construcao_ferramentas_construcao,4,18,7,2,22.22
9803a40e82e45418ab7fb84091af5231,GO,automotivo,2,18,7,4,11.11
9803a40e82e45418ab7fb84091af5231,GO,telefonia_fixa,2,18,7,3,11.11
9803a40e82e45418ab7fb84091af5231,GO,brinquedos,1,18,7,7,5.56
9803a40e82e45418ab7fb84091af5231,GO,construcao_ferramentas_seguranca,1,18,7,6,5.56
9803a40e82e45418ab7fb84091af5231,GO,papelaria,1,18,7,5,5.56
989becdce12ebc39863c2bceab6f3ca1,PR,esporte_lazer,12,18,3,1,66.67
989becdce12ebc39863c2bceab6f3ca1,PR,ferramentas_jardim,5,18,3,2,27.78
989becdce12ebc39863c2bceab6f3ca1,PR,construcao_ferramentas_ferramentas,1,18,3,3,5.56
a369d693961cb93b61ca2cc518872a85,SP,casa_construcao,14,18,2,1,77.78
a369d693961cb93b61ca2cc518872a85,SP,construcao_ferramentas_iluminacao,4,18,2,2,22.22
ad97a199236354e53fcd91a5a913e9a2,SC,eletroportateis,9,18,3,1,50.00
ad97a199236354e53fcd91a5a913e9a2,SC,eletrodomesticos_2,6,18,3,2,33.33
ad97a199236354e53fcd91a5a913e9a2,SC,cool_stuff,3,18,3,3,16.67
b1b3948701c5c72445495bd161b83a4c,SP,automotivo,18,18,1,1,100.00
c26a2be5b53b7db6b276280da212a779,RJ,moveis_escritorio,18,18,1,1,100.00
cda598c48d7c614bc1cad7d8ff6f0010,SP,automotivo,11,18,4,1,61.11
cda598c48d7c614bc1cad7d8ff6f0010,SP,beleza_saude,4,18,4,2,22.22
cda598c48d7c614bc1cad7d8ff6f0010,SP,esporte_lazer,2,18,4,3,11.11
cda598c48d7c614bc1cad7d8ff6f0010,SP,climatizacao,1,18,4,4,5.56
da7039f29f90ce5b4846ffc0fcc93beb,SP,cine_foto,18,18,1,1,100.00
e81e1f9c3e762e620f3fb60a51499e16,SC,esporte_lazer,13,18,3,1,72.22
e81e1f9c3e762e620f3fb60a51499e16,SC,beleza_saude,4,18,3,2,22.22
e81e1f9c3e762e620f3fb60a51499e16,SC,sinalizacao_e_seguranca,1,18,3,3,5.56
f08a5b9dd6767129688d001acafc21e5,RS,agro_industria_e_comercio,9,18,3,1,50.00
f08a5b9dd6767129688d001acafc21e5,RS,informatica_acessorios,8,18,3,2,44.44
f08a5b9dd6767129688d001acafc21e5,RS,industria_comercio_e_negocios,1,18,3,3,5.56
f1ed6bd0a9b11b581f16c851c6a5a527,RS,moveis_decoracao,9,18,3,1,50.00
f1ed6bd0a9b11b581f16c851c6a5a527,RS,papelaria,7,18,3,2,38.89
f1ed6bd0a9b11b581f16c851c6a5a527,RS,perfumaria,2,18,3,3,11.11
f4a04f7be452aa3bb31760bf00055dd0,SP,perfumaria,18,18,1,1,100.00
f4c4daa86e30c7e5a553a8d518ac03a5,PR,relogios_presentes,15,18,2,1,83.33
f4c4daa86e30c7e5a553a8d518ac03a5,PR,fashion_bolsas_e_acessorios,3,18,2,2,16.67
f5f2ab9bdb6b30c14c61be68c5ed37da,SP,brinquedos,16,18,3,1,88.89
f5f2ab9bdb6b30c14c61be68c5ed37da,SP,esporte_lazer,1,18,3,3,5.56
f5f2ab9bdb6b30c14c61be68c5ed37da,SP,bebes,1,18,3,2,5.56
fbc14c0cf93505ef89f64665ffa4a7b5,SP,telefonia_fixa,11,18,5,1,61.11
fbc14c0cf93505ef89f64665ffa4a7b5,SP,construcao_ferramentas_seguranca,3,18,5,2,16.67
fbc14c0cf93505ef89f64665ffa4a7b5,SP,casa_construcao,2,18,5,3,11.11
fbc14c0cf93505ef89f64665ffa4a7b5,SP,informatica_acessorios,1,18,5,4,5.56
fbc14c0cf93505ef89f64665ffa4a7b5,SP,eletronicos,1,18,5,5,5.56
ffa6adafb71b807dc13159e26431354c,PR,cine_foto,5,18,5,1,27.78
ffa6adafb71b807dc13159e26431354c,PR,cool_stuff,5,18,5,2,27.78
ffa6adafb71b807dc13159e26431354c,PR,esporte_lazer,3,18,5,3,16.67
ffa6adafb71b807dc13159e26431354c,PR,automotivo,3,18,5,4,16.67
ffa6adafb71b807dc13159e26431354c,PR,ferramentas_jardim,2,18,5,5,11.11
ffff564a4f9085cd26170f4732393726,SP,automotivo,10,18,6,1,55.56
ffff564a4f9085cd26170f4732393726,SP,utilidades_domesticas,2,18,6,2,11.11
ffff564a4f9085cd26170f4732393726,SP,alimentos,2,18,6,3,11.11
ffff564a4f9085cd26170f4732393726,SP,eletronicos,2,18,6,4,11.11
ffff564a4f9085cd26170f4732393726,SP,construcao_ferramentas_construcao,1,18,6,6,5.56
ffff564a4f9085cd26170f4732393726,SP,market_place,1,18,6,5,5.56
02c988090b766852e088c69d7fb3b551,SP,sinalizacao_e_seguranca,13,17,2,1,76.47
02c988090b766852e088c69d7fb3b551,SP,fashion_calcados,4,17,2,2,23.53
02dcd3e8e25bee036e32512bcf175493,MG,papelaria,17,17,1,1,100.00
04aa0a1c5ce6b222003403a3e11c3cc0,SP,automotivo,16,17,2,1,94.12
04aa0a1c5ce6b222003403a3e11c3cc0,SP,esporte_lazer,1,17,2,2,5.88
1d503743d2526f03f0c2c89540ee008c,SP,automotivo,7,17,5,1,41.18
1d503743d2526f03f0c2c89540ee008c,SP,informatica_acessorios,5,17,5,2,29.41
1d503743d2526f03f0c2c89540ee008c,SP,relogios_presentes,3,17,5,3,17.65
1d503743d2526f03f0c2c89540ee008c,SP,utilidades_domesticas,1,17,5,4,5.88
1d503743d2526f03f0c2c89540ee008c,SP,telefonia,1,17,5,5,5.88
218f991754f360af9c2daa5e0b8e990c,SP,utilidades_domesticas,17,17,1,1,100.00
3935fe5fe0f82787a9dcb8deb62be09d,SP,informatica_acessorios,12,17,3,1,70.59
3935fe5fe0f82787a9dcb8deb62be09d,SP,construcao_ferramentas_construcao,4,17,3,2,23.53
3935fe5fe0f82787a9dcb8deb62be09d,SP,automotivo,1,17,3,3,5.88
53d00c40e32aeb924a84ce72b1af869d,SP,cama_mesa_banho,17,17,1,1,100.00
5b0cc932433fa5184b5b94bfe6bcc256,SP,moveis_quarto,11,17,2,1,64.71
5b0cc932433fa5184b5b94bfe6bcc256,SP,moveis_sala,6,17,2,2,35.29
5b33b527da3c5b969cc99dc435cad09a,PR,eletronicos,13,17,5,1,76.47
5b33b527da3c5b969cc99dc435cad09a,PR,informatica_acessorios,1,17,5,2,5.88
5b33b527da3c5b969cc99dc435cad09a,PR,ferramentas_jardim,1,17,5,3,5.88
5b33b527da3c5b969cc99dc435cad09a,PR,beleza_saude,1,17,5,5,5.88
5b33b527da3c5b969cc99dc435cad09a,PR,consoles_games,1,17,5,4,5.88
5bc24d989e71e93c33e50a7782431b0e,MG,automotivo,17,17,1,1,100.00
60562ab00b8054280520d390c8c0045c,SP,automotivo,17,17,1,1,100.00
610f72e407cdd7caaa2f8167b0163fd8,SP,cama_mesa_banho,17,17,1,1,100.00
768a86e36ad6aae3d03ee3c6433d61df,SP,brinquedos,10,17,2,1,58.82
768a86e36ad6aae3d03ee3c6433d61df,SP,bebes,7,17,2,2,41.18
87d30a6a0cbf89356e49324971ab1d24,SP,brinquedos,17,17,1,1,100.00
921323538c9f1c4e816f2720eac02bea,SP,esporte_lazer,13,17,3,1,76.47
921323538c9f1c4e816f2720eac02bea,SP,bebes,2,17,3,3,11.76
921323538c9f1c4e816f2720eac02bea,SP,relogios_presentes,2,17,3,2,11.76
9c068d10aca38e85c50202e17b4a7e88,MS,automotivo,17,17,1,1,100.00
9d5604a1f112324ad6b2aa552122e0fb,SP,casa_construcao,17,17,1,1,100.00
a066df7361163e7ddc5d7452dd17448b,SP,telefonia,17,17,1,1,100.00
a08692680c77d30a0b4280da5df01c5a,SP,informatica_acessorios,17,17,1,1,100.00
afa6714acee029b2dfdf357e5579cc03,SP,brinquedos,13,17,4,1,76.47
afa6714acee029b2dfdf357e5579cc03,SP,pet_shop,2,17,4,2,11.76
afa6714acee029b2dfdf357e5579cc03,SP,informatica_acessorios,1,17,4,4,5.88
afa6714acee029b2dfdf357e5579cc03,SP,bebes,1,17,4,3,5.88
b1aaae6b66ad3c40f54b389d7ea4bee0,SP,fashion_underwear_e_moda_praia,12,17,3,1,70.59
b1aaae6b66ad3c40f54b389d7ea4bee0,SP,moveis_decoracao,4,17,3,2,23.53
b1aaae6b66ad3c40f54b389d7ea4bee0,SP,beleza_saude,1,17,3,3,5.88
b33aaadd1a8891d2dfef0c4c3bdf0371,SP,utilidades_domesticas,17,17,1,1,100.00
bb5bd94c8f59cc050072d2930c869cac,SP,fashion_bolsas_e_acessorios,14,17,2,1,82.35
bb5bd94c8f59cc050072d2930c869cac,SP,moveis_decoracao,3,17,2,2,17.65
bba3293d6f5d5af2f415e004e8b93ae3,SP,beleza_saude,16,17,2,1,94.12
bba3293d6f5d5af2f415e004e8b93ae3,SP,cool_stuff,1,17,2,2,5.88
c12b92bf1c350f3e6bf88d3596219c86,SP,automotivo,8,17,6,1,47.06
c12b92bf1c350f3e6bf88d3596219c86,SP,informatica_acessorios,3,17,6,3,17.65
c12b92bf1c350f3e6bf88d3596219c86,SP,brinquedos,3,17,6,2,17.65
c12b92bf1c350f3e6bf88d3596219c86,SP,telefonia_fixa,1,17,6,6,5.88
c12b92bf1c350f3e6bf88d3596219c86,SP,telefonia,1,17,6,5,5.88
c12b92bf1c350f3e6bf88d3596219c86,SP,construcao_ferramentas_seguranca,1,17,6,4,5.88
c1ed9e3daf6154542826a6996af0fb8c,SC,informatica_acessorios,17,17,1,1,100.00
c4d51195486dc781531876a7d00453d8,SP,telefonia,16,17,2,1,94.12
c4d51195486dc781531876a7d00453d8,SP,eletronicos,1,17,2,2,5.88
c679fb69a36e1d8349e8c50a217b4d58,RS,utilidades_domesticas,16,17,2,1,94.12
c679fb69a36e1d8349e8c50a217b4d58,RS,construcao_ferramentas_jardim,1,17,2,2,5.88
d06d019f72a04e5497a0b64190af170c,SP,beleza_saude,17,17,1,1,100.00
d4f117125b59ce73c3302f88ee40c458,SP,beleza_saude,17,17,1,1,100.00
e3a386fc36e22064434e1fa256f6a9fa,SP,beleza_saude,17,17,1,1,100.00
e48cc16ab70bfa09e1401740dce0b3d7,SP,informatica_acessorios,17,17,1,1,100.00
ed8cb7b190ceb6067227478e48cf8dde,SP,portateis_cozinha_e_preparadores_de_alimentos,7,17,4,1,41.18
ed8cb7b190ceb6067227478e48cf8dde,SP,utilidades_domesticas,5,17,4,2,29.41
ed8cb7b190ceb6067227478e48cf8dde,SP,eletronicos,4,17,4,3,23.53
ed8cb7b190ceb6067227478e48cf8dde,SP,eletrodomesticos,1,17,4,4,5.88
fe49ee029e61e789a1f3a5525f57ba8d,SP,brinquedos,9,17,6,1,52.94
fe49ee029e61e789a1f3a5525f57ba8d,SP,papelaria,2,17,6,4,11.76
fe49ee029e61e789a1f3a5525f57ba8d,SP,consoles_games,2,17,6,2,11.76
fe49ee029e61e789a1f3a5525f57ba8d,SP,malas_acessorios,2,17,6,3,11.76
fe49ee029e61e789a1f3a5525f57ba8d,SP,bebes,1,17,6,5,5.88
fe49ee029e61e789a1f3a5525f57ba8d,SP,cool_stuff,1,17,6,6,5.88
02d35243ea2e497335cd0f076b45675d,RN,moveis_decoracao,16,16,1,1,100.00
04aba03279157f6d4e0fe8ccaf21963c,RJ,beleza_saude,16,16,1,1,100.00
128f9bfbe4c7d5185033914b1de3d39a,SP,beleza_saude,16,16,1,1,100.00
165b1235e9e9942cb5fae67103576fb0,SP,construcao_ferramentas_construcao,11,16,3,1,68.75
165b1235e9e9942cb5fae67103576fb0,SP,casa_construcao,3,16,3,2,18.75
165b1235e9e9942cb5fae67103576fb0,SP,utilidades_domesticas,2,16,3,3,12.50
1987cd4be10fe09ee50454f9c354d1c6,MG,pet_shop,16,16,1,1,100.00
2be17df1c49978426251562096c3cc09,SC,fashion_bolsas_e_acessorios,14,16,3,1,87.50
2be17df1c49978426251562096c3cc09,SC,ferramentas_jardim,1,16,3,3,6.25
2be17df1c49978426251562096c3cc09,SC,brinquedos,1,16,3,2,6.25
2d2c62bef4c8ba0dd74e0e228e808539,SP,eletroportateis,7,16,4,1,43.75
2d2c62bef4c8ba0dd74e0e228e808539,SP,cool_stuff,5,16,4,2,31.25
2d2c62bef4c8ba0dd74e0e228e808539,SP,portateis_casa_forno_e_cafe,3,16,4,3,18.75
2d2c62bef4c8ba0dd74e0e228e808539,SP,fashion_bolsas_e_acessorios,1,16,4,4,6.25
33cbbec1e7e1044aaf11d152172c776f,RS,eletroportateis,16,16,1,1,100.00
3481aa57cd91f9f9d3fa1fa12d9a3bf7,SP,moveis_decoracao,14,16,2,1,87.50
3481aa57cd91f9f9d3fa1fa12d9a3bf7,SP,ferramentas_jardim,2,16,2,2,12.50
3fac58ce0ad699020c7944d53c41329c,SP,construcao_ferramentas_iluminacao,10,16,2,1,62.50
3fac58ce0ad699020c7944d53c41329c,SP,moveis_decoracao,6,16,2,2,37.50
51e4e89242cbb846c2deff3dc015650e,RS,ferramentas_jardim,14,16,2,1,87.50
51e4e89242cbb846c2deff3dc015650e,RS,construcao_ferramentas_construcao,2,16,2,2,12.50
55bb6fe5bebe5012e2d7d9928e1128ff,SP,papelaria,7,16,5,1,43.75
55bb6fe5bebe5012e2d7d9928e1128ff,SP,utilidades_domesticas,4,16,5,2,25.00
55bb6fe5bebe5012e2d7d9928e1128ff,SP,automotivo,2,16,5,3,12.50
55bb6fe5bebe5012e2d7d9928e1128ff,SP,agro_industria_e_comercio,2,16,5,4,12.50
55bb6fe5bebe5012e2d7d9928e1128ff,SP,esporte_lazer,1,16,5,5,6.25
7ff588a03c2aeae4fbd23f9ae64b760d,SP,automotivo,16,16,1,1,100.00
86bb7c4b535e49a541baf3266b1c95b1,SP,brinquedos,16,16,1,1,100.00
8d46553a36e68f95350a200c12f8f2e2,SP,perfumaria,15,16,2,1,93.75
8d46553a36e68f95350a200c12f8f2e2,SP,construcao_ferramentas_construcao,1,16,2,2,6.25
8daab2245ebdc277c51098d01c5ad8ef,SP,construcao_ferramentas_ferramentas,11,16,4,1,68.75
8daab2245ebdc277c51098d01c5ad8ef,SP,construcao_ferramentas_construcao,3,16,4,2,18.75
8daab2245ebdc277c51098d01c5ad8ef,SP,beleza_saude,1,16,4,4,6.25
8daab2245ebdc277c51098d01c5ad8ef,SP,automotivo,1,16,4,3,6.25
8f54d64f28a993550aa7943f12572959,MG,beleza_saude,16,16,1,1,100.00
9906e7aa42a3c067b7c9a564d01c4320,PR,esporte_lazer,16,16,1,1,100.00
9a84ba99f5367fdbd4598363496f1ea2,GO,esporte_lazer,16,16,1,1,100.00
9d7a1d34a5052409006425275ba1c2b4,SP,papelaria,8,16,4,1,50.00
9d7a1d34a5052409006425275ba1c2b4,SP,informatica_acessorios,5,16,4,2,31.25
9d7a1d34a5052409006425275ba1c2b4,SP,perfumaria,2,16,4,3,12.50
9d7a1d34a5052409006425275ba1c2b4,SP,utilidades_domesticas,1,16,4,4,6.25
a23266650e7c84bb93fbbba502137478,RS,ferramentas_jardim,5,16,5,2,31.25
a23266650e7c84bb93fbbba502137478,RS,casa_construcao,5,16,5,1,31.25
a23266650e7c84bb93fbbba502137478,RS,informatica_acessorios,2,16,5,5,12.50
a23266650e7c84bb93fbbba502137478,RS,telefonia_fixa,2,16,5,4,12.50
a23266650e7c84bb93fbbba502137478,RS,construcao_ferramentas_seguranca,2,16,5,3,12.50
a2b5b6105ea5942300631d2e76f4ffe0,SP,brinquedos,14,16,2,1,87.50
a2b5b6105ea5942300631d2e76f4ffe0,SP,automotivo,2,16,2,2,12.50
a2deecd5398f5df4987110c80a1972a3,SP,eletrodomesticos,15,16,2,1,93.75
a2deecd5398f5df4987110c80a1972a3,SP,utilidades_domesticas,1,16,2,2,6.25
a6bd7d1ccdac48c6b33b28596b7eb122,PB,relogios_presentes,16,16,1,1,100.00
b64d51f0435e884e8de603b1655155ae,SP,utilidades_domesticas,15,16,2,1,93.75
b64d51f0435e884e8de603b1655155ae,SP,sinalizacao_e_seguranca,1,16,2,2,6.25
bbaff50f3b708fda865918715276cd87,SP,alimentos_bebidas,16,16,1,1,100.00
bc503e244f187939d10c92a5c8e378ce,SP,informatica_acessorios,16,16,1,1,100.00
c37b2059d4f90d4feead554e5246565e,SP,moveis_decoracao,16,16,1,1,100.00
c4fb51fb1c5b7c07bc5e67be6e7e8f6e,PR,utilidades_domesticas,11,16,5,1,68.75
c4fb51fb1c5b7c07bc5e67be6e7e8f6e,PR,ferramentas_jardim,2,16,5,2,12.50
c4fb51fb1c5b7c07bc5e67be6e7e8f6e,PR,industria_comercio_e_negocios,1,16,5,5,6.25
c4fb51fb1c5b7c07bc5e67be6e7e8f6e,PR,artigos_de_natal,1,16,5,3,6.25
c4fb51fb1c5b7c07bc5e67be6e7e8f6e,PR,cama_mesa_banho,1,16,5,4,6.25
c794dab4928dd97beb41d05514441e86,SP,beleza_saude,16,16,1,1,100.00
cf2384dd2f1dddea3f838efed0945e65,SP,moveis_sala,15,16,2,1,93.75
cf2384dd2f1dddea3f838efed0945e65,SP,moveis_decoracao,1,16,2,2,6.25
d101c6da914ae3d53f7bee42283f2fe2,SP,moveis_decoracao,9,16,3,1,56.25
d101c6da914ae3d53f7bee42283f2fe2,SP,industria_comercio_e_negocios,4,16,3,2,25.00
d101c6da914ae3d53f7bee42283f2fe2,SP,ferramentas_jardim,3,16,3,3,18.75
d66c11a9572221d92fbb8c4897db5f9b,RJ,eletronicos,13,16,3,1,81.25
d66c11a9572221d92fbb8c4897db5f9b,RJ,eletrodomesticos_2,2,16,3,2,12.50
d66c11a9572221d92fbb8c4897db5f9b,RJ,informatica_acessorios,1,16,3,3,6.25
db46ca7bce82b11f7e247539271fc390,RJ,pet_shop,16,16,1,1,100.00
dbdd0ec73a4817971d962698f2fea022,CE,beleza_saude,16,16,1,1,100.00
de0c78824586e9a5f5f04fd84e25df39,SP,pet_shop,16,16,1,1,100.00
df0f42bc4c2142eacf0eaf2cffd0cfbb,SC,beleza_saude,16,16,1,1,100.00
e601b04acf48b4576e73ddca9481f0dc,SP,beleza_saude,5,16,7,1,31.25
e601b04acf48b4576e73ddca9481f0dc,SP,ferramentas_jardim,5,16,7,2,31.25
e601b04acf48b4576e73ddca9481f0dc,SP,automotivo,2,16,7,3,12.50
e601b04acf48b4576e73ddca9481f0dc,SP,moveis_escritorio,1,16,7,7,6.25
e601b04acf48b4576e73ddca9481f0dc,SP,papelaria,1,16,7,6,6.25
e601b04acf48b4576e73ddca9481f0dc,SP,eletronicos,1,16,7,5,6.25
e601b04acf48b4576e73ddca9481f0dc,SP,esporte_lazer,1,16,7,4,6.25
ea65d8b58316a6f2362f2a9e4b3e86ad,SP,construcao_ferramentas_construcao,7,16,6,1,43.75
ea65d8b58316a6f2362f2a9e4b3e86ad,SP,informatica_acessorios,3,16,6,2,18.75
ea65d8b58316a6f2362f2a9e4b3e86ad,SP,consoles_games,3,16,6,3,18.75
ea65d8b58316a6f2362f2a9e4b3e86ad,SP,ferramentas_jardim,1,16,6,4,6.25
ea65d8b58316a6f2362f2a9e4b3e86ad,SP,esporte_lazer,1,16,6,5,6.25
ea65d8b58316a6f2362f2a9e4b3e86ad,SP,utilidades_domesticas,1,16,6,6,6.25
014c0679dd340a0e338872e7ec85666a,MG,moveis_cozinha_area_de_servico_jantar_e_jardim,10,15,3,1,66.67
014c0679dd340a0e338872e7ec85666a,MG,sinalizacao_e_seguranca,4,15,3,2,26.67
014c0679dd340a0e338872e7ec85666a,MG,ferramentas_jardim,1,15,3,3,6.67
0747d5bb69f0586cc869d8af4c50f93e,RJ,perfumaria,14,15,2,1,93.33
0747d5bb69f0586cc869d8af4c50f93e,RJ,beleza_saude,1,15,2,2,6.67
0b36063d5818f81ccb94b54adfaebbf5,SC,ferramentas_jardim,15,15,1,1,100.00
0eaa7e33d73809f1f925f7d07c506cbd,SP,brinquedos,14,15,2,1,93.33
0eaa7e33d73809f1f925f7d07c506cbd,SP,cool_stuff,1,15,2,2,6.67
13074f016982ff2bd6c58ced8682f000,RS,moveis_cozinha_area_de_servico_jantar_e_jardim,12,15,2,1,80.00
13074f016982ff2bd6c58ced8682f000,RS,informatica_acessorios,3,15,2,2,20.00
1dcfa3835714681d4ba4a93bc1e0fd41,SP,moveis_sala,15,15,1,1,100.00
21e83881401b92b49fb09a16d3852291,MG,ferramentas_jardim,10,15,2,1,66.67
21e83881401b92b49fb09a16d3852291,MG,moveis_decoracao,5,15,2,2,33.33
26785a546900236d66f2e4197c211158,SP,consoles_games,15,15,1,1,100.00
2953ce3a88f5e3c3b696d77fc9e4c8eb,SP,livros_tecnicos,14,15,2,1,93.33
2953ce3a88f5e3c3b696d77fc9e4c8eb,SP,livros_interesse_geral,1,15,2,2,6.67
2c4c47cb51acd5ea5db5e0ae0e26542a,SP,pet_shop,15,15,1,1,100.00
3a1a1fec38dd360f15fc912e821e169d,SP,automotivo,15,15,1,1,100.00
3c010235b7345c92f125d14ee232a76b,PR,pet_shop,15,15,1,1,100.00
5a05a16bb50629ee31afab8a6d4c2674,RS,utilidades_domesticas,15,15,1,1,100.00
5a425cc503b39b262a847fd6212bf53b,PR,brinquedos,15,15,1,1,100.00
655220df33262c7e0c4949a147366f94,SP,malas_acessorios,12,15,2,1,80.00
655220df33262c7e0c4949a147366f94,SP,pet_shop,3,15,2,2,20.00
7238a95bb63ef7e498389fb863b834a1,SP,bebes,7,15,3,1,46.67
7238a95bb63ef7e498389fb863b834a1,SP,construcao_ferramentas_jardim,5,15,3,2,33.33
7238a95bb63ef7e498389fb863b834a1,SP,agro_industria_e_comercio,3,15,3,3,20.00
76ea5315acb3f5f7ade3cd261faf922a,SP,automotivo,4,15,7,1,26.67
76ea5315acb3f5f7ade3cd261faf922a,SP,utilidades_domesticas,3,15,7,2,20.00
76ea5315acb3f5f7ade3cd261faf922a,SP,ferramentas_jardim,2,15,7,3,13.33
76ea5315acb3f5f7ade3cd261faf922a,SP,bebes,2,15,7,4,13.33
76ea5315acb3f5f7ade3cd261faf922a,SP,brinquedos,2,15,7,5,13.33
76ea5315acb3f5f7ade3cd261faf922a,SP,alimentos,1,15,7,7,6.67
76ea5315acb3f5f7ade3cd261faf922a,SP,construcao_ferramentas_seguranca,1,15,7,6,6.67
81783131d2a97c8d44d406a4be81b5d9,SP,brinquedos,13,15,3,1,86.67
81783131d2a97c8d44d406a4be81b5d9,SP,eletroportateis,1,15,3,3,6.67
81783131d2a97c8d44d406a4be81b5d9,SP,construcao_ferramentas_construcao,1,15,3,2,6.67
820cc752a266cdc6c1a1e61dd4583330,PR,eletroportateis,12,15,3,1,80.00
820cc752a266cdc6c1a1e61dd4583330,PR,eletrodomesticos_2,2,15,3,2,13.33
820cc752a266cdc6c1a1e61dd4583330,PR,eletrodomesticos,1,15,3,3,6.67
87d3c3aeb3ead335511b3ce315eb341e,SP,brinquedos,11,15,2,1,73.33
87d3c3aeb3ead335511b3ce315eb341e,SP,bebes,4,15,2,2,26.67
8b8cfc8305aa441e4239358c9f6f2485,PR,cool_stuff,13,15,2,1,86.67
8b8cfc8305aa441e4239358c9f6f2485,PR,bebes,2,15,2,2,13.33
a8739afb32aaa45e01815ca76f76f54b,SP,eletronicos,15,15,1,1,100.00
b37c4c02bda3161a7546a4e6d222d5b2,SP,telefonia_fixa,14,15,2,1,93.33
b37c4c02bda3161a7546a4e6d222d5b2,SP,telefonia,1,15,2,2,6.67
b5e3e38609125694d2ea2417522a60b7,SC,esporte_lazer,15,15,1,1,100.00
ba5daa4041e1f15cdf34b76e3e18a450,SP,brinquedos,15,15,1,1,100.00
bce6a5ecf98e99fd2a8868b15c51f04b,SP,relogios_presentes,15,15,1,1,100.00
be8e909810184b9b19e886129149d8e5,SP,informatica_acessorios,12,15,3,1,80.00
be8e909810184b9b19e886129149d8e5,SP,consoles_games,2,15,3,2,13.33
be8e909810184b9b19e886129149d8e5,SP,esporte_lazer,1,15,3,3,6.67
c2d70ce2c5d0a2eb75e78668236e6dc8,SP,utilidades_domesticas,15,15,1,1,100.00
c6a7539d424a8402232c2228d7a03c5e,SP,utilidades_domesticas,15,15,1,1,100.00
c84592044b180dec206770c38603814b,SP,eletronicos,10,15,4,1,66.67
c84592044b180dec206770c38603814b,SP,automotivo,2,15,4,3,13.33
c84592044b180dec206770c38603814b,SP,informatica_acessorios,2,15,4,2,13.33
c84592044b180dec206770c38603814b,SP,consoles_games,1,15,4,4,6.67
ca4b77513ac2040591b0d8fae6958380,SP,beleza_saude,15,15,1,1,100.00
d2e753bb80b7d4faa77483ed00edc8ca,BA,fashion_bolsas_e_acessorios,14,15,2,1,93.33
d2e753bb80b7d4faa77483ed00edc8ca,BA,pet_shop,1,15,2,2,6.67
f1fd5ab1181f827ffad998c1a5de7d74,PR,malas_acessorios,14,15,2,1,93.33
f1fd5ab1181f827ffad998c1a5de7d74,PR,papelaria,1,15,2,2,6.67
f3c38ab652836d21de61fb8314b69182,SP,informatica_acessorios,6,15,4,2,40.00
f3c38ab652836d21de61fb8314b69182,SP,eletronicos,6,15,4,1,40.00
f3c38ab652836d21de61fb8314b69182,SP,construcao_ferramentas_construcao,2,15,4,3,13.33
f3c38ab652836d21de61fb8314b69182,SP,agro_industria_e_comercio,1,15,4,4,6.67
f9903dd0f812c7e771fcad47b6fff231,SC,construcao_ferramentas_iluminacao,11,15,3,1,73.33
f9903dd0f812c7e771fcad47b6fff231,SC,utilidades_domesticas,2,15,3,2,13.33
f9903dd0f812c7e771fcad47b6fff231,SC,automotivo,2,15,3,3,13.33
fb3cfbc8a86f5d7fbb4d36b8df63f60d,RJ,cama_mesa_banho,15,15,1,1,100.00
fdaaf5bfda82b7b80535610c831b8d09,SP,esporte_lazer,14,15,2,1,93.33
fdaaf5bfda82b7b80535610c831b8d09,SP,utilidades_domesticas,1,15,2,2,6.67
ffad1e7127fb622cb64a900751590acd,SP,moveis_decoracao,9,15,2,1,60.00
ffad1e7127fb622cb64a900751590acd,SP,bebes,6,15,2,2,40.00
0ac4201fda2c68ebc0e47cb9423cf3c9,SP,beleza_saude,12,14,3,1,85.71
0ac4201fda2c68ebc0e47cb9423cf3c9,SP,fashion_bolsas_e_acessorios,1,14,3,2,7.14
0ac4201fda2c68ebc0e47cb9423cf3c9,SP,relogios_presentes,1,14,3,3,7.14
0b18d63d0cd1d723567903fd34a07df2,SP,automotivo,10,14,2,1,71.43
0b18d63d0cd1d723567903fd34a07df2,SP,instrumentos_musicais,4,14,2,2,28.57
112453736dbe3889cfb74e1aaa0ba0c1,SP,automotivo,12,14,2,1,85.71
112453736dbe3889cfb74e1aaa0ba0c1,SP,construcao_ferramentas_construcao,2,14,2,2,14.29
1b8b75e227c9a9c100d0c210fb6176ce,SP,fashion_bolsas_e_acessorios,14,14,1,1,100.00
26e2c91ef821e1ff8985f408788fe35b,SP,cama_mesa_banho,14,14,1,1,100.00
39d61be7a92eb77b7da367bd4845bc0e,SP,moveis_decoracao,14,14,1,1,100.00
3ca08eeb8d5595949fed424bd3677742,PR,brinquedos,14,14,1,1,100.00
45213867cefbf2cd4c6177e10216a951,SP,instrumentos_musicais,8,14,2,1,57.14
45213867cefbf2cd4c6177e10216a951,SP,market_place,6,14,2,2,42.86
49e7217cfe4e427191c378ec626d8737,MG,utilidades_domesticas,13,14,2,1,92.86
49e7217cfe4e427191c378ec626d8737,MG,moveis_decoracao,1,14,2,2,7.14
4de6e4ba574aa9dfdc824bc44dc47fdd,PR,beleza_saude,9,14,2,1,64.29
4de6e4ba574aa9dfdc824bc44dc47fdd,PR,perfumaria,5,14,2,2,35.71
52562a9f449c3dc3d53f5f5b9ed74903,RN,esporte_lazer,8,14,4,1,57.14
52562a9f449c3dc3d53f5f5b9ed74903,RN,construcao_ferramentas_jardim,4,14,4,2,28.57
52562a9f449c3dc3d53f5f5b9ed74903,RN,telefonia_fixa,1,14,4,3,7.14
52562a9f449c3dc3d53f5f5b9ed74903,RN,beleza_saude,1,14,4,4,7.14
557f22c76691849db52d2abccf0015d0,GO,informatica_acessorios,12,14,2,1,85.71
557f22c76691849db52d2abccf0015d0,GO,ferramentas_jardim,2,14,2,2,14.29
5882820ef11c4c068eea0677a7a879b4,RS,moveis_decoracao,9,14,2,1,64.29
5882820ef11c4c068eea0677a7a879b4,RS,ferramentas_jardim,5,14,2,2,35.71
596849622429351f47b32e6cae1055ff,SP,telefonia,9,14,4,1,64.29
596849622429351f47b32e6cae1055ff,SP,eletronicos,3,14,4,2,21.43
596849622429351f47b32e6cae1055ff,SP,utilidades_domesticas,1,14,4,4,7.14
596849622429351f47b32e6cae1055ff,SP,brinquedos,1,14,4,3,7.14
5a413ade68e8f8d93071a7f52a64cb9e,SP,beleza_saude,14,14,1,1,100.00
5b07547f10dd980738a1a27f685af669,SP,beleza_saude,13,14,2,1,92.86
5b07547f10dd980738a1a27f685af669,SP,eletronicos,1,14,2,2,7.14
5b51032eddd242adc84c38acab88f23d,MG,moveis_decoracao,9,14,2,1,64.29
5b51032eddd242adc84c38acab88f23d,MG,cama_mesa_banho,5,14,2,2,35.71
5b85809efd0d0e4dea1a9544e1280ed9,SP,beleza_saude,13,14,2,1,92.86
5b85809efd0d0e4dea1a9544e1280ed9,SP,pet_shop,1,14,2,2,7.14
5c853bb56f70f4d14218944bae111d7a,SP,moveis_decoracao,14,14,1,1,100.00
5f67c6082caacb26e431a7b17940cece,PR,informatica_acessorios,14,14,1,1,100.00
659e8466eb3ff1b0e8740d74fb7bbedd,BA,beleza_saude,14,14,1,1,100.00
6806dad1da97bfb5a9038eac6881f706,PR,automotivo,6,14,4,1,42.86
6806dad1da97bfb5a9038eac6881f706,PR,utilidades_domesticas,5,14,4,2,35.71
6806dad1da97bfb5a9038eac6881f706,PR,esporte_lazer,2,14,4,3,14.29
6806dad1da97bfb5a9038eac6881f706,PR,moveis_decoracao,1,14,4,4,7.14
6e1862e15f33d9994bc25922a85e1efc,SP,sinalizacao_e_seguranca,8,14,2,1,57.14
6e1862e15f33d9994bc25922a85e1efc,SP,perfumaria,6,14,2,2,42.86
6f229cc508fc6915ed5c499efd93baa4,RJ,esporte_lazer,14,14,1,1,100.00
768de2a4fc06aacecb9a586ccc30746a,DF,cool_stuff,9,14,2,1,64.29
768de2a4fc06aacecb9a586ccc30746a,DF,livros_interesse_geral,5,14,2,2,35.71
7b7f91e98f8c6def45a1407923304402,SP,utilidades_domesticas,11,14,3,1,78.57
7b7f91e98f8c6def45a1407923304402,SP,eletrodomesticos_2,2,14,3,2,14.29
7b7f91e98f8c6def45a1407923304402,SP,informatica_acessorios,1,14,3,3,7.14
7fc87cc3e89b3d1d5cabdca32f8485aa,SP,moveis_escritorio,10,14,3,1,71.43
7fc87cc3e89b3d1d5cabdca32f8485aa,SP,papelaria,2,14,3,2,14.29
7fc87cc3e89b3d1d5cabdca32f8485aa,SP,moveis_sala,2,14,3,3,14.29
83645b1645cdee8953ee54c29ceed564,PR,bebes,8,14,3,1,57.14
83645b1645cdee8953ee54c29ceed564,PR,beleza_saude,5,14,3,2,35.71
83645b1645cdee8953ee54c29ceed564,PR,perfumaria,1,14,3,3,7.14
88cf19ec1fc2c58f161aee259d57142c,SP,portateis_casa_forno_e_cafe,8,14,3,1,57.14
88cf19ec1fc2c58f161aee259d57142c,SP,eletrodomesticos,5,14,3,2,35.71
88cf19ec1fc2c58f161aee259d57142c,SP,construcao_ferramentas_construcao,1,14,3,3,7.14
8a87611c08849ffeeccab52aa798b6c7,PR,ferramentas_jardim,8,14,4,1,57.14
8a87611c08849ffeeccab52aa798b6c7,PR,construcao_ferramentas_construcao,3,14,4,2,21.43
8a87611c08849ffeeccab52aa798b6c7,PR,moveis_escritorio,2,14,4,3,14.29
8a87611c08849ffeeccab52aa798b6c7,PR,moveis_decoracao,1,14,4,4,7.14
8ff1a9df749e454105c55cda13e79143,SP,utilidades_domesticas,7,14,5,1,50.00
8ff1a9df749e454105c55cda13e79143,SP,climatizacao,3,14,5,2,21.43
8ff1a9df749e454105c55cda13e79143,SP,construcao_ferramentas_construcao,2,14,5,3,14.29
8ff1a9df749e454105c55cda13e79143,SP,artes,1,14,5,4,7.14
8ff1a9df749e454105c55cda13e79143,SP,cool_stuff,1,14,5,5,7.14
980640c45d7a4635885491d077167e4d,SP,fashion_bolsas_e_acessorios,9,14,3,1,64.29
980640c45d7a4635885491d077167e4d,SP,papelaria,4,14,3,2,28.57
980640c45d7a4635885491d077167e4d,SP,malas_acessorios,1,14,3,3,7.14
9d681c7e12db302cb261e721040dde65,PR,esporte_lazer,14,14,1,1,100.00
a1474fd46fd3430168f7ec202da39408,SP,automotivo,10,14,3,1,71.43
a1474fd46fd3430168f7ec202da39408,SP,moveis_escritorio,3,14,3,2,21.43
a1474fd46fd3430168f7ec202da39408,SP,beleza_saude,1,14,3,3,7.14
a4b6b9b992b46e9ef863637af96e04bc,SC,ferramentas_jardim,12,14,3,1,85.71
a4b6b9b992b46e9ef863637af96e04bc,SC,informatica_acessorios,1,14,3,2,7.14
a4b6b9b992b46e9ef863637af96e04bc,SC,construcao_ferramentas_seguranca,1,14,3,3,7.14
b9ca8e8baa5d4aa038394a700f63e69f,SP,cama_mesa_banho,10,14,3,1,71.43
b9ca8e8baa5d4aa038394a700f63e69f,SP,esporte_lazer,3,14,3,2,21.43
b9ca8e8baa5d4aa038394a700f63e69f,SP,bebes,1,14,3,3,7.14
bbf9ad41dca6603e614efcdad7aab8c4,CE,beleza_saude,14,14,1,1,100.00
c273175f7c6c80fb02f051e2fc6d0d72,SP,automotivo,13,14,2,1,92.86
c273175f7c6c80fb02f051e2fc6d0d72,SP,utilidades_domesticas,1,14,2,2,7.14
c840d3fdbba0790404fdae73d253b253,PR,moveis_decoracao,13,14,2,1,92.86
c840d3fdbba0790404fdae73d253b253,PR,utilidades_domesticas,1,14,2,2,7.14
c89cf7c468a48af70aada384e722f9e2,RJ,brinquedos,14,14,1,1,100.00
c9a06ece156bb057372c68718ec8909b,DF,ferramentas_jardim,12,14,3,1,85.71
c9a06ece156bb057372c68718ec8909b,DF,cool_stuff,1,14,3,2,7.14
c9a06ece156bb057372c68718ec8909b,DF,market_place,1,14,3,3,7.14
d6ab728cf30867cf3f1a2e216ae2f9b7,SP,esporte_lazer,13,14,2,1,92.86
d6ab728cf30867cf3f1a2e216ae2f9b7,SP,sinalizacao_e_seguranca,1,14,2,2,7.14
d93844a9c55ba7ce353388bcf849ea56,PR,moveis_decoracao,14,14,1,1,100.00
df91910b6a03bb2e3358fa6a35e32f6f,SP,utilidades_domesticas,14,14,1,1,100.00
e256a62e0ac58c0edfba09966142d561,PR,utilidades_domesticas,13,14,2,1,92.86
e256a62e0ac58c0edfba09966142d561,PR,construcao_ferramentas_construcao,1,14,2,2,7.14
e2c92f9c1c7746d899d18f2e158bbff7,SP,automotivo,14,14,1,1,100.00
e7f3bf1ecd8526eb7f3b18059e6716e5,SP,brinquedos,12,14,3,1,85.71
e7f3bf1ecd8526eb7f3b18059e6716e5,SP,artes_e_artesanato,1,14,3,3,7.14
e7f3bf1ecd8526eb7f3b18059e6716e5,SP,instrumentos_musicais,1,14,3,2,7.14
e8a85b5f3df47be0984c55fd4064dbb4,DF,utilidades_domesticas,9,14,4,1,64.29
e8a85b5f3df47be0984c55fd4064dbb4,DF,beleza_saude,2,14,4,2,14.29
e8a85b5f3df47be0984c55fd4064dbb4,DF,perfumaria,2,14,4,3,14.29
e8a85b5f3df47be0984c55fd4064dbb4,DF,esporte_lazer,1,14,4,4,7.14
f1c1ac3f3efc07e659c035008e615e66,SP,automotivo,14,14,1,1,100.00
ffeee66ac5d5a62fe688b9d26f83f534,SP,eletrodomesticos,14,14,1,1,100.00
0417b067eeab773d2f7061a726dc477f,SC,automotivo,13,13,1,1,100.00
058cb5aeb36d7c0fcae20fc85d5e0a59,RJ,malas_acessorios,13,13,1,1,100.00
13f57c12a00ed4610db646b913a7f5c6,SP,automotivo,13,13,1,1,100.00
1660ad786c27fd935378b6192a90b417,SP,informatica_acessorios,13,13,1,1,100.00
1f867308a0ce13133a4e639ff4de0c02,PR,utilidades_domesticas,13,13,1,1,100.00
26d6bbee02420494d471c9f6436929c0,PR,automotivo,10,13,4,1,76.92
26d6bbee02420494d471c9f6436929c0,PR,construcao_ferramentas_seguranca,1,13,4,3,7.69
26d6bbee02420494d471c9f6436929c0,PR,papelaria,1,13,4,4,7.69
26d6bbee02420494d471c9f6436929c0,PR,cine_foto,1,13,4,2,7.69
2d518637f53161b973e01f56ea4bb88e,SP,esporte_lazer,13,13,1,1,100.00
2e0dba2da448400b1c11d7b4b22f32a4,SP,automotivo,13,13,1,1,100.00
2f74af7a0ee5636f12c2336f9fffed47,SP,esporte_lazer,11,13,3,1,84.62
2f74af7a0ee5636f12c2336f9fffed47,SP,utilidades_domesticas,1,13,3,3,7.69
2f74af7a0ee5636f12c2336f9fffed47,SP,moveis_decoracao,1,13,3,2,7.69
36890be00bbfc1cdb9a4a38a6af05a69,SP,bebes,8,13,3,1,61.54
36890be00bbfc1cdb9a4a38a6af05a69,SP,brinquedos,4,13,3,2,30.77
36890be00bbfc1cdb9a4a38a6af05a69,SP,automotivo,1,13,3,3,7.69
3969863bb8af7f72580b3b1ffd3a17b3,SP,esporte_lazer,6,13,4,1,46.15
3969863bb8af7f72580b3b1ffd3a17b3,SP,utilidades_domesticas,3,13,4,2,23.08
3969863bb8af7f72580b3b1ffd3a17b3,SP,ferramentas_jardim,2,13,4,3,15.38
3969863bb8af7f72580b3b1ffd3a17b3,SP,moveis_sala,2,13,4,4,15.38
41ab63a91b8b264e8c8780368bf1dd5b,MG,eletroportateis,6,13,7,1,46.15
41ab63a91b8b264e8c8780368bf1dd5b,MG,brinquedos,2,13,7,2,15.38
41ab63a91b8b264e8c8780368bf1dd5b,MG,malas_acessorios,1,13,7,7,7.69
41ab63a91b8b264e8c8780368bf1dd5b,MG,cama_mesa_banho,1,13,7,5,7.69
41ab63a91b8b264e8c8780368bf1dd5b,MG,climatizacao,1,13,7,3,7.69
41ab63a91b8b264e8c8780368bf1dd5b,MG,papelaria,1,13,7,6,7.69
41ab63a91b8b264e8c8780368bf1dd5b,MG,telefonia,1,13,7,4,7.69
439a47cc365d6e3bd526812ea9de3c29,SP,cama_mesa_banho,13,13,1,1,100.00
51702dc2a3e106c76dbff722b5bf0726,SP,moveis_decoracao,11,13,2,1,84.62
51702dc2a3e106c76dbff722b5bf0726,SP,moveis_quarto,2,13,2,2,15.38
562f8cfc51f265411f487d07e9c40e7f,MG,cool_stuff,11,13,2,1,84.62
562f8cfc51f265411f487d07e9c40e7f,MG,casa_conforto,2,13,2,2,15.38
5abb8ea023c77787f2c15da891c8d384,SC,cine_foto,7,13,4,1,53.85
5abb8ea023c77787f2c15da891c8d384,SC,moveis_decoracao,3,13,4,2,23.08
5abb8ea023c77787f2c15da891c8d384,SC,moveis_sala,2,13,4,3,15.38
5abb8ea023c77787f2c15da891c8d384,SC,construcao_ferramentas_construcao,1,13,4,4,7.69
5b581417df4480f632484ba681e53944,SC,brinquedos,10,13,2,1,76.92
5b581417df4480f632484ba681e53944,SC,cool_stuff,3,13,2,2,23.08
6b333a05bf188ef3e1f1662a86bd9855,DF,automotivo,3,13,6,1,23.08
6b333a05bf188ef3e1f1662a86bd9855,DF,eletrodomesticos_2,3,13,6,2,23.08
6b333a05bf188ef3e1f1662a86bd9855,DF,eletroportateis,3,13,6,3,23.08
6b333a05bf188ef3e1f1662a86bd9855,DF,climatizacao,2,13,6,4,15.38
6b333a05bf188ef3e1f1662a86bd9855,DF,cool_stuff,1,13,6,6,7.69
6b333a05bf188ef3e1f1662a86bd9855,DF,eletrodomesticos,1,13,6,5,7.69
6d22a1fcebb6dd08c9cd90b92a93e8d0,SC,beleza_saude,9,13,2,1,69.23
6d22a1fcebb6dd08c9cd90b92a93e8d0,SC,perfumaria,4,13,2,2,30.77
6e864f5c4669eff3d98140a07cc50202,SP,livros_tecnicos,5,13,3,2,38.46
6e864f5c4669eff3d98140a07cc50202,SP,livros_interesse_geral,5,13,3,1,38.46
6e864f5c4669eff3d98140a07cc50202,SP,consoles_games,3,13,3,3,23.08
6ee85be3693ed79a8e80718743d80655,SP,eletronicos,7,13,2,1,53.85
6ee85be3693ed79a8e80718743d80655,SP,informatica_acessorios,6,13,2,2,46.15
7210cd29727d674c00741e5e387b3ccd,SP,alimentos,4,13,5,1,30.77
7210cd29727d674c00741e5e387b3ccd,SP,beleza_saude,3,13,5,2,23.08
7210cd29727d674c00741e5e387b3ccd,SP,perfumaria,3,13,5,3,23.08
7210cd29727d674c00741e5e387b3ccd,SP,moveis_decoracao,2,13,5,4,15.38
7210cd29727d674c00741e5e387b3ccd,SP,alimentos_bebidas,1,13,5,5,7.69
7c1fea10b5b006671d608b1d7c446ec4,SP,telefonia,11,13,3,1,84.62
7c1fea10b5b006671d608b1d7c446ec4,SP,utilidades_domesticas,1,13,3,2,7.69
7c1fea10b5b006671d608b1d7c446ec4,SP,automotivo,1,13,3,3,7.69
7c4618c82226628831613e95e9c22f44,SP,esporte_lazer,13,13,1,1,100.00
8378eb36b6b70c5734e83ad7b8cdc3b7,SC,casa_construcao,12,13,2,1,92.31
8378eb36b6b70c5734e83ad7b8cdc3b7,SC,construcao_ferramentas_construcao,1,13,2,2,7.69
8629c241b3622ac12cd4118afdc8d394,SP,perfumaria,7,13,3,1,53.85
8629c241b3622ac12cd4118afdc8d394,SP,ferramentas_jardim,5,13,3,2,38.46
8629c241b3622ac12cd4118afdc8d394,SP,consoles_games,1,13,3,3,7.69
87b740daf17b5d1be335a64164ec6842,SP,esporte_lazer,13,13,1,1,100.00
8bd0e3abda539b9479c4b44a691be1ec,RS,beleza_saude,13,13,1,1,100.00
92d14edfb62ee5ae7fdff70b0f4e7233,SP,alimentos_bebidas,6,13,3,1,46.15
92d14edfb62ee5ae7fdff70b0f4e7233,SP,beleza_saude,5,13,3,2,38.46
92d14edfb62ee5ae7fdff70b0f4e7233,SP,bebidas,2,13,3,3,15.38
97512d3fc193b2d1dfcdba0f9d1f0f8a,SP,informatica_acessorios,13,13,1,1,100.00
a2fa0bdc798ee84cdb08281337cf4fb6,SC,livros_interesse_geral,13,13,1,1,100.00
aac51c486b672a9850d59f3e84b1cf88,SP,alimentos,8,13,3,1,61.54
aac51c486b672a9850d59f3e84b1cf88,SP,esporte_lazer,3,13,3,2,23.08
aac51c486b672a9850d59f3e84b1cf88,SP,beleza_saude,2,13,3,3,15.38
abc015ebac1d283a323ca9db35ede4b9,SP,climatizacao,12,13,2,1,92.31
abc015ebac1d283a323ca9db35ede4b9,SP,papelaria,1,13,2,2,7.69
b3b17aab11f273023a5f22ca52e1eb70,PR,automotivo,13,13,1,1,100.00
b6dc74ed30f124f95227bed4e43a3bed,PR,esporte_lazer,13,13,1,1,100.00
bc07d855eac23aab5ac8a120f21d16b2,SP,beleza_saude,9,13,4,1,69.23
bc07d855eac23aab5ac8a120f21d16b2,SP,construcao_ferramentas_construcao,2,13,4,2,15.38
bc07d855eac23aab5ac8a120f21d16b2,SP,fraldas_higiene,1,13,4,4,7.69
bc07d855eac23aab5ac8a120f21d16b2,SP,automotivo,1,13,4,3,7.69
bd1d49a326abfa9b1036772e40445430,SP,beleza_saude,13,13,1,1,100.00
c3e1abd72a42fe690fcd89cf5720fe29,SP,pet_shop,13,13,1,1,100.00
c510bc1718f0f2961eaa42a23330681a,SP,bebes,13,13,1,1,100.00
c8c1bea22194a4eefa2dc9a9fa89f536,SC,pet_shop,13,13,1,1,100.00
cfd7ddab722b902f7ac5b5f3ba6d723d,MG,utilidades_domesticas,6,13,5,1,46.15
cfd7ddab722b902f7ac5b5f3ba6d723d,MG,eletrodomesticos_2,2,13,5,3,15.38
cfd7ddab722b902f7ac5b5f3ba6d723d,MG,moveis_cozinha_area_de_servico_jantar_e_jardim,2,13,5,4,15.38
cfd7ddab722b902f7ac5b5f3ba6d723d,MG,agro_industria_e_comercio,2,13,5,2,15.38
cfd7ddab722b902f7ac5b5f3ba6d723d,MG,eletroportateis,1,13,5,5,7.69
d9e7e7778b32987280a6f2cb9a39c57d,SP,beleza_saude,13,13,1,1,100.00
da6a60cc8cc724fe51be021ff8be779c,RJ,livros_interesse_geral,10,13,2,1,76.92
da6a60cc8cc724fe51be021ff8be779c,RJ,moveis_decoracao,3,13,2,2,23.08
ed859002ad59dbf8cf3602696a6c3000,PR,climatizacao,11,13,3,1,84.62
ed859002ad59dbf8cf3602696a6c3000,PR,automotivo,1,13,3,3,7.69
ed859002ad59dbf8cf3602696a6c3000,PR,utilidades_domesticas,1,13,3,2,7.69
f52c2422904463fdd7741f99045fecb6,SP,utilidades_domesticas,7,13,3,1,53.85
f52c2422904463fdd7741f99045fecb6,SP,esporte_lazer,3,13,3,2,23.08
f52c2422904463fdd7741f99045fecb6,SP,beleza_saude,3,13,3,3,23.08
f5f1f2c5f923f36ad79ea1d07185ddc9,SP,pet_shop,13,13,1,1,100.00
014d9a685fd57276679edd00e07089e5,PR,papelaria,9,12,2,1,75.00
014d9a685fd57276679edd00e07089e5,PR,cool_stuff,3,12,2,2,25.00
01c97ebb5cdac52891c0ed1c37ba0012,SP,informatica_acessorios,12,12,1,1,100.00
08084d990eb3f53af056ccbc1730c8a7,SP,eletronicos,12,12,1,1,100.00
0887a9f087bcd5d9f6642b52f897fc6c,SP,telefonia,7,12,3,1,58.33
0887a9f087bcd5d9f6642b52f897fc6c,SP,automotivo,4,12,3,2,33.33
0887a9f087bcd5d9f6642b52f897fc6c,SP,informatica_acessorios,1,12,3,3,8.33
08d0949a9a17c027262db1f3c450c26c,PR,moveis_decoracao,12,12,1,1,100.00
0a85ebe4e328db81ac9109781205e2f7,SP,moveis_decoracao,11,12,2,1,91.67
0a85ebe4e328db81ac9109781205e2f7,SP,artigos_de_festas,1,12,2,2,8.33
0e982cff76cc0579f632cea8a0e38c9d,SC,instrumentos_musicais,12,12,1,1,100.00
141440cad9341e553f8401c574a2aa38,PR,bebidas,8,12,2,1,66.67
141440cad9341e553f8401c574a2aa38,PR,beleza_saude,4,12,2,2,33.33
1c5e4e49b9079480255b49d50aac1aa9,SP,cama_mesa_banho,10,12,3,1,83.33
1c5e4e49b9079480255b49d50aac1aa9,SP,bebes,1,12,3,3,8.33
1c5e4e49b9079480255b49d50aac1aa9,SP,pet_shop,1,12,3,2,8.33
1cbd32d00d01bb8087a5eb088612fd9c,SP,beleza_saude,6,12,5,1,50.00
1cbd32d00d01bb8087a5eb088612fd9c,SP,utilidades_domesticas,2,12,5,3,16.67
1cbd32d00d01bb8087a5eb088612fd9c,SP,papelaria,2,12,5,2,16.67
1cbd32d00d01bb8087a5eb088612fd9c,SP,bebes,1,12,5,5,8.33
1cbd32d00d01bb8087a5eb088612fd9c,SP,informatica_acessorios,1,12,5,4,8.33
1d29dfba02015238dfbe2449a5eaa361,MG,perfumaria,12,12,1,1,100.00
2009a095de2a2a41626f6c6d7722678d,SP,informatica_acessorios,9,12,2,1,75.00
2009a095de2a2a41626f6c6d7722678d,SP,papelaria,3,12,2,2,25.00
257e61d3251fb5efb9daadddbc2cf7ca,PR,bebes,11,12,2,1,91.67
257e61d3251fb5efb9daadddbc2cf7ca,PR,alimentos,1,12,2,2,8.33
25e47381a6c510ddeb36084e33b89f0c,SP,cama_mesa_banho,12,12,1,1,100.00
2addf05f476d0637864454e93ba673d5,DF,informatica_acessorios,12,12,1,1,100.00
2dcf93836ae3ce0d7c93e2f10876467a,SP,utilidades_domesticas,10,12,2,1,83.33
2dcf93836ae3ce0d7c93e2f10876467a,SP,beleza_saude,2,12,2,2,16.67
404e1ba01358af4cd63f679b2c4d1fa1,MG,pet_shop,8,12,3,1,66.67
404e1ba01358af4cd63f679b2c4d1fa1,MG,utilidades_domesticas,3,12,3,2,25.00
404e1ba01358af4cd63f679b2c4d1fa1,MG,sinalizacao_e_seguranca,1,12,3,3,8.33
40db9e9aa57f7bb151bcda6b0f9bdbb7,PE,automotivo,12,12,1,1,100.00
431050a06a317f2b38168dec3dcd2b46,SP,beleza_saude,11,12,2,1,91.67
431050a06a317f2b38168dec3dcd2b46,SP,perfumaria,1,12,2,2,8.33
457fe919b032a3f7dadba6fb92cf7855,SP,cama_mesa_banho,12,12,1,1,100.00
47efca563408aae19bb7206c2d969ea9,PI,automotivo,12,12,1,1,100.00
49383af7ab774e4e8f3000f49c83dc4b,SP,cama_mesa_banho,12,12,1,1,100.00
4be6b962d83299498bae2190f95d6566,SP,eletroportateis,11,12,2,1,91.67
4be6b962d83299498bae2190f95d6566,SP,beleza_saude,1,12,2,2,8.33
512d298ac2a96d1931b6bd30aa21f61d,RJ,instrumentos_musicais,10,12,3,1,83.33
512d298ac2a96d1931b6bd30aa21f61d,RJ,brinquedos,1,12,3,3,8.33
512d298ac2a96d1931b6bd30aa21f61d,RJ,eletronicos,1,12,3,2,8.33
54065e9aef7e9e9c2dc23b7594db021a,RJ,cool_stuff,7,12,5,1,58.33
54065e9aef7e9e9c2dc23b7594db021a,RJ,esporte_lazer,2,12,5,2,16.67
54065e9aef7e9e9c2dc23b7594db021a,RJ,informatica_acessorios,1,12,5,3,8.33
54065e9aef7e9e9c2dc23b7594db021a,RJ,instrumentos_musicais,1,12,5,4,8.33
54065e9aef7e9e9c2dc23b7594db021a,RJ,telefonia,1,12,5,5,8.33
5ab05b6d86d417796c69ffd6774ec832,SP,beleza_saude,12,12,1,1,100.00
5d9dc90a686a8fddacffab6bab5653a3,SP,esporte_lazer,12,12,1,1,100.00
68f86ba270525243e68ae74044f992b9,RJ,beleza_saude,12,12,1,1,100.00
6b803197e03abd5056b4313306b4f29d,SP,alimentos,9,12,2,1,75.00
6b803197e03abd5056b4313306b4f29d,SP,beleza_saude,3,12,2,2,25.00
70849ca4f400aaabb62cb7462a6f1428,MG,instrumentos_musicais,6,12,5,1,50.00
70849ca4f400aaabb62cb7462a6f1428,MG,moveis_sala,3,12,5,2,25.00
70849ca4f400aaabb62cb7462a6f1428,MG,automotivo,1,12,5,3,8.33
70849ca4f400aaabb62cb7462a6f1428,MG,brinquedos,1,12,5,5,8.33
70849ca4f400aaabb62cb7462a6f1428,MG,eletronicos,1,12,5,4,8.33
723cd880edaacdb998898b67c8f9da30,SP,cama_mesa_banho,8,12,2,1,66.67
723cd880edaacdb998898b67c8f9da30,SP,moveis_sala,4,12,2,2,33.33
7357b52d27cbaa90f81a96cbc1279396,MG,utilidades_domesticas,11,12,2,1,91.67
7357b52d27cbaa90f81a96cbc1279396,MG,cool_stuff,1,12,2,2,8.33
77fccaae319668a8ab6cd0fd16aec48c,RJ,esporte_lazer,6,12,3,1,50.00
77fccaae319668a8ab6cd0fd16aec48c,RJ,perfumaria,5,12,3,2,41.67
77fccaae319668a8ab6cd0fd16aec48c,RJ,eletronicos,1,12,3,3,8.33
7a2d2949aea47fab95fd98d6c9f618b1,PR,pet_shop,9,12,2,1,75.00
7a2d2949aea47fab95fd98d6c9f618b1,PR,esporte_lazer,3,12,2,2,25.00
8476243f92442881ddd5b578975cf115,RS,beleza_saude,7,12,3,1,58.33
8476243f92442881ddd5b578975cf115,RS,telefonia,4,12,3,2,33.33
8476243f92442881ddd5b578975cf115,RS,eletronicos,1,12,3,3,8.33
89f69225956f951295ca4c7fb1266553,RJ,brinquedos,7,12,5,1,58.33
89f69225956f951295ca4c7fb1266553,RJ,musica,2,12,5,2,16.67
89f69225956f951295ca4c7fb1266553,RJ,relogios_presentes,1,12,5,5,8.33
89f69225956f951295ca4c7fb1266553,RJ,moveis_decoracao,1,12,5,3,8.33
89f69225956f951295ca4c7fb1266553,RJ,beleza_saude,1,12,5,4,8.33
8ca1551acf9832a4cf467bbbac15851f,PR,moveis_decoracao,9,12,3,1,75.00
8ca1551acf9832a4cf467bbbac15851f,PR,casa_construcao,2,12,3,2,16.67
8ca1551acf9832a4cf467bbbac15851f,PR,automotivo,1,12,3,3,8.33
968268a686aa05d1f529fb07dff08130,SP,papelaria,11,12,2,1,91.67
968268a686aa05d1f529fb07dff08130,SP,artes,1,12,2,2,8.33
985c92cc412091f8529c12d7f23d3fef,MG,beleza_saude,12,12,1,1,100.00
9c690ceacd5c66731bf443ea810195cb,MG,ferramentas_jardim,7,12,2,1,58.33
9c690ceacd5c66731bf443ea810195cb,MG,utilidades_domesticas,5,12,2,2,41.67
acadd4d36859671cb635527c6c977533,SP,ferramentas_jardim,11,12,2,1,91.67
acadd4d36859671cb635527c6c977533,SP,automotivo,1,12,2,2,8.33
ae45df84722b1d15c5f32b23a095746c,SP,beleza_saude,12,12,1,1,100.00
b0b346d3a89f5eb4c2968af3f083cd43,SP,bebidas,7,12,2,1,58.33
b0b346d3a89f5eb4c2968af3f083cd43,SP,alimentos_bebidas,5,12,2,2,41.67
b55638ad525e906c698fa2ce742c1742,SC,pet_shop,12,12,1,1,100.00
b5abf4f36adc043117b4fca82c22984c,DF,cama_mesa_banho,5,12,5,1,41.67
b5abf4f36adc043117b4fca82c22984c,DF,informatica_acessorios,2,12,5,2,16.67
b5abf4f36adc043117b4fca82c22984c,DF,moveis_decoracao,2,12,5,3,16.67
b5abf4f36adc043117b4fca82c22984c,DF,bebes,2,12,5,4,16.67
b5abf4f36adc043117b4fca82c22984c,DF,pet_shop,1,12,5,5,8.33
b8630e1121437d41cb08e3c749c2c2e2,RJ,instrumentos_musicais,9,12,2,1,75.00
b8630e1121437d41cb08e3c749c2c2e2,RJ,brinquedos,3,12,2,2,25.00
bd15ee794d5e640d9dd71b665b2ab15b,SP,esporte_lazer,11,12,2,1,91.67
bd15ee794d5e640d9dd71b665b2ab15b,SP,ferramentas_jardim,1,12,2,2,8.33
bdae679a9b282249bc23b9b69dae9a99,DF,construcao_ferramentas_construcao,10,12,2,1,83.33
bdae679a9b282249bc23b9b69dae9a99,DF,eletronicos,2,12,2,2,16.67
c394e193cda3b4225ff2094d32184849,SP,bebidas,12,12,1,1,100.00
c3acdfac4e3e97ff87529454fbc03642,SP,relogios_presentes,12,12,1,1,100.00
c7fdb77fdbff3c41981bc52f787e959e,SP,cama_mesa_banho,12,12,1,1,100.00
cb41bfbcbda0aea354a834ab222f9a59,SP,casa_construcao,12,12,1,1,100.00
ccb83a794700270fde70898fe9ff368b,SC,esporte_lazer,12,12,1,1,100.00
cd3d09fbe6e3e9ff0c0ac0c300e93ae7,SP,automotivo,12,12,1,1,100.00
d17f467e4bf608a510c20d82f4ba3b6b,RS,agro_industria_e_comercio,7,12,3,1,58.33
d17f467e4bf608a510c20d82f4ba3b6b,RS,utilidades_domesticas,4,12,3,2,33.33
d17f467e4bf608a510c20d82f4ba3b6b,RS,eletrodomesticos_2,1,12,3,3,8.33
d1c7fa84e48cfa21a0e595167c1c500e,RS,ferramentas_jardim,6,12,3,1,50.00
d1c7fa84e48cfa21a0e595167c1c500e,RS,construcao_ferramentas_jardim,4,12,3,2,33.33
d1c7fa84e48cfa21a0e595167c1c500e,RS,beleza_saude,2,12,3,3,16.67
d4910f1cdcfdabd48d6b316e395d4a23,SP,pet_shop,12,12,1,1,100.00
d4e4b5192cba4e0e66eb12a9d347239d,PR,telefonia,12,12,1,1,100.00
d9e8c084b68fe958861d8f2c21202e6b,SP,agro_industria_e_comercio,10,12,2,1,83.33
d9e8c084b68fe958861d8f2c21202e6b,SP,informatica_acessorios,2,12,2,2,16.67
de9727ca376d1be6ec121b110aa7954c,PR,informatica_acessorios,12,12,1,1,100.00
e1dc0754bada9ee4cfe9713f22f61292,RJ,bebes,8,12,4,1,66.67
e1dc0754bada9ee4cfe9713f22f61292,RJ,fashion_bolsas_e_acessorios,2,12,4,2,16.67
e1dc0754bada9ee4cfe9713f22f61292,RJ,brinquedos,1,12,4,4,8.33
e1dc0754bada9ee4cfe9713f22f61292,RJ,cool_stuff,1,12,4,3,8.33
e504a4e2efaa45cbff7e268a2c58c956,SP,utilidades_domesticas,12,12,1,1,100.00
e64d65bc8dbec2accda90c58de5d1246,SP,beleza_saude,12,12,1,1,100.00
ec80e49e69745ab6c14f984bf2149423,SP,utilidades_domesticas,12,12,1,1,100.00
f435898e493ba0356019a0b1cb8b55b1,PR,automotivo,12,12,1,1,100.00
01bcc9d254a0143f0ce9791b960b2a47,GO,beleza_saude,11,11,1,1,100.00
0249d282d911d23cb8b869ab49c99f53,SP,esporte_lazer,11,11,1,1,100.00
0570350b23eda5444f8d1d9544932058,SP,perfumaria,6,11,2,1,54.55
0570350b23eda5444f8d1d9544932058,SP,beleza_saude,5,11,2,2,45.45
0791d9fc1e30678ecf03d3e55fa108d3,MG,utilidades_domesticas,11,11,1,1,100.00
0aa2205ca24f113f4658a5c536667426,SP,papelaria,11,11,1,1,100.00
0ff83046c3fa22efee8ecf291888b191,RS,esporte_lazer,11,11,1,1,100.00
1690cada046eb7e92c12f98b1f8a8167,SP,automotivo,11,11,1,1,100.00
17908cf9b444ee34047cadd5c0f4a516,GO,automotivo,11,11,1,1,100.00
184a67a8f9f63234d3a92340bbdb727f,SC,moveis_decoracao,11,11,1,1,100.00
1b1ae47a313a825a7ccceb8e2e30fa9d,PR,esporte_lazer,5,11,4,1,45.45
1b1ae47a313a825a7ccceb8e2e30fa9d,PR,brinquedos,4,11,4,2,36.36
1b1ae47a313a825a7ccceb8e2e30fa9d,PR,moveis_cozinha_area_de_servico_jantar_e_jardim,1,11,4,4,9.09
1b1ae47a313a825a7ccceb8e2e30fa9d,PR,cool_stuff,1,11,4,3,9.09
1b7e5006cb25dd23ce8686691013b121,SP,beleza_saude,11,11,1,1,100.00
1e483cc5c76fef08d3ca05f9a8af7d01,SP,fashion_underwear_e_moda_praia,8,11,3,1,72.73
1e483cc5c76fef08d3ca05f9a8af7d01,SP,utilidades_domesticas,2,11,3,2,18.18
1e483cc5c76fef08d3ca05f9a8af7d01,SP,papelaria,1,11,3,3,9.09
2059c39f76271d4ca3f15b5ffaccc8b8,PR,livros_interesse_geral,11,11,1,1,100.00
20b54c376b794ed028df09a3cd88e8dc,SP,telefonia_fixa,5,11,5,1,45.45
20b54c376b794ed028df09a3cd88e8dc,SP,informatica_acessorios,2,11,5,3,18.18
20b54c376b794ed028df09a3cd88e8dc,SP,beleza_saude,2,11,5,2,18.18
20b54c376b794ed028df09a3cd88e8dc,SP,eletronicos,1,11,5,5,9.09
20b54c376b794ed028df09a3cd88e8dc,SP,audio,1,11,5,4,9.09
236585a4ddb5fea9fa40233e2249ed91,RS,informatica_acessorios,8,11,2,1,72.73
236585a4ddb5fea9fa40233e2249ed91,RS,automotivo,3,11,2,2,27.27
26af45f5dfd967225a832838aa4e24a3,PR,automotivo,11,11,1,1,100.00
2d42ebcda99fd55f6f4bc2f1ca035d50,GO,eletroportateis,9,11,2,1,81.82
2d42ebcda99fd55f6f4bc2f1ca035d50,GO,eletrodomesticos,2,11,2,2,18.18
31ae0774c17fabd06ff707cc5bde005f,SP,agro_industria_e_comercio,7,11,3,1,63.64
31ae0774c17fabd06ff707cc5bde005f,SP,cool_stuff,3,11,3,2,27.27
31ae0774c17fabd06ff707cc5bde005f,SP,industria_comercio_e_negocios,1,11,3,3,9.09
38102b031c2a15e54623d711bfc753d3,CE,utilidades_domesticas,5,11,3,2,45.45
38102b031c2a15e54623d711bfc753d3,CE,moveis_decoracao,5,11,3,1,45.45
38102b031c2a15e54623d711bfc753d3,CE,cama_mesa_banho,1,11,3,3,9.09
39c763cca83e654764b7a4a650fb9b7c,GO,esporte_lazer,10,11,2,1,90.91
39c763cca83e654764b7a4a650fb9b7c,GO,fashion_bolsas_e_acessorios,1,11,2,2,9.09
3d0cd21d41671c46f82cd11176bf7277,SC,cool_stuff,5,11,4,1,45.45
3d0cd21d41671c46f82cd11176bf7277,SC,livros_interesse_geral,4,11,4,2,36.36
3d0cd21d41671c46f82cd11176bf7277,SC,utilidades_domesticas,1,11,4,4,9.09
3d0cd21d41671c46f82cd11176bf7277,SC,agro_industria_e_comercio,1,11,4,3,9.09
3f8034bfc6b8b4135534975d49f04c63,PR,bebes,11,11,1,1,100.00
403aa86912527d730337ffcb0fb096ab,MG,telefonia,6,11,6,1,54.55
403aa86912527d730337ffcb0fb096ab,MG,esporte_lazer,1,11,6,2,9.09
403aa86912527d730337ffcb0fb096ab,MG,artes,1,11,6,6,9.09
403aa86912527d730337ffcb0fb096ab,MG,informatica_acessorios,1,11,6,4,9.09
403aa86912527d730337ffcb0fb096ab,MG,tablets_impressao_imagem,1,11,6,3,9.09
403aa86912527d730337ffcb0fb096ab,MG,pcs,1,11,6,5,9.09
41b86b552e54e3a7009596125aa8b167,SP,esporte_lazer,11,11,1,1,100.00
4677a5437afda5fa7140b927b07be1cc,PR,automotivo,8,11,3,1,72.73
4677a5437afda5fa7140b927b07be1cc,PR,brinquedos,2,11,3,2,18.18
4677a5437afda5fa7140b927b07be1cc,PR,pet_shop,1,11,3,3,9.09
48fb026ed7455a42f5d3e9390ed5088e,RJ,automotivo,11,11,1,1,100.00
4ba52dfeba874da5b9ee7b17c7494f04,SP,livros_tecnicos,11,11,1,1,100.00
508808d438fe2ff972ed13bb8f4a82e2,SP,utilidades_domesticas,4,11,7,1,36.36
508808d438fe2ff972ed13bb8f4a82e2,SP,construcao_ferramentas_iluminacao,2,11,7,2,18.18
508808d438fe2ff972ed13bb8f4a82e2,SP,construcao_ferramentas_construcao,1,11,7,7,9.09
508808d438fe2ff972ed13bb8f4a82e2,SP,artigos_de_festas,1,11,7,6,9.09
508808d438fe2ff972ed13bb8f4a82e2,SP,bebes,1,11,7,5,9.09
508808d438fe2ff972ed13bb8f4a82e2,SP,beleza_saude,1,11,7,4,9.09
508808d438fe2ff972ed13bb8f4a82e2,SP,moveis_decoracao,1,11,7,3,9.09
525e75a6fb1454a2325ab1734bcec221,SP,automotivo,11,11,1,1,100.00
5a6a02f419701fc8c605af71d4fc57a4,SP,livros_interesse_geral,10,11,2,1,90.91
5a6a02f419701fc8c605af71d4fc57a4,SP,bebes,1,11,2,2,9.09
5ef131ac72773e5b3f6c0d63cf424657,SP,brinquedos,11,11,1,1,100.00
615005a3ef192c00c6f0e977cee3d2bc,SP,esporte_lazer,11,11,1,1,100.00
63a79f5a7eb5cb48a7e5787b141c7993,MG,brinquedos,10,11,2,1,90.91
63a79f5a7eb5cb48a7e5787b141c7993,MG,bebes,1,11,2,2,9.09
656591be56071d4c9ef4e5fee78a578a,SP,moveis_escritorio,11,11,1,1,100.00
670a9dda115b5a88b18cfadee8de2332,SP,fashion_bolsas_e_acessorios,9,11,3,1,81.82
670a9dda115b5a88b18cfadee8de2332,SP,moveis_decoracao,1,11,3,3,9.09
670a9dda115b5a88b18cfadee8de2332,SP,papelaria,1,11,3,2,9.09
6bbcb8924baf70b7fe2fe2097e8cd407,SC,artigos_de_festas,8,11,2,1,72.73
6bbcb8924baf70b7fe2fe2097e8cd407,SC,papelaria,3,11,2,2,27.27
6ddc28b61be28373b4503a1f61cf98a9,SP,brinquedos,10,11,2,1,90.91
6ddc28b61be28373b4503a1f61cf98a9,SP,papelaria,1,11,2,2,9.09
788e857f317e53de488d393e65a80f45,SP,papelaria,11,11,1,1,100.00
817f85dbb65aa3e70831d90fe75cdf89,SP,brinquedos,8,11,2,1,72.73
817f85dbb65aa3e70831d90fe75cdf89,SP,bebes,3,11,2,2,27.27
89a51f50b8095ea78d5768f34c13a76f,DF,perfumaria,11,11,1,1,100.00
8bdd8e3fd58bafa48af76b2c5fd71974,SP,brinquedos,11,11,1,1,100.00
8e2b3afb420011ef0c88c9d5f11ea526,SP,esporte_lazer,10,11,2,1,90.91
8e2b3afb420011ef0c88c9d5f11ea526,SP,beleza_saude,1,11,2,2,9.09
91f0eec23d4a61d7d7caeefa3f0ad1ca,SC,automotivo,11,11,1,1,100.00
9df5750209b83567ec144eb299d7d634,RS,ferramentas_jardim,9,11,3,1,81.82
9df5750209b83567ec144eb299d7d634,RS,industria_comercio_e_negocios,1,11,3,2,9.09
9df5750209b83567ec144eb299d7d634,RS,cool_stuff,1,11,3,3,9.09
ab27bbbad5239bc31a34709275a70db4,SP,ferramentas_jardim,6,11,2,1,54.55
ab27bbbad5239bc31a34709275a70db4,SP,construcao_ferramentas_construcao,5,11,2,2,45.45
acb6c2ca5c82411c1fdb88d5fd5eb95e,SP,esporte_lazer,6,11,4,1,54.55
acb6c2ca5c82411c1fdb88d5fd5eb95e,SP,automotivo,3,11,4,2,27.27
acb6c2ca5c82411c1fdb88d5fd5eb95e,SP,ferramentas_jardim,1,11,4,3,9.09
acb6c2ca5c82411c1fdb88d5fd5eb95e,SP,papelaria,1,11,4,4,9.09
ad273c9eb54ecb4532de4bf75bae9e4e,PR,utilidades_domesticas,10,11,2,1,90.91
ad273c9eb54ecb4532de4bf75bae9e4e,PR,moveis_decoracao,1,11,2,2,9.09
b080809eaacb49e5ca07290981472431,MG,livros_interesse_geral,11,11,1,1,100.00
b1204cfda1d4948679db3cfc0d3cb95c,SP,telefonia_fixa,5,11,3,1,45.45
b1204cfda1d4948679db3cfc0d3cb95c,SP,esporte_lazer,4,11,3,2,36.36
b1204cfda1d4948679db3cfc0d3cb95c,SP,moveis_decoracao,2,11,3,3,18.18
b16d3dadc47d4eb18be3d88bad0775ce,RS,esporte_lazer,8,11,3,1,72.73
b16d3dadc47d4eb18be3d88bad0775ce,RS,beleza_saude,2,11,3,2,18.18
b16d3dadc47d4eb18be3d88bad0775ce,RS,bebes,1,11,3,3,9.09
b2c97074649f92197d9387d9033dda5f,SP,beleza_saude,8,11,2,1,72.73
b2c97074649f92197d9387d9033dda5f,SP,utilidades_domesticas,3,11,2,2,27.27
b2eecf5ea250510da76590ca79d60e5d,SP,instrumentos_musicais,11,11,1,1,100.00
b7ed9fb14c8eadb37adb9c45d67ab0fb,SP,papelaria,7,11,2,1,63.64
b7ed9fb14c8eadb37adb9c45d67ab0fb,SP,utilidades_domesticas,4,11,2,2,36.36
b8114f2f589a6804810f04f99b36b498,SP,utilidades_domesticas,11,11,1,1,100.00
b81e3a6c866a764974fe849821abeebd,SP,utilidades_domesticas,8,11,2,1,72.73
b81e3a6c866a764974fe849821abeebd,SP,esporte_lazer,3,11,2,2,27.27
b9a03475e6447e631b6799ec8274800f,PR,artigos_de_natal,8,11,3,1,72.73
b9a03475e6447e631b6799ec8274800f,PR,moveis_decoracao,2,11,3,2,18.18
b9a03475e6447e631b6799ec8274800f,PR,artes,1,11,3,3,9.09
bb7a14e229b1c95156719c3d9552eeee,RJ,eletroportateis,7,11,3,1,63.64
bb7a14e229b1c95156719c3d9552eeee,RJ,ferramentas_jardim,3,11,3,2,27.27
bb7a14e229b1c95156719c3d9552eeee,RJ,utilidades_domesticas,1,11,3,3,9.09
bc302730ea8cf49b5c74f579febb5bbf,SP,telefonia,7,11,3,1,63.64
bc302730ea8cf49b5c74f579febb5bbf,SP,ferramentas_jardim,2,11,3,2,18.18
bc302730ea8cf49b5c74f579febb5bbf,SP,construcao_ferramentas_jardim,2,11,3,3,18.18
bfd938b22bc99bce1ae60dc602889f52,RJ,utilidades_domesticas,6,11,3,1,54.55
bfd938b22bc99bce1ae60dc602889f52,RJ,ferramentas_jardim,3,11,3,2,27.27
bfd938b22bc99bce1ae60dc602889f52,RJ,beleza_saude,2,11,3,3,18.18
c4fabeea6e569d42d02993bb1f4f1cbc,CE,bebes,7,11,2,1,63.64
c4fabeea6e569d42d02993bb1f4f1cbc,CE,moveis_quarto,4,11,2,2,36.36
c5f7e746b7e6d07def6c0dae9903279b,PR,pet_shop,11,11,1,1,100.00
c5f7feb04a6a1fb3596322bfc3cf1917,SP,moveis_decoracao,11,11,1,1,100.00
c990d6cf976a5718aaedc539f383ab88,SP,telefonia,6,11,3,1,54.55
c990d6cf976a5718aaedc539f383ab88,SP,informatica_acessorios,4,11,3,2,36.36
c990d6cf976a5718aaedc539f383ab88,SP,automotivo,1,11,3,3,9.09
cb6c9f5888a7a090c75beaf615925792,ES,ferramentas_jardim,7,11,5,1,63.64
cb6c9f5888a7a090c75beaf615925792,ES,construcao_ferramentas_iluminacao,1,11,5,5,9.09
cb6c9f5888a7a090c75beaf615925792,ES,esporte_lazer,1,11,5,4,9.09
cb6c9f5888a7a090c75beaf615925792,ES,casa_construcao,1,11,5,3,9.09
cb6c9f5888a7a090c75beaf615925792,ES,construcao_ferramentas_ferramentas,1,11,5,2,9.09
d1b9d4be4b6f9ebd85f8acd6745ba612,MG,moveis_decoracao,11,11,1,1,100.00
d4ffeb15b67e81ff9af2b4252d99fb7e,SP,perfumaria,5,11,3,2,45.45
d4ffeb15b67e81ff9af2b4252d99fb7e,SP,malas_acessorios,5,11,3,1,45.45
d4ffeb15b67e81ff9af2b4252d99fb7e,SP,utilidades_domesticas,1,11,3,3,9.09
e819bcfade7b5d88a27325eb6cfd62c5,SP,moveis_decoracao,9,11,3,1,81.82
e819bcfade7b5d88a27325eb6cfd62c5,SP,artes_e_artesanato,1,11,3,2,9.09
e819bcfade7b5d88a27325eb6cfd62c5,SP,papelaria,1,11,3,3,9.09
eb3071b9f0b0ddaa2df5ea130f09f26b,SP,moveis_quarto,8,11,2,1,72.73
eb3071b9f0b0ddaa2df5ea130f09f26b,SP,bebes,3,11,2,2,27.27
f12d3c2a14729ae461b920c11fe20fdc,SP,moveis_decoracao,6,11,2,1,54.55
f12d3c2a14729ae461b920c11fe20fdc,SP,papelaria,5,11,2,2,45.45
fa74b2f3287d296e9fbd2cc80f2d1cf1,SP,perfumaria,11,11,1,1,100.00
fce62094ffe6a4009188ec44e681dfdd,SP,moveis_decoracao,8,11,3,1,72.73
fce62094ffe6a4009188ec44e681dfdd,SP,esporte_lazer,2,11,3,2,18.18
fce62094ffe6a4009188ec44e681dfdd,SP,market_place,1,11,3,3,9.09
fe701d88b67eaca109dffd464d1be9f9,RJ,fashion_bolsas_e_acessorios,11,11,1,1,100.00
ff4e2d38692ce827b1a4f4b8196e680d,SP,livros_tecnicos,7,11,2,1,63.64
ff4e2d38692ce827b1a4f4b8196e680d,SP,livros_interesse_geral,4,11,2,2,36.36
04fdea0c111866e6cf812f1570d6b5bd,SP,informatica_acessorios,9,10,2,1,90.00
04fdea0c111866e6cf812f1570d6b5bd,SP,eletronicos,1,10,2,2,10.00
05a940b4ecae36cadfd8e93bd9c43257,GO,cool_stuff,5,10,3,1,50.00
05a940b4ecae36cadfd8e93bd9c43257,GO,informatica_acessorios,4,10,3,2,40.00
05a940b4ecae36cadfd8e93bd9c43257,GO,audio,1,10,3,3,10.00
079d295dcbf06ee8bb1b65ba964eb2b6,SP,construcao_ferramentas_construcao,10,10,1,1,100.00
0ddefe3c7a032b91f4e25b9c3a08fca1,SP,papelaria,4,10,4,1,40.00
0ddefe3c7a032b91f4e25b9c3a08fca1,SP,artes_e_artesanato,4,10,4,2,40.00
0ddefe3c7a032b91f4e25b9c3a08fca1,SP,informatica_acessorios,1,10,4,3,10.00
0ddefe3c7a032b91f4e25b9c3a08fca1,SP,artes,1,10,4,4,10.00
13fa2a6c6b9d0f43cb588d7c82117a12,SP,beleza_saude,10,10,1,1,100.00
180c3376aff0e43dd5788709df48a843,SP,telefonia_fixa,9,10,2,1,90.00
180c3376aff0e43dd5788709df48a843,SP,eletronicos,1,10,2,2,10.00
1996942dc085d7773ba77a529b163cd0,SP,relogios_presentes,8,10,3,1,80.00
1996942dc085d7773ba77a529b163cd0,SP,market_place,1,10,3,2,10.00
1996942dc085d7773ba77a529b163cd0,SP,agro_industria_e_comercio,1,10,3,3,10.00
1acde099eb406aa220b1169b188b42da,SP,moveis_decoracao,10,10,1,1,100.00
262237171f48e85819065498cac80d7b,SC,esporte_lazer,10,10,1,1,100.00
2aa3443d7bf9d9bb11133f420d75e083,RJ,esporte_lazer,7,10,3,1,70.00
2aa3443d7bf9d9bb11133f420d75e083,RJ,utilidades_domesticas,2,10,3,2,20.00
2aa3443d7bf9d9bb11133f420d75e083,RJ,ferramentas_jardim,1,10,3,3,10.00
2d2322d842118867781fc737e96d59a1,SP,beleza_saude,10,10,1,1,100.00
2f4b0d3b9634b647d4edee577d7ebb7e,SP,perfumaria,10,10,1,1,100.00
2fdde51ad3e12f297da656d4fbd5d0b5,SC,ferramentas_jardim,8,10,2,1,80.00
2fdde51ad3e12f297da656d4fbd5d0b5,SC,automotivo,2,10,2,2,20.00
312ba1d77e9c332ef21f9598b7f64cd7,SP,brinquedos,9,10,2,1,90.00
312ba1d77e9c332ef21f9598b7f64cd7,SP,bebes,1,10,2,2,10.00
33d677f27a69b84051204ee4ae76eaca,SC,alimentos_bebidas,5,10,3,1,50.00
33d677f27a69b84051204ee4ae76eaca,SC,utilidades_domesticas,3,10,3,2,30.00
33d677f27a69b84051204ee4ae76eaca,SC,moveis_decoracao,2,10,3,3,20.00
392353362d22cc2c236e1ee81ff19890,SC,construcao_ferramentas_construcao,9,10,2,1,90.00
392353362d22cc2c236e1ee81ff19890,SC,casa_construcao,1,10,2,2,10.00
3968920b9aa752ab98f7d5888c9252f2,SP,utilidades_domesticas,7,10,4,1,70.00
3968920b9aa752ab98f7d5888c9252f2,SP,perfumaria,1,10,4,4,10.00
3968920b9aa752ab98f7d5888c9252f2,SP,papelaria,1,10,4,3,10.00
3968920b9aa752ab98f7d5888c9252f2,SP,moveis_decoracao,1,10,4,2,10.00
3d2531eccfbde1d7c8db7a3a12fb267a,MG,beleza_saude,10,10,1,1,100.00
3d4824f20035949c710eaf111f869d39,SP,musica,3,10,7,1,30.00
3d4824f20035949c710eaf111f869d39,SP,automotivo,2,10,7,2,20.00
3d4824f20035949c710eaf111f869d39,SP,cool_stuff,1,10,7,6,10.00
3d4824f20035949c710eaf111f869d39,SP,eletroportateis,1,10,7,7,10.00
3d4824f20035949c710eaf111f869d39,SP,brinquedos,1,10,7,3,10.00
3d4824f20035949c710eaf111f869d39,SP,informatica_acessorios,1,10,7,4,10.00
3d4824f20035949c710eaf111f869d39,SP,utilidades_domesticas,1,10,7,5,10.00
3d621842b2ed28e2b474132480edac3c,SP,automotivo,10,10,1,1,100.00
3e8bd881d92466e63ba9e3e809cd3c50,RJ,eletronicos,4,10,4,1,40.00
3e8bd881d92466e63ba9e3e809cd3c50,RJ,consoles_games,3,10,4,2,30.00
3e8bd881d92466e63ba9e3e809cd3c50,RJ,informatica_acessorios,2,10,4,3,20.00
3e8bd881d92466e63ba9e3e809cd3c50,RJ,cool_stuff,1,10,4,4,10.00
3f0e48d209018b466fcd3bb4ccfeb520,PR,pet_shop,10,10,1,1,100.00
402916f742e5c740cc751493d9cf5053,MG,beleza_saude,6,10,3,1,60.00
402916f742e5c740cc751493d9cf5053,MG,alimentos,2,10,3,2,20.00
402916f742e5c740cc751493d9cf5053,MG,esporte_lazer,2,10,3,3,20.00
406740ee611378a662d274c7d8c43c4a,ES,telefonia_fixa,6,10,2,1,60.00
406740ee611378a662d274c7d8c43c4a,ES,informatica_acessorios,4,10,2,2,40.00
41b14765bd56c8ad10971074380f9c0c,SP,informatica_acessorios,10,10,1,1,100.00
53b0300ca793f9834cd69c0678d35ee8,SP,construcao_ferramentas_construcao,10,10,1,1,100.00
54583ab379489add547fe47b628db589,SP,bebes,8,10,2,1,80.00
54583ab379489add547fe47b628db589,SP,relogios_presentes,2,10,2,2,20.00
55c96925041a14097b6a7825554f4ad5,SP,moveis_decoracao,10,10,1,1,100.00
56e361f411e38dcef17cdc2a3d99628b,SP,sinalizacao_e_seguranca,6,10,2,1,60.00
56e361f411e38dcef17cdc2a3d99628b,SP,informatica_acessorios,4,10,2,2,40.00
59cea8e446d3834393058e7e0666b6fb,PR,beleza_saude,4,10,4,2,40.00
59cea8e446d3834393058e7e0666b6fb,PR,informatica_acessorios,4,10,4,1,40.00
59cea8e446d3834393058e7e0666b6fb,PR,automotivo,1,10,4,4,10.00
59cea8e446d3834393058e7e0666b6fb,PR,papelaria,1,10,4,3,10.00
5b2e94f2c22b39ccc24d34ad0f669672,SP,automotivo,10,10,1,1,100.00
5c030029b5916fed0986310385ec9009,SC,utilidades_domesticas,10,10,1,1,100.00
5c3460cd3e8a984382ae254e7dd20d9f,SP,bebes,10,10,1,1,100.00
5f26c1408a65b42a7224cd463bdf3292,PR,beleza_saude,8,10,2,1,80.00
5f26c1408a65b42a7224cd463bdf3292,PR,alimentos,2,10,2,2,20.00
6b9b80d53ba3676eafe60268a810b5a1,SP,esporte_lazer,10,10,1,1,100.00
6eb94e1466490d327a09abf8f3552a50,SP,papelaria,5,10,2,1,50.00
6eb94e1466490d327a09abf8f3552a50,SP,beleza_saude,5,10,2,2,50.00
70b52a4cfc823994561b00bad161b4ed,SP,automotivo,10,10,1,1,100.00
76c47a299e4a8fe992316a85865acbe9,SP,beleza_saude,10,10,1,1,100.00
7fdb0720c8d7c9075538b365dc8c3a22,PR,moveis_quarto,5,10,3,1,50.00
7fdb0720c8d7c9075538b365dc8c3a22,PR,moveis_sala,4,10,3,2,40.00
7fdb0720c8d7c9075538b365dc8c3a22,PR,moveis_decoracao,1,10,3,3,10.00
851773c885feb5e2da3b4f82bc2b17ce,SP,beleza_saude,10,10,1,1,100.00
8d899e15a5925f097cca50faa49b15e3,SP,moveis_decoracao,9,10,2,1,90.00
8d899e15a5925f097cca50faa49b15e3,SP,construcao_ferramentas_iluminacao,1,10,2,2,10.00
9198786624eaeb375793215cad26cfa6,SC,esporte_lazer,5,10,3,1,50.00
9198786624eaeb375793215cad26cfa6,SC,moveis_decoracao,3,10,3,2,30.00
9198786624eaeb375793215cad26cfa6,SC,informatica_acessorios,2,10,3,3,20.00
9449f25aeaf531019b76999ea49a6949,RJ,beleza_saude,10,10,1,1,100.00
9d39404483343dd55c7ae254494d8388,SP,telefonia,10,10,1,1,100.00
9dd59e43f0c9f0553244e8f9c2fb247e,PR,perfumaria,10,10,1,1,100.00
a0415d9b25ede3c4b1e477e9916ffc03,RJ,relogios_presentes,7,10,2,1,70.00
a0415d9b25ede3c4b1e477e9916ffc03,RJ,fashion_bolsas_e_acessorios,3,10,2,2,30.00
a13580f0e8f782b7a543885a0ef99f08,RJ,perfumaria,6,10,2,1,60.00
a13580f0e8f782b7a543885a0ef99f08,RJ,telefonia,4,10,2,2,40.00
ab3e0c171fe84a7ba7de130f19cfb485,PR,moveis_decoracao,5,10,2,1,50.00
ab3e0c171fe84a7ba7de130f19cfb485,PR,utilidades_domesticas,5,10,2,2,50.00
ade45994b717ccee333492330fbf037b,PR,telefonia,10,10,1,1,100.00
b127efdabeffb5d559349c7b172eb75d,SP,fashion_bolsas_e_acessorios,10,10,1,1,100.00
c42fd8e4d47dfb18ce5222f2dd7752f9,SP,moveis_decoracao,9,10,2,1,90.00
c42fd8e4d47dfb18ce5222f2dd7752f9,SP,perfumaria,1,10,2,2,10.00
c878515173c84a492ebe50d6b493230b,PR,esporte_lazer,5,10,4,1,50.00
c878515173c84a492ebe50d6b493230b,PR,moveis_decoracao,2,10,4,3,20.00
c878515173c84a492ebe50d6b493230b,PR,fashion_bolsas_e_acessorios,2,10,4,2,20.00
c878515173c84a492ebe50d6b493230b,PR,automotivo,1,10,4,4,10.00
ca77545ca4d2dfd1431bf61334e2fa3c,PR,esporte_lazer,9,10,2,1,90.00
ca77545ca4d2dfd1431bf61334e2fa3c,PR,beleza_saude,1,10,2,2,10.00
caa9bc43a9fe8cf9c564ddd8a03cc4a6,SP,brinquedos,10,10,1,1,100.00
cac63f48c38cd7d002a7e846dcd99a23,SP,brinquedos,10,10,1,1,100.00
cbf09e831b0c11f6f23ffb51004db972,SP,utilidades_domesticas,8,10,2,1,80.00
cbf09e831b0c11f6f23ffb51004db972,SP,moveis_cozinha_area_de_servico_jantar_e_jardim,2,10,2,2,20.00
d7485b33791774c36108f8c69602d48d,PR,esporte_lazer,10,10,1,1,100.00
d94ba08b99bedd6a5f6c875ecc4a6fac,PR,utilidades_domesticas,10,10,1,1,100.00
e1b12447a7563944843191754aeb5562,SP,esporte_lazer,5,10,4,1,50.00
e1b12447a7563944843191754aeb5562,SP,telefonia,3,10,4,2,30.00
e1b12447a7563944843191754aeb5562,SP,sinalizacao_e_seguranca,1,10,4,3,10.00
e1b12447a7563944843191754aeb5562,SP,industria_comercio_e_negocios,1,10,4,4,10.00
e627629ba868740e287800f1a9be81c2,SP,alimentos_bebidas,8,10,2,1,80.00
e627629ba868740e287800f1a9be81c2,SP,esporte_lazer,2,10,2,2,20.00
e644cbadf7eeb30d0d29f335ce7d52ec,SP,esporte_lazer,6,10,3,1,60.00
e644cbadf7eeb30d0d29f335ce7d52ec,SP,consoles_games,3,10,3,2,30.00
e644cbadf7eeb30d0d29f335ce7d52ec,SP,telefonia,1,10,3,3,10.00
e9c6969d40e6a3d2d0f90013165c2b98,SP,pet_shop,10,10,1,1,100.00
eb4df17aed01d918c65f0f8d650900c0,SP,automotivo,10,10,1,1,100.00
f1b93673502375d491780bb49d615dbc,SP,construcao_ferramentas_construcao,4,10,3,1,40.00
f1b93673502375d491780bb49d615dbc,SP,moveis_sala,3,10,3,3,30.00
f1b93673502375d491780bb49d615dbc,SP,utilidades_domesticas,3,10,3,2,30.00
f44b6f775a2b390380e0e30b5c9d3eee,SP,cool_stuff,8,10,2,1,80.00
f44b6f775a2b390380e0e30b5c9d3eee,SP,bebes,2,10,2,2,20.00
f5f46307a4d15880ca14fab4ad9dfc9b,SC,esporte_lazer,5,10,3,1,50.00
f5f46307a4d15880ca14fab4ad9dfc9b,SC,cool_stuff,3,10,3,2,30.00
f5f46307a4d15880ca14fab4ad9dfc9b,SC,utilidades_domesticas,2,10,3,3,20.00
f8201cab383e484733266d1906e2fdfa,SC,cool_stuff,10,10,1,1,100.00
fac1a9017ade7bdc94058fc1c969f355,SP,informatica_acessorios,9,10,2,1,90.00
fac1a9017ade7bdc94058fc1c969f355,SP,esporte_lazer,1,10,2,2,10.00
fec6275253471ace26d209bbaa64cd0f,RJ,beleza_saude,10,10,1,1,100.00
039b29ff3b3473435d0cd59040575de9,SP,musica,5,9,2,1,55.56
039b29ff3b3473435d0cd59040575de9,SP,dvds_blu_ray,4,9,2,2,44.44
03a2a6dcbe45d639c4dc2a0d24769c40,SP,ferramentas_jardim,9,9,1,1,100.00
06532f10282704ef4c69168b914b77be,PR,ferramentas_jardim,8,9,2,1,88.89
06532f10282704ef4c69168b914b77be,PR,casa_construcao,1,9,2,2,11.11
07de60b03d150fb3ea09eab5da5e4c8b,SP,cama_mesa_banho,9,9,1,1,100.00
0bebbb2cea103a4a020c95d43fd7d754,SP,beleza_saude,8,9,2,1,88.89
0bebbb2cea103a4a020c95d43fd7d754,SP,bebidas,1,9,2,2,11.11
10ff823eda2b032e2c93d17a7d294736,SP,utilidades_domesticas,7,9,2,1,77.78
10ff823eda2b032e2c93d17a7d294736,SP,automotivo,2,9,2,2,22.22
134a288e7de827ec5ec62e3ec9c3a295,SP,livros_tecnicos,8,9,2,1,88.89
134a288e7de827ec5ec62e3ec9c3a295,SP,eletronicos,1,9,2,2,11.11
13c2ed7698b3ca92dad49e849219da59,PR,perfumaria,9,9,1,1,100.00
1782ce2db72c3dda627d5e7c898104e1,SP,esporte_lazer,5,9,2,1,55.56
1782ce2db72c3dda627d5e7c898104e1,SP,relogios_presentes,4,9,2,2,44.44
1976a05ecf2996d6ffb7b5430e635fe7,SP,moveis_decoracao,3,9,4,1,33.33
1976a05ecf2996d6ffb7b5430e635fe7,SP,utilidades_domesticas,3,9,4,2,33.33
1976a05ecf2996d6ffb7b5430e635fe7,SP,eletrodomesticos,2,9,4,3,22.22
1976a05ecf2996d6ffb7b5430e635fe7,SP,cool_stuff,1,9,4,4,11.11
1bb3812d5f0747a3ab7348f199001a10,SP,esporte_lazer,9,9,1,1,100.00
1cbd50a8c52e6cf8e315c5709fab386f,PR,telefonia,3,9,5,1,33.33
1cbd50a8c52e6cf8e315c5709fab386f,PR,automotivo,2,9,5,2,22.22
1cbd50a8c52e6cf8e315c5709fab386f,PR,informatica_acessorios,2,9,5,3,22.22
1cbd50a8c52e6cf8e315c5709fab386f,PR,consoles_games,1,9,5,5,11.11
1cbd50a8c52e6cf8e315c5709fab386f,PR,audio,1,9,5,4,11.11
2379bdc3888025689a9deb7b141507d5,SP,perfumaria,7,9,2,1,77.78
2379bdc3888025689a9deb7b141507d5,SP,beleza_saude,2,9,2,2,22.22
3076499bbc033a927bf4a8a41bcf7fd4,SP,moveis_decoracao,7,9,2,1,77.78
3076499bbc033a927bf4a8a41bcf7fd4,SP,papelaria,2,9,2,2,22.22
3492e68f37fd1df87f4f2f2ea247f445,SP,automotivo,6,9,3,1,66.67
3492e68f37fd1df87f4f2f2ea247f445,SP,artes,2,9,3,2,22.22
3492e68f37fd1df87f4f2f2ea247f445,SP,brinquedos,1,9,3,3,11.11
3d4b1ae7539303b5704493798893e82c,SP,instrumentos_musicais,7,9,2,1,77.78
3d4b1ae7539303b5704493798893e82c,SP,informatica_acessorios,2,9,2,2,22.22
4049512728d969bec69f84088b012416,MG,esporte_lazer,6,9,2,1,66.67
4049512728d969bec69f84088b012416,MG,cool_stuff,3,9,2,2,33.33
42fa4ee7240e9b8eb4576358ec142ba7,RS,utilidades_domesticas,6,9,2,1,66.67
42fa4ee7240e9b8eb4576358ec142ba7,RS,papelaria,3,9,2,2,33.33
4ef4c39cf3c24f326434cf0b2e48046a,SP,esporte_lazer,9,9,1,1,100.00
538caafddff204241cecbf3a02e6b3cf,SP,bebes,9,9,1,1,100.00
55dedd83e501d8248880557d9073cbfd,RJ,beleza_saude,9,9,1,1,100.00
5962468f885ea01a1b6a97a218797b0a,PR,papelaria,9,9,1,1,100.00
5b35136197710e16ac5e7b7c2bd4ea85,RJ,utilidades_domesticas,9,9,1,1,100.00
5ee7fd217d08dfe5d3e2f51f96a12c9a,SP,automotivo,7,9,2,1,77.78
5ee7fd217d08dfe5d3e2f51f96a12c9a,SP,pet_shop,2,9,2,2,22.22
5eeb9c756d9780b96283e5a2ac6da334,SP,esporte_lazer,9,9,1,1,100.00
65a7c0788e4d632ccb5e1b594b87f0bb,SP,bebidas,9,9,1,1,100.00
6c99c983ce3b6ba0ab813e6790e81691,MG,brinquedos,8,9,2,1,88.89
6c99c983ce3b6ba0ab813e6790e81691,MG,bebes,1,9,2,2,11.11
6f83d9e4da896daae20b9b6b2d3ff8d2,PR,utilidades_domesticas,9,9,1,1,100.00
71dc18fd8cbf5fd77f45dd8b427abb34,PR,ferramentas_jardim,9,9,1,1,100.00
75a4764c108403a7a0575140cb22287c,RS,utilidades_domesticas,8,9,2,1,88.89
75a4764c108403a7a0575140cb22287c,RS,moveis_sala,1,9,2,2,11.11
7813ea3ebd9411dc600b4dd01f7a97b9,SP,telefonia,8,9,2,1,88.89
7813ea3ebd9411dc600b4dd01f7a97b9,SP,automotivo,1,9,2,2,11.11
7f5e4d5efad7e44b91115dd1decb65f3,SP,informatica_acessorios,9,9,1,1,100.00
822b63912576852aea9a8436d72317b7,SP,consoles_games,9,9,1,1,100.00
85cc55e048b6bcc90c75afe7f0e72f72,RJ,informatica_acessorios,4,9,5,1,44.44
85cc55e048b6bcc90c75afe7f0e72f72,RJ,brinquedos,2,9,5,2,22.22
85cc55e048b6bcc90c75afe7f0e72f72,RJ,construcao_ferramentas_iluminacao,1,9,5,3,11.11
85cc55e048b6bcc90c75afe7f0e72f72,RJ,sinalizacao_e_seguranca,1,9,5,4,11.11
85cc55e048b6bcc90c75afe7f0e72f72,RJ,agro_industria_e_comercio,1,9,5,5,11.11
8603f0038fe0e52fedd3382d266723de,SC,eletrodomesticos_2,4,9,4,1,44.44
8603f0038fe0e52fedd3382d266723de,SC,moveis_quarto,3,9,4,2,33.33
8603f0038fe0e52fedd3382d266723de,SC,moveis_decoracao,1,9,4,3,11.11
8603f0038fe0e52fedd3382d266723de,SC,moveis_cozinha_area_de_servico_jantar_e_jardim,1,9,4,4,11.11
8a9260f2b0340411d6d2a56bcf4f7378,MG,alimentos,5,9,4,1,55.56
8a9260f2b0340411d6d2a56bcf4f7378,MG,ferramentas_jardim,2,9,4,2,22.22
8a9260f2b0340411d6d2a56bcf4f7378,MG,agro_industria_e_comercio,1,9,4,3,11.11
8a9260f2b0340411d6d2a56bcf4f7378,MG,beleza_saude,1,9,4,4,11.11
8b2d4ab22f42c5cfc338b846decfda60,PR,esporte_lazer,8,9,2,1,88.89
8b2d4ab22f42c5cfc338b846decfda60,PR,utilidades_domesticas,1,9,2,2,11.11
8c0de775f52fe41590b376a3b7c50f68,SP,esporte_lazer,9,9,1,1,100.00
9539213aa8e023c01937bef95dc006da,SP,utilidades_domesticas,9,9,1,1,100.00
95b293867b5862941c9cd74f756a3c68,SP,telefonia,6,9,2,1,66.67
95b293867b5862941c9cd74f756a3c68,SP,audio,3,9,2,2,33.33
9bc484c87d79cd4874e05ca182658045,SP,construcao_ferramentas_construcao,5,9,4,1,55.56
9bc484c87d79cd4874e05ca182658045,SP,beleza_saude,2,9,4,2,22.22
9bc484c87d79cd4874e05ca182658045,SP,construcao_ferramentas_iluminacao,1,9,4,4,11.11
9bc484c87d79cd4874e05ca182658045,SP,ferramentas_jardim,1,9,4,3,11.11
a1bea7061f61f6fdd9a85a6325ba1033,SP,telefonia,2,9,8,1,22.22
a1bea7061f61f6fdd9a85a6325ba1033,SP,eletronicos,1,9,8,6,11.11
a1bea7061f61f6fdd9a85a6325ba1033,SP,cool_stuff,1,9,8,5,11.11
a1bea7061f61f6fdd9a85a6325ba1033,SP,esporte_lazer,1,9,8,4,11.11
a1bea7061f61f6fdd9a85a6325ba1033,SP,beleza_saude,1,9,8,3,11.11
a1bea7061f61f6fdd9a85a6325ba1033,SP,automotivo,1,9,8,2,11.11
a1bea7061f61f6fdd9a85a6325ba1033,SP,relogios_presentes,1,9,8,8,11.11
a1bea7061f61f6fdd9a85a6325ba1033,SP,informatica_acessorios,1,9,8,7,11.11
a36ac007a4d18f865c8d32c3b2402c2d,SP,ferramentas_jardim,7,9,2,1,77.78
a36ac007a4d18f865c8d32c3b2402c2d,SP,moveis_decoracao,2,9,2,2,22.22
a478c7961d6a992065b24e63b366f90b,SC,casa_construcao,8,9,2,1,88.89
a478c7961d6a992065b24e63b366f90b,SC,moveis_decoracao,1,9,2,2,11.11
ad75519a07f039025e83795a4418470f,GO,bebidas,9,9,1,1,100.00
b248792ac0b60ec3f93d80af1b4fae47,SP,esporte_lazer,8,9,2,1,88.89
b248792ac0b60ec3f93d80af1b4fae47,SP,alimentos,1,9,2,2,11.11
b6e1504972665f739dec4facb9943775,SP,ferramentas_jardim,5,9,2,1,55.56
b6e1504972665f739dec4facb9943775,SP,automotivo,4,9,2,2,44.44
b8578d2d823bd8e251f6fdd02b40902d,SC,esporte_lazer,9,9,1,1,100.00
b87a7ea0c30fad2dd6781b74a0064859,SP,automotivo,9,9,1,1,100.00
bafc5aa11e413978be29040f51342e70,MG,papelaria,9,9,1,1,100.00
bd149ed516d4c5d418d5781f8e18919f,SP,moveis_decoracao,9,9,1,1,100.00
c0098efcf800861dcae589affca31408,SP,automotivo,9,9,1,1,100.00
c33a5c3c983090c8b78a28e65052a20d,SC,perfumaria,9,9,1,1,100.00
c35affa65afd250151285c5917fc1c8a,SP,automotivo,9,9,1,1,100.00
c458e2045a8aa8964f8879af03fdcce6,SP,telefonia_fixa,9,9,1,1,100.00
c4f7fee5b0db50e87766f5a4d1b1b758,SP,cool_stuff,5,9,4,1,55.56
c4f7fee5b0db50e87766f5a4d1b1b758,SP,construcao_ferramentas_ferramentas,2,9,4,2,22.22
c4f7fee5b0db50e87766f5a4d1b1b758,SP,telefonia,1,9,4,4,11.11
c4f7fee5b0db50e87766f5a4d1b1b758,SP,automotivo,1,9,4,3,11.11
c500367424994318b9e779ff1ae9a330,SP,bebes,6,9,3,1,66.67
c500367424994318b9e779ff1ae9a330,SP,cool_stuff,2,9,3,2,22.22
c500367424994318b9e779ff1ae9a330,SP,malas_acessorios,1,9,3,3,11.11
c64a2aec32cc408a8a4c6d7c46017f91,RS,casa_construcao,9,9,1,1,100.00
c7a0a13cbcf29d5ce51c8f80afdc0b89,SC,fashion_bolsas_e_acessorios,7,9,2,1,77.78
c7a0a13cbcf29d5ce51c8f80afdc0b89,SC,moveis_decoracao,2,9,2,2,22.22
c8cc60ffd415254af5d9b9f34f32c369,SP,pet_shop,9,9,1,1,100.00
cf8ab1616079e2793aa29d524df01bb1,SP,esporte_lazer,9,9,1,1,100.00
d0d70d21e2234dd7cd3cf63fe414148a,PB,cama_mesa_banho,9,9,1,1,100.00
d1582f4043306e6b91afa6a8a884f898,SP,brinquedos,9,9,1,1,100.00
d3dcf0604eabf0224fbd5948b5e02f69,SP,brinquedos,4,9,4,1,44.44
d3dcf0604eabf0224fbd5948b5e02f69,SP,instrumentos_musicais,3,9,4,2,33.33
d3dcf0604eabf0224fbd5948b5e02f69,SP,musica,1,9,4,3,11.11
d3dcf0604eabf0224fbd5948b5e02f69,SP,construcao_ferramentas_construcao,1,9,4,4,11.11
daf565f087a52def0fd5c5825b3661bc,SC,cama_mesa_banho,9,9,1,1,100.00
e8dba4d70f7f2b20e775d09cae01142d,SP,esporte_lazer,7,9,2,1,77.78
e8dba4d70f7f2b20e775d09cae01142d,SP,malas_acessorios,2,9,2,2,22.22
ead2bab70821ea148476ae9bc08548ac,MG,fashion_bolsas_e_acessorios,9,9,1,1,100.00
ed9eef5be0992d413d251fadba1a410d,SP,moveis_decoracao,9,9,1,1,100.00
ef30892870c278497523264be1be2241,SP,papelaria,9,9,1,1,100.00
f35b3c613c4f7b2275f4185d0a3c59ec,SP,esporte_lazer,8,9,2,1,88.89
f35b3c613c4f7b2275f4185d0a3c59ec,SP,beleza_saude,1,9,2,2,11.11
f9ec7093df3a7b346b7bcf7864069ca3,SP,utilidades_domesticas,3,9,5,1,33.33
f9ec7093df3a7b346b7bcf7864069ca3,SP,esporte_lazer,2,9,5,3,22.22
f9ec7093df3a7b346b7bcf7864069ca3,SP,bebes,2,9,5,2,22.22
f9ec7093df3a7b346b7bcf7864069ca3,SP,brinquedos,1,9,5,4,11.11
f9ec7093df3a7b346b7bcf7864069ca3,SP,moveis_decoracao,1,9,5,5,11.11
fe1bbc5feda5c8979a8a1b3b2512d5a6,MG,esporte_lazer,9,9,1,1,100.00
ff4ea69c2a729e83e63c7579e4ef8170,SP,eletroportateis,9,9,1,1,100.00
024b564ae893ce8e9bfa02c10a401ece,SP,market_place,6,8,2,1,75.00
024b564ae893ce8e9bfa02c10a401ece,SP,instrumentos_musicais,2,8,2,2,25.00
034b9387752bfa309f350a70cd45ffa3,SC,brinquedos,8,8,1,1,100.00
05e107217c7266362fd44b75b2cd4cc4,SP,papelaria,8,8,1,1,100.00
081acf3de680d554796c9cf041be7bc2,MG,moveis_decoracao,7,8,2,1,87.50
081acf3de680d554796c9cf041be7bc2,MG,construcao_ferramentas_iluminacao,1,8,2,2,12.50
0aea4c6ae1505b3228ddf3dd7822ee5b,SP,relogios_presentes,8,8,1,1,100.00
15ead3a5037a918ddb520dfe39a3d2b9,MG,livros_interesse_geral,8,8,1,1,100.00
15fa791d5e017f66402dc28c44480657,SP,bebes,8,8,1,1,100.00
1b45169b635ef59425637e9a33eb5fb3,PR,utilidades_domesticas,4,8,4,1,50.00
1b45169b635ef59425637e9a33eb5fb3,PR,automotivo,2,8,4,2,25.00
1b45169b635ef59425637e9a33eb5fb3,PR,bebidas,1,8,4,3,12.50
1b45169b635ef59425637e9a33eb5fb3,PR,brinquedos,1,8,4,4,12.50
1dd33b8119b3cb1056ed5dc88cd0aaf4,SP,instrumentos_musicais,8,8,1,1,100.00
27a56ff04b34c2ba34ce6ba4d3b9d616,SP,market_place,6,8,2,1,75.00
27a56ff04b34c2ba34ce6ba4d3b9d616,SP,esporte_lazer,2,8,2,2,25.00
282c7480173bb9c01dd41cc739fec010,SP,beleza_saude,7,8,2,1,87.50
282c7480173bb9c01dd41cc739fec010,SP,cool_stuff,1,8,2,2,12.50
297d5eccd19fa9a83b2630071ff105e4,PR,utilidades_domesticas,8,8,1,1,100.00
2bf28e311bba65237358230cabac3f15,PR,construcao_ferramentas_jardim,5,8,3,1,62.50
2bf28e311bba65237358230cabac3f15,PR,moveis_cozinha_area_de_servico_jantar_e_jardim,2,8,3,2,25.00
2bf28e311bba65237358230cabac3f15,PR,utilidades_domesticas,1,8,3,3,12.50
2f09f7d37a97956d11cc1a7cadd5262b,SP,esporte_lazer,6,8,2,1,75.00
2f09f7d37a97956d11cc1a7cadd5262b,SP,brinquedos,2,8,2,2,25.00
34f563c82a85b99ae9e6d60db5fc2e28,RS,instrumentos_musicais,5,8,3,1,62.50
34f563c82a85b99ae9e6d60db5fc2e28,RS,construcao_ferramentas_iluminacao,2,8,3,2,25.00
34f563c82a85b99ae9e6d60db5fc2e28,RS,climatizacao,1,8,3,3,12.50
3771c85bac139d2344864ede5d9341e3,SP,cama_mesa_banho,8,8,1,1,100.00
37dd29b36c458d82f74a953c40c43645,SP,casa_construcao,8,8,1,1,100.00
3985a3c45be355a4c57fde108bfabd1c,RS,consoles_games,8,8,1,1,100.00
39a5005f2605cbdb4f9ac14485cabfd1,SP,automotivo,8,8,1,1,100.00
3a490ba60afa30ece0e7d50cfe74a4f0,MG,fashion_bolsas_e_acessorios,8,8,1,1,100.00
3c3017960b2dbd72711a61f0400aab8f,SC,moveis_decoracao,7,8,2,1,87.50
3c3017960b2dbd72711a61f0400aab8f,SC,utilidades_domesticas,1,8,2,2,12.50
3d39fbf22a665714baf62fae36029e23,SP,esporte_lazer,6,8,2,1,75.00
3d39fbf22a665714baf62fae36029e23,SP,ferramentas_jardim,2,8,2,2,25.00
4091f77d8c768fc3e81c20761471761d,SP,bebes,8,8,1,1,100.00
455c5640e8c5bd1b2ee85c0158f85727,SC,instrumentos_musicais,5,8,4,1,62.50
455c5640e8c5bd1b2ee85c0158f85727,SC,cool_stuff,1,8,4,4,12.50
455c5640e8c5bd1b2ee85c0158f85727,SC,automotivo,1,8,4,2,12.50
455c5640e8c5bd1b2ee85c0158f85727,SC,brinquedos,1,8,4,3,12.50
4b1eaadf791bdbbad8c4a35b65236d52,SP,consoles_games,8,8,1,1,100.00
4c61e37f664c3c88aff092aa5ac779d7,RJ,consoles_games,7,8,2,1,87.50
4c61e37f664c3c88aff092aa5ac779d7,RJ,informatica_acessorios,1,8,2,2,12.50
4cf490a58259286ada5ba8525ba9e84a,SP,cool_stuff,8,8,1,1,100.00
4d0041cdbe51b4617d95c70b19decc74,MG,automotivo,8,8,1,1,100.00
4d600e08ecbe08258c79e536c5a42fee,PR,relogios_presentes,7,8,2,1,87.50
4d600e08ecbe08258c79e536c5a42fee,PR,market_place,1,8,2,2,12.50
4eb61f060e7dcc1d5a80d806c35cc541,SP,eletrodomesticos_2,7,8,2,1,87.50
4eb61f060e7dcc1d5a80d806c35cc541,SP,utilidades_domesticas,1,8,2,2,12.50
52a52b9f656520e99716f5bc40f661c8,SP,moveis_decoracao,8,8,1,1,100.00
577719699805dd125d5b6fdde5943bba,RS,utilidades_domesticas,6,8,3,1,75.00
577719699805dd125d5b6fdde5943bba,RS,bebidas,1,8,3,3,12.50
577719699805dd125d5b6fdde5943bba,RS,construcao_ferramentas_construcao,1,8,3,2,12.50
579891617139df7d8671d373f0669622,RJ,livros_interesse_geral,7,8,2,1,87.50
579891617139df7d8671d373f0669622,RJ,livros_tecnicos,1,8,2,2,12.50
5e105f5c9f63f5f1fd75d6cb942e55b1,SP,utilidades_domesticas,8,8,1,1,100.00
5fd924b4836098a5be0ecf81ba054ce0,SP,ferramentas_jardim,8,8,1,1,100.00
67225bff54a172ff67579aaf583efd78,PA,esporte_lazer,8,8,1,1,100.00
6861de0f40cacb0602e473c51639f980,PR,moveis_escritorio,8,8,1,1,100.00
6e4a902d1054e4e17aa6eab87fac1c75,SP,eletrodomesticos,4,8,3,1,50.00
6e4a902d1054e4e17aa6eab87fac1c75,SP,alimentos,3,8,3,2,37.50
6e4a902d1054e4e17aa6eab87fac1c75,SP,eletroportateis,1,8,3,3,12.50
70125af26c2d6d4ef401a1d02ae7701f,GO,esporte_lazer,8,8,1,1,100.00
71271995e85f5b8530be99ed54a91b89,RS,utilidades_domesticas,8,8,1,1,100.00
725af026f869236a8dd0ceb98564d156,MG,utilidades_domesticas,8,8,1,1,100.00
73b8eb4a9a729d4019b24ed1be748cbf,SP,automotivo,6,8,2,1,75.00
73b8eb4a9a729d4019b24ed1be748cbf,SP,brinquedos,2,8,2,2,25.00
7b98de631987e26dd6d803490c43a13c,PR,construcao_ferramentas_construcao,6,8,2,1,75.00
7b98de631987e26dd6d803490c43a13c,PR,casa_construcao,2,8,2,2,25.00
7ecef8194babfec876ca720714327841,SP,construcao_ferramentas_construcao,5,8,3,1,62.50
7ecef8194babfec876ca720714327841,SP,utilidades_domesticas,2,8,3,2,25.00
7ecef8194babfec876ca720714327841,SP,casa_construcao,1,8,3,3,12.50
8185694b58b2ba6de20fd41ae608bbea,SP,moveis_decoracao,6,8,2,1,75.00
8185694b58b2ba6de20fd41ae608bbea,SP,papelaria,2,8,2,2,25.00
87e24fc7052259b1f7f607d61c10d8be,SP,telefonia,6,8,3,1,75.00
87e24fc7052259b1f7f607d61c10d8be,SP,brinquedos,1,8,3,2,12.50
87e24fc7052259b1f7f607d61c10d8be,SP,automotivo,1,8,3,3,12.50
89de2d6f23e9746ff309705b23581faa,PR,livros_tecnicos,8,8,1,1,100.00
8c3b533c63cca56240f94f1e3a6b18ef,MG,moveis_decoracao,7,8,2,1,87.50
8c3b533c63cca56240f94f1e3a6b18ef,MG,ferramentas_jardim,1,8,2,2,12.50
8f2b51a30523cdecddc2f179f351c7d6,SP,automotivo,8,8,1,1,100.00
8f580d36c1e9d6fbce95283403c7d447,SP,automotivo,8,8,1,1,100.00
8fbd63429be6d3e5e6d1a709b6464802,SP,automotivo,8,8,1,1,100.00
8ff38bc3969e67c36c48343a07090f66,SP,automotivo,8,8,1,1,100.00
9140bd1d9de28b197dce077bdd687438,SP,esporte_lazer,8,8,1,1,100.00
94b9108d4b637ba65bb4f1e53cfcf8d8,SP,eletronicos,5,8,2,1,62.50
94b9108d4b637ba65bb4f1e53cfcf8d8,SP,bebes,3,8,2,2,37.50
9a1aea68d3efa00862ec88c0768037d0,SP,eletrodomesticos_2,6,8,2,1,75.00
9a1aea68d3efa00862ec88c0768037d0,SP,climatizacao,2,8,2,2,25.00
9c7fd21e0aa159b20da593371f08ff7c,SP,telefonia_fixa,3,8,4,1,37.50
9c7fd21e0aa159b20da593371f08ff7c,SP,telefonia,3,8,4,2,37.50
9c7fd21e0aa159b20da593371f08ff7c,SP,informatica_acessorios,1,8,4,4,12.50
9c7fd21e0aa159b20da593371f08ff7c,SP,ferramentas_jardim,1,8,4,3,12.50
a06c8ff043abea0528ee44171e2140a2,MG,bebes,6,8,3,1,75.00
a06c8ff043abea0528ee44171e2140a2,MG,beleza_saude,1,8,3,3,12.50
a06c8ff043abea0528ee44171e2140a2,MG,utilidades_domesticas,1,8,3,2,12.50
a1544b9ea0b2390e020537d4daa89049,SP,fashion_bolsas_e_acessorios,8,8,1,1,100.00
a414555ce331b8c8aea4a9cb8395194d,SP,ferramentas_jardim,4,8,3,1,50.00
a414555ce331b8c8aea4a9cb8395194d,SP,eletrodomesticos_2,3,8,3,2,37.50
a414555ce331b8c8aea4a9cb8395194d,SP,utilidades_domesticas,1,8,3,3,12.50
a5259c149128e82c9d6d46e0c1c812bb,RO,automotivo,8,8,1,1,100.00
ac6417315ae5da8f9a38ee11de6f7780,SP,ferramentas_jardim,4,8,4,1,50.00
ac6417315ae5da8f9a38ee11de6f7780,SP,utilidades_domesticas,2,8,4,2,25.00
ac6417315ae5da8f9a38ee11de6f7780,SP,climatizacao,1,8,4,4,12.50
ac6417315ae5da8f9a38ee11de6f7780,SP,esporte_lazer,1,8,4,3,12.50
ae8bfdbf1c2a2a2dee92d799db0a31c6,PR,moveis_cozinha_area_de_servico_jantar_e_jardim,3,8,4,1,37.50
ae8bfdbf1c2a2a2dee92d799db0a31c6,PR,utilidades_domesticas,3,8,4,2,37.50
ae8bfdbf1c2a2a2dee92d799db0a31c6,PR,moveis_decoracao,1,8,4,4,12.50
ae8bfdbf1c2a2a2dee92d799db0a31c6,PR,papelaria,1,8,4,3,12.50
b3f19518fcec265b2e97af287725f981,SP,utilidades_domesticas,8,8,1,1,100.00
b44dbfbf62e52125f3c15d230569ea91,SP,casa_construcao,7,8,2,1,87.50
b44dbfbf62e52125f3c15d230569ea91,SP,construcao_ferramentas_construcao,1,8,2,2,12.50
b67d6c666e8dce1d078c882825e12704,SP,esporte_lazer,6,8,2,1,75.00
b67d6c666e8dce1d078c882825e12704,SP,sinalizacao_e_seguranca,2,8,2,2,25.00
ba6b4a237f92479743cf0ca06b67a9ac,RJ,informatica_acessorios,3,8,5,1,37.50
ba6b4a237f92479743cf0ca06b67a9ac,RJ,eletronicos,2,8,5,2,25.00
ba6b4a237f92479743cf0ca06b67a9ac,RJ,telefonia,1,8,5,3,12.50
ba6b4a237f92479743cf0ca06b67a9ac,RJ,perfumaria,1,8,5,4,12.50
ba6b4a237f92479743cf0ca06b67a9ac,RJ,automotivo,1,8,5,5,12.50
be3b4b0f050a6aa1b2d901c4b77e979f,PR,utilidades_domesticas,6,8,2,1,75.00
be3b4b0f050a6aa1b2d901c4b77e979f,PR,construcao_ferramentas_construcao,2,8,2,2,25.00
c447f8dd3ed213f291d65ef074a268eb,SP,esporte_lazer,6,8,2,1,75.00
c447f8dd3ed213f291d65ef074a268eb,SP,beleza_saude,2,8,2,2,25.00
c54679b132454625907c773d273d4126,SP,perfumaria,8,8,1,1,100.00
c5e60e39c0f42b8e827daa13cff74afa,SP,cama_mesa_banho,8,8,1,1,100.00
c6218512d16fcac0af02fe92691cf274,MG,moveis_decoracao,6,8,2,1,75.00
c6218512d16fcac0af02fe92691cf274,MG,cama_mesa_banho,2,8,2,2,25.00
c79151301b9d90985d1fa52879213105,PR,informatica_acessorios,8,8,1,1,100.00
ca7c6bd577e559472af1c699de9e764e,SP,beleza_saude,8,8,1,1,100.00
d32e3909cfb714fb2a6cb092c85b9c5f,SP,utilidades_domesticas,7,8,2,1,87.50
d32e3909cfb714fb2a6cb092c85b9c5f,SP,beleza_saude,1,8,2,2,12.50
d9d43faf741ceaa8da52fdbb81d9e0e3,SP,livros_interesse_geral,8,8,1,1,100.00
dace965ca58120f92f8d742a9fa1864b,SP,beleza_saude,8,8,1,1,100.00
dc7192adf8ba09569261f4a8d576afe0,SP,portateis_casa_forno_e_cafe,4,8,3,1,50.00
dc7192adf8ba09569261f4a8d576afe0,SP,esporte_lazer,2,8,3,2,25.00
dc7192adf8ba09569261f4a8d576afe0,SP,beleza_saude,2,8,3,3,25.00
de66a66f2dd06bb9ec37aa96987466a3,RJ,moveis_decoracao,6,8,2,1,75.00
de66a66f2dd06bb9ec37aa96987466a3,RJ,beleza_saude,2,8,2,2,25.00
e0eabded302882513ced4ea3eb0c7059,SP,consoles_games,7,8,2,1,87.50
e0eabded302882513ced4ea3eb0c7059,SP,informatica_acessorios,1,8,2,2,12.50
e3dd723429d1b23614b7fa85e2c7a853,SP,beleza_saude,6,8,2,1,75.00
e3dd723429d1b23614b7fa85e2c7a853,SP,fraldas_higiene,2,8,2,2,25.00
e83c76265fc54bf41eac728805e4da77,SP,automotivo,8,8,1,1,100.00
e88c9b79e592e370d6bd852eeefbf057,PR,brinquedos,8,8,1,1,100.00
eb72802c83dc7547529c9546d1a9b8ef,SP,ferramentas_jardim,2,8,6,1,25.00
eb72802c83dc7547529c9546d1a9b8ef,SP,beleza_saude,2,8,6,2,25.00
eb72802c83dc7547529c9546d1a9b8ef,SP,eletroportateis,1,8,6,3,12.50
eb72802c83dc7547529c9546d1a9b8ef,SP,cool_stuff,1,8,6,4,12.50
eb72802c83dc7547529c9546d1a9b8ef,SP,utilidades_domesticas,1,8,6,6,12.50
eb72802c83dc7547529c9546d1a9b8ef,SP,brinquedos,1,8,6,5,12.50
ec2e006556300a79a5a91e4876ab3a56,SP,construcao_ferramentas_construcao,7,8,2,1,87.50
ec2e006556300a79a5a91e4876ab3a56,SP,utilidades_domesticas,1,8,2,2,12.50
ec8463980a4e0ea9f8517aea1ed0c419,SC,construcao_ferramentas_iluminacao,8,8,1,1,100.00
ec933281fb017b5020d06df29c3f77e8,SP,bebes,8,8,1,1,100.00
edc518ba25576a0188a0e8f2c3af186f,SP,utilidades_domesticas,3,8,4,1,37.50
edc518ba25576a0188a0e8f2c3af186f,SP,pet_shop,2,8,4,3,25.00
edc518ba25576a0188a0e8f2c3af186f,SP,papelaria,2,8,4,2,25.00
edc518ba25576a0188a0e8f2c3af186f,SP,agro_industria_e_comercio,1,8,4,4,12.50
eebb3372362aa9a46975164bed19a7e7,SP,telefonia,8,8,1,1,100.00
f205b1a3ca9a34e0f8a228bae6e4c7b3,RS,moveis_decoracao,8,8,1,1,100.00
f22a247b79dd22ecd91dc8e3b2a1b07c,SP,beleza_saude,8,8,1,1,100.00
f25e239052084705e17a982bc600ab2a,SP,pet_shop,3,8,4,1,37.50
f25e239052084705e17a982bc600ab2a,SP,malas_acessorios,2,8,4,2,25.00
f25e239052084705e17a982bc600ab2a,SP,telefonia_fixa,2,8,4,3,25.00
f25e239052084705e17a982bc600ab2a,SP,informatica_acessorios,1,8,4,4,12.50
fe1b067411b8c5066e962aa146ccee03,SP,perfumaria,7,8,2,1,87.50
fe1b067411b8c5066e962aa146ccee03,SP,informatica_acessorios,1,8,2,2,12.50
0307f7565ff85b299b6e5ef162b1b1a9,SP,cool_stuff,4,7,3,1,57.14
0307f7565ff85b299b6e5ef162b1b1a9,SP,perfumaria,2,7,3,2,28.57
0307f7565ff85b299b6e5ef162b1b1a9,SP,eletroportateis,1,7,3,3,14.29
0761743cbffb25d7148189e9f1a5f03a,SP,beleza_saude,6,7,2,1,85.71
0761743cbffb25d7148189e9f1a5f03a,SP,esporte_lazer,1,7,2,2,14.29
08ad4ac1388e4420ca531c3edfc46198,SP,pet_shop,7,7,1,1,100.00
0951a6e282947e09cd47969f4ed0b47f,SP,perfumaria,6,7,2,1,85.71
0951a6e282947e09cd47969f4ed0b47f,SP,beleza_saude,1,7,2,2,14.29
20a8b0dc55da94fe74d112082427c84f,SP,bebes,6,7,2,1,85.71
20a8b0dc55da94fe74d112082427c84f,SP,utilidades_domesticas,1,7,2,2,14.29
23ca5f678e0b3ea6c630b30fa8bf51ea,SP,eletrodomesticos,7,7,1,1,100.00
25debeafbce801fdd479539350185eee,SP,perfumaria,4,7,2,1,57.14
25debeafbce801fdd479539350185eee,SP,esporte_lazer,3,7,2,2,42.86
26bad72add1f86e08a776ce4ffdaf1ca,SP,alimentos_bebidas,7,7,1,1,100.00
28405831a29823802aa22c084cfd0649,SP,artigos_de_natal,7,7,1,1,100.00
2b03ac196f5ed62ac483960fe0fa3b65,SP,beleza_saude,4,7,2,1,57.14
2b03ac196f5ed62ac483960fe0fa3b65,SP,esporte_lazer,3,7,2,2,42.86
2c3d56f92f360fb89d849b84e8f50eae,SP,beleza_saude,4,7,3,1,57.14
2c3d56f92f360fb89d849b84e8f50eae,SP,consoles_games,2,7,3,2,28.57
2c3d56f92f360fb89d849b84e8f50eae,SP,automotivo,1,7,3,3,14.29
2cb6eb1b7185064167657fa09f541105,MG,moveis_decoracao,3,7,4,1,42.86
2cb6eb1b7185064167657fa09f541105,MG,papelaria,2,7,4,2,28.57
2cb6eb1b7185064167657fa09f541105,MG,artigos_de_natal,1,7,4,3,14.29
2cb6eb1b7185064167657fa09f541105,MG,artes_e_artesanato,1,7,4,4,14.29
2e7ea2aafec5835e781b21d6d1faf1f1,SP,beleza_saude,7,7,1,1,100.00
2ff6b7bff164ef05590a52734e1296da,PR,papelaria,2,7,4,1,28.57
2ff6b7bff164ef05590a52734e1296da,PR,esporte_lazer,2,7,4,3,28.57
2ff6b7bff164ef05590a52734e1296da,PR,industria_comercio_e_negocios,2,7,4,2,28.57
2ff6b7bff164ef05590a52734e1296da,PR,instrumentos_musicais,1,7,4,4,14.29
30c7f28fd3a5897b2c82d152bb760c17,RJ,brinquedos,3,7,4,1,42.86
30c7f28fd3a5897b2c82d152bb760c17,RJ,eletroportateis,2,7,4,2,28.57
30c7f28fd3a5897b2c82d152bb760c17,RJ,cool_stuff,1,7,4,3,14.29
30c7f28fd3a5897b2c82d152bb760c17,RJ,eletrodomesticos_2,1,7,4,4,14.29
35fb511489d9ee3ee27a76debce9df06,PR,pet_shop,7,7,1,1,100.00
365e4bce19bda0082c3d15d83fdb8bcd,SP,esporte_lazer,6,7,2,1,85.71
365e4bce19bda0082c3d15d83fdb8bcd,SP,cama_mesa_banho,1,7,2,2,14.29
385799a1cddbd26dfeb9157356a42282,SP,esporte_lazer,6,7,2,1,85.71
385799a1cddbd26dfeb9157356a42282,SP,telefonia,1,7,2,2,14.29
3ea00e1dea2b0659dbaf654735929220,PR,cool_stuff,7,7,1,1,100.00
3f2af2670e104d1bcb54022274daeac5,PR,moveis_decoracao,7,7,1,1,100.00
3f9be91358837bff69df67edfa3e42e8,PR,pet_shop,7,7,1,1,100.00
3f9c56764fabca627406093dcb3ef0b4,RJ,esporte_lazer,7,7,1,1,100.00
48985c61529077fa4f1e38bcff0f2ed3,RS,beleza_saude,7,7,1,1,100.00
4e8dacf3d38f281ae26c3e0321d92d88,SP,utilidades_domesticas,7,7,1,1,100.00
5151aea44289d6c6b090ee31c2132508,SP,climatizacao,7,7,1,1,100.00
51ed72984a04e5dd35c2b27e77179038,SP,eletrodomesticos_2,5,7,2,1,71.43
51ed72984a04e5dd35c2b27e77179038,SP,cool_stuff,2,7,2,2,28.57
54aa8463e87776b5612f4bdc4bd5d4de,MG,telefonia_fixa,3,7,3,1,42.86
54aa8463e87776b5612f4bdc4bd5d4de,MG,automotivo,2,7,3,2,28.57
54aa8463e87776b5612f4bdc4bd5d4de,MG,moveis_decoracao,2,7,3,3,28.57
55029529919c0123526150bd26ca8f20,MG,esporte_lazer,5,7,3,1,71.43
55029529919c0123526150bd26ca8f20,MG,automotivo,1,7,3,3,14.29
55029529919c0123526150bd26ca8f20,MG,utilidades_domesticas,1,7,3,2,14.29
5721089ba9214e80074f27d5a03fc0eb,SP,cool_stuff,5,7,2,1,71.43
5721089ba9214e80074f27d5a03fc0eb,SP,utilidades_domesticas,2,7,2,2,28.57
63b9ae557efed31d1f7687917d248a8d,SP,moveis_decoracao,5,7,2,1,71.43
63b9ae557efed31d1f7687917d248a8d,SP,automotivo,2,7,2,2,28.57
64b87978a11c1ea7501a89eabe8c2c1a,SP,beleza_saude,7,7,1,1,100.00
651fe66032c9520ee5587f694908040d,RS,fashion_bolsas_e_acessorios,6,7,2,1,85.71
651fe66032c9520ee5587f694908040d,RS,eletronicos,1,7,2,2,14.29
661ad5fcc28cdfb8bcadb12bb2272475,SC,pet_shop,7,7,1,1,100.00
6824a69c9ea0313eba299dd4a2dba09a,MG,construcao_ferramentas_construcao,4,7,3,1,57.14
6824a69c9ea0313eba299dd4a2dba09a,MG,construcao_ferramentas_jardim,2,7,3,2,28.57
6824a69c9ea0313eba299dd4a2dba09a,MG,esporte_lazer,1,7,3,3,14.29
6989574bd97d9773f10d232b6c07da59,PR,malas_acessorios,6,7,2,1,85.71
6989574bd97d9773f10d232b6c07da59,PR,ferramentas_jardim,1,7,2,2,14.29
6cf476a4ca74498db55cbccdaa9dcfb6,SP,fashion_underwear_e_moda_praia,5,7,2,1,71.43
6cf476a4ca74498db55cbccdaa9dcfb6,SP,automotivo,2,7,2,2,28.57
6e0908ef4d4efadbc3cc2b74ea477cb0,RJ,moveis_decoracao,7,7,1,1,100.00
6f1a1263039c76e68f40a8e536b1da6a,SP,alimentos,7,7,1,1,100.00
70bf57d811208f8923b41bbd499a67a4,SP,cool_stuff,6,7,2,1,85.71
70bf57d811208f8923b41bbd499a67a4,SP,beleza_saude,1,7,2,2,14.29
71592660bbcb6a4664e97b6f8b68babc,SP,ferramentas_jardim,2,7,4,2,28.57
71592660bbcb6a4664e97b6f8b68babc,SP,construcao_ferramentas_seguranca,2,7,4,3,28.57
71592660bbcb6a4664e97b6f8b68babc,SP,informatica_acessorios,2,7,4,1,28.57
71592660bbcb6a4664e97b6f8b68babc,SP,eletronicos,1,7,4,4,14.29
7354220fb240bde543b3c40c060d41e7,DF,informatica_acessorios,5,7,3,1,71.43
7354220fb240bde543b3c40c060d41e7,DF,malas_acessorios,1,7,3,2,14.29
7354220fb240bde543b3c40c060d41e7,DF,consoles_games,1,7,3,3,14.29
74871d19219c7d518d0090283e03c137,SP,esporte_lazer,4,7,3,1,57.14
74871d19219c7d518d0090283e03c137,SP,alimentos_bebidas,2,7,3,2,28.57
74871d19219c7d518d0090283e03c137,SP,cool_stuff,1,7,3,3,14.29
78a4d36f65a019172c6154468831a69f,SP,moveis_cozinha_area_de_servico_jantar_e_jardim,7,7,1,1,100.00
79a679c36c08d606b3fd47ead9de109b,SP,bebidas,7,7,1,1,100.00
7d7d2b7a51328016102d4528c411d630,SP,utilidades_domesticas,4,7,2,1,57.14
7d7d2b7a51328016102d4528c411d630,SP,cama_mesa_banho,3,7,2,2,42.86
7daca0837f033a41a6f3428c18657533,SP,utilidades_domesticas,7,7,1,1,100.00
80f2cf9abf6b5a0e5c612b5eea6646e6,SP,bebes,6,7,2,1,85.71
80f2cf9abf6b5a0e5c612b5eea6646e6,SP,esporte_lazer,1,7,2,2,14.29
83b08de96980757220871b31bf6cffca,RJ,construcao_ferramentas_construcao,7,7,1,1,100.00
86ff3eaef0267069cc891a2ed9d10a17,SC,esporte_lazer,6,7,2,1,85.71
86ff3eaef0267069cc891a2ed9d10a17,SC,moveis_cozinha_area_de_servico_jantar_e_jardim,1,7,2,2,14.29
89c127985a8b130cfa45c1d36764017a,SP,portateis_casa_forno_e_cafe,2,7,5,1,28.57
89c127985a8b130cfa45c1d36764017a,SP,cool_stuff,2,7,5,2,28.57
89c127985a8b130cfa45c1d36764017a,SP,brinquedos,1,7,5,3,14.29
89c127985a8b130cfa45c1d36764017a,SP,beleza_saude,1,7,5,4,14.29
89c127985a8b130cfa45c1d36764017a,SP,audio,1,7,5,5,14.29
90b36c5aeb728d5504a39f435bef0c5f,SP,bebidas,4,7,3,1,57.14
90b36c5aeb728d5504a39f435bef0c5f,SP,beleza_saude,2,7,3,2,28.57
90b36c5aeb728d5504a39f435bef0c5f,SP,alimentos_bebidas,1,7,3,3,14.29
9261d76c62caaf0b24677c2ceb7f8f20,SC,utilidades_domesticas,7,7,1,1,100.00
9a03a4e9eb0b947652fae4f6121a3f5e,SP,bebes,4,7,2,1,57.14
9a03a4e9eb0b947652fae4f6121a3f5e,SP,alimentos_bebidas,3,7,2,2,42.86
9aa388272ee334b6ae07bc73706e254a,MG,cama_mesa_banho,7,7,1,1,100.00
9c1c0c36cd23c20897e473901a8fb149,SP,alimentos_bebidas,7,7,1,1,100.00
9cad4b68bb993ee401a3c5aaa2bc26dd,SP,beleza_saude,7,7,1,1,100.00
9fc70243fb26800cba56e8f014797004,MG,ferramentas_jardim,5,7,2,1,71.43
9fc70243fb26800cba56e8f014797004,MG,beleza_saude,2,7,2,2,28.57
a0e19590a0923cdd0614ea9427713ced,PR,artes,7,7,1,1,100.00
a254c682cc01e119f83530446f1df9a9,SP,pet_shop,7,7,1,1,100.00
a35124e2d763d7ca3fbe3b97d143200f,SP,ferramentas_jardim,7,7,1,1,100.00
a5dd1946fb63ada8bcaa0c9cd8f11e22,PE,beleza_saude,4,7,2,1,57.14
a5dd1946fb63ada8bcaa0c9cd8f11e22,PE,esporte_lazer,3,7,2,2,42.86
a63bfbaa882c8f4542891b4e2246cc7f,RJ,beleza_saude,7,7,1,1,100.00
aae5e7b457a3c72ee230a47d98fceda5,PR,cama_mesa_banho,7,7,1,1,100.00
abbf6046bbdf1028606a5bc7f00c99e7,SC,automotivo,7,7,1,1,100.00
acf974e4d5950ad143a247471b831eb9,RS,utilidades_domesticas,7,7,1,1,100.00
ad87df7699e83b8a91822a4a0b765c3a,SP,eletronicos,5,7,2,1,71.43
ad87df7699e83b8a91822a4a0b765c3a,SP,consoles_games,2,7,2,2,28.57
ae7ab174effdead6c241e547e4ca13f0,PR,moveis_sala,7,7,1,1,100.00
b586cd24c010a13916af621b0325fbba,SC,construcao_ferramentas_construcao,5,7,3,1,71.43
b586cd24c010a13916af621b0325fbba,SC,ferramentas_jardim,1,7,3,2,14.29
b586cd24c010a13916af621b0325fbba,SC,utilidades_domesticas,1,7,3,3,14.29
ba6ce6de456f6c11d08c17701ba5c26f,SP,esporte_lazer,7,7,1,1,100.00
bd4431c1a8dfa744b59e1e2a8bc99b9e,RJ,beleza_saude,7,7,1,1,100.00
bdf0d02d36a1d839d0c39c4a887cdd49,SP,eletrodomesticos,7,7,1,1,100.00
be9a160a9011f627c3e121d076c1ec7b,SC,ferramentas_jardim,6,7,2,1,85.71
be9a160a9011f627c3e121d076c1ec7b,SC,eletroportateis,1,7,2,2,14.29
c03121937e54a93fcc1825c3098bbb6e,PR,livros_interesse_geral,7,7,1,1,100.00
c3fe93ba3085f92855c97e57f38c8c05,PR,livros_interesse_geral,7,7,1,1,100.00
c522be04e020c1e7b79f3acff36513d5,SP,automotivo,3,7,4,1,42.86
c522be04e020c1e7b79f3acff36513d5,SP,telefonia,2,7,4,2,28.57
c522be04e020c1e7b79f3acff36513d5,SP,cine_foto,1,7,4,4,14.29
c522be04e020c1e7b79f3acff36513d5,SP,eletronicos,1,7,4,3,14.29
c8660dcf9ba70575f45d80fe28c27713,SP,pet_shop,6,7,2,1,85.71
c8660dcf9ba70575f45d80fe28c27713,SP,cool_stuff,1,7,2,2,14.29
c8e135e7b21ecbc36c1153a29d2f5a06,SP,beleza_saude,7,7,1,1,100.00
ce20a2ec1514c25e16f2b5b39bc818f0,SP,pet_shop,7,7,1,1,100.00
d197aa8fbc64087f61984deef05f6227,SP,papelaria,4,7,2,1,57.14
d197aa8fbc64087f61984deef05f6227,SP,moveis_decoracao,3,7,2,2,42.86
d594982fd877af63ace38ea1fca27c76,SP,cool_stuff,6,7,2,1,85.71
d594982fd877af63ace38ea1fca27c76,SP,telefonia,1,7,2,2,14.29
d5b9a084373da994a6e37f732169a853,SP,bebes,7,7,1,1,100.00
e439f7176d763f92de325271111b2fd5,SC,eletronicos,7,7,1,1,100.00
e45edf75f568ed2f93f78d060e246e25,RJ,utilidades_domesticas,7,7,1,1,100.00
e58a5b390e28abc0b216cfb0e07d27d7,RJ,esporte_lazer,5,7,2,1,71.43
e58a5b390e28abc0b216cfb0e07d27d7,RJ,malas_acessorios,2,7,2,2,28.57
e70053bf73d1b5863932e53a9fa47496,SP,telefonia,5,7,2,1,71.43
e70053bf73d1b5863932e53a9fa47496,SP,automotivo,2,7,2,2,28.57
f44bdc12aa39f5271f0b95f66cd4c289,SP,automotivo,7,7,1,1,100.00
f626e15b7314c267e4429010866f70e9,SP,alimentos_bebidas,3,7,3,2,42.86
f626e15b7314c267e4429010866f70e9,SP,bebidas,3,7,3,1,42.86
f626e15b7314c267e4429010866f70e9,SP,beleza_saude,1,7,3,3,14.29
f805b96fa705ba7995a221f1749dc141,PR,instrumentos_musicais,7,7,1,1,100.00
fa14641f57b655e933124a9ea49cd7a5,SP,telefonia,3,7,3,2,42.86
fa14641f57b655e933124a9ea49cd7a5,SP,informatica_acessorios,3,7,3,1,42.86
fa14641f57b655e933124a9ea49cd7a5,SP,cool_stuff,1,7,3,3,14.29
fa3a0b5aabb344b9a92e3524b0202123,SP,instrumentos_musicais,7,7,1,1,100.00
fadb07c842a2aef5d5a676b85f220e71,SP,esporte_lazer,5,7,2,1,71.43
fadb07c842a2aef5d5a676b85f220e71,SP,utilidades_domesticas,2,7,2,2,28.57
fcf16b7a8697e559f0123190bb30177d,SP,instrumentos_musicais,7,7,1,1,100.00
ff1e15b778c700abdd4d239b81ac466d,PR,esporte_lazer,6,7,2,1,85.71
ff1e15b778c700abdd4d239b81ac466d,PR,instrumentos_musicais,1,7,2,2,14.29
05feb94f19d094d4b0f9281f0b1d4c99,SP,ferramentas_jardim,4,6,2,1,66.67
05feb94f19d094d4b0f9281f0b1d4c99,SP,utilidades_domesticas,2,6,2,2,33.33
07017df32dc5f2f1d2801e579548d620,PB,telefonia,6,6,1,1,100.00
077c5fae4bea9500e3737b16f71b9d3a,SP,utilidades_domesticas,6,6,1,1,100.00
085f6f7e049c996695fb2074fe38d45e,SP,utilidades_domesticas,3,6,4,1,50.00
085f6f7e049c996695fb2074fe38d45e,SP,market_place,1,6,4,2,16.67
085f6f7e049c996695fb2074fe38d45e,SP,esporte_lazer,1,6,4,4,16.67
085f6f7e049c996695fb2074fe38d45e,SP,automotivo,1,6,4,3,16.67
0873d9f8f36123f8d910f4760e788cfb,SP,telefonia,5,6,2,1,83.33
0873d9f8f36123f8d910f4760e788cfb,SP,pcs,1,6,2,2,16.67
08cdbae123ff67ca4e36d9d641ce0119,MG,moveis_sala,6,6,1,1,100.00
0ad80de75c811326389cfb1daba7d45e,RJ,brinquedos,6,6,1,1,100.00
0d83f8e03188682112cc0d93523705cc,RS,informatica_acessorios,6,6,1,1,100.00
0e44d110fa6a54e121cb2c095a77762f,SP,papelaria,6,6,1,1,100.00
101a3a003516bc11253298b2fad3cb65,SP,fashion_roupa_masculina,5,6,2,1,83.33
101a3a003516bc11253298b2fad3cb65,SP,esporte_lazer,1,6,2,2,16.67
120476eb7a04c149d14772edaf5d9bf2,RJ,construcao_ferramentas_construcao,4,6,3,1,66.67
120476eb7a04c149d14772edaf5d9bf2,RJ,automotivo,1,6,3,2,16.67
120476eb7a04c149d14772edaf5d9bf2,RJ,informatica_acessorios,1,6,3,3,16.67
13511db12ac61e2f89c53b72a944a60b,RS,cama_mesa_banho,3,6,2,1,50.00
13511db12ac61e2f89c53b72a944a60b,RS,automotivo,3,6,2,2,50.00
152ee17e4c8aaf53dac99f3462e4999b,SC,utilidades_domesticas,4,6,2,1,66.67
152ee17e4c8aaf53dac99f3462e4999b,SC,artigos_de_natal,2,6,2,2,33.33
186cdd1b2df32caa72cfb410bba768d3,SC,utilidades_domesticas,6,6,1,1,100.00
1fbe10c70e30765ed1de86d9f7e98409,SP,utilidades_domesticas,6,6,1,1,100.00
269c5fc9fcadee614364c3620c30a1f9,SP,malas_acessorios,6,6,1,1,100.00
28ea411b354f14b1a494be4e79f0ce02,SP,cama_mesa_banho,4,6,2,1,66.67
28ea411b354f14b1a494be4e79f0ce02,SP,fashion_roupa_infanto_juvenil,2,6,2,2,33.33
2b3b9ce054da76a7428df143a567b156,SP,moveis_decoracao,6,6,1,1,100.00
2ba91c7ad80ff88b23b7db823b43c233,SP,pet_shop,5,6,2,1,83.33
2ba91c7ad80ff88b23b7db823b43c233,SP,beleza_saude,1,6,2,2,16.67
2bd05d410a8fd26dc4184a15f4f2f588,MG,cool_stuff,3,6,2,1,50.00
2bd05d410a8fd26dc4184a15f4f2f588,MG,eletroportateis,3,6,2,2,50.00
2ea0861cc19e94cad86438c984c52da4,SP,utilidades_domesticas,2,6,5,1,33.33
2ea0861cc19e94cad86438c984c52da4,SP,artes_e_artesanato,1,6,5,3,16.67
2ea0861cc19e94cad86438c984c52da4,SP,ferramentas_jardim,1,6,5,4,16.67
2ea0861cc19e94cad86438c984c52da4,SP,esporte_lazer,1,6,5,5,16.67
2ea0861cc19e94cad86438c984c52da4,SP,automotivo,1,6,5,2,16.67
2f4b9d112bfa44a214bc6cef085d17c8,ES,informatica_acessorios,3,6,3,1,50.00
2f4b9d112bfa44a214bc6cef085d17c8,ES,eletroportateis,2,6,3,2,33.33
2f4b9d112bfa44a214bc6cef085d17c8,ES,moveis_decoracao,1,6,3,3,16.67
31be790e64fc99f8ff48ec2bd18a3104,SP,utilidades_domesticas,6,6,1,1,100.00
32f1bb9dfa65bc7df5c0d9d95a616be4,SP,utilidades_domesticas,4,6,3,1,66.67
32f1bb9dfa65bc7df5c0d9d95a616be4,SP,cool_stuff,1,6,3,2,16.67
32f1bb9dfa65bc7df5c0d9d95a616be4,SP,bebes,1,6,3,3,16.67
3364a91ec4d56c98e44174de954b94f6,RO,automotivo,6,6,1,1,100.00
33cbda8716511e27e556dff9d8418bf2,SC,casa_conforto,3,6,3,1,50.00
33cbda8716511e27e556dff9d8418bf2,SC,cama_mesa_banho,2,6,3,2,33.33
33cbda8716511e27e556dff9d8418bf2,SC,utilidades_domesticas,1,6,3,3,16.67
340636a908b13bbe0f4fb63fbe1d0c03,SP,pet_shop,6,6,1,1,100.00
35857757f553273b1056c1cabdace7fb,SP,automotivo,6,6,1,1,100.00
38874e327ce94d11390b96eb42d61928,SP,moveis_escritorio,6,6,1,1,100.00
3a3e46d10f74d8a6ca76e2b538f106a0,SP,alimentos_bebidas,6,6,1,1,100.00
3a4127e1ba7208ea37044c5092aae170,SP,telefonia,5,6,2,1,83.33
3a4127e1ba7208ea37044c5092aae170,SP,brinquedos,1,6,2,2,16.67
3afc536624bc2e65bddfb5db33cc01f3,MG,eletronicos,6,6,1,1,100.00
3dfd3dc96f7f8598eca74e9ac8a2fa31,SP,utilidades_domesticas,3,6,4,1,50.00
3dfd3dc96f7f8598eca74e9ac8a2fa31,SP,brinquedos,1,6,4,2,16.67
3dfd3dc96f7f8598eca74e9ac8a2fa31,SP,casa_conforto,1,6,4,3,16.67
3dfd3dc96f7f8598eca74e9ac8a2fa31,SP,cama_mesa_banho,1,6,4,4,16.67
44f091b5abab8018f682fce8124b85e5,SP,esporte_lazer,6,6,1,1,100.00
48e954b2da4f6a750c844173b347ed40,RS,bebidas,6,6,1,1,100.00
4dbd95a08b31ede5c82d3f861cb1ce1a,PR,livros_interesse_geral,5,6,2,1,83.33
4dbd95a08b31ede5c82d3f861cb1ce1a,PR,livros_tecnicos,1,6,2,2,16.67
4e326052e5dbba8adcd512f3450a307e,SP,artigos_de_natal,6,6,1,1,100.00
4ea2f12dbe91deeacd2c1e74f069a6e6,SP,perfumaria,6,6,1,1,100.00
50770d25768b0486d89be26afca3108f,SP,livros_interesse_geral,6,6,1,1,100.00
515d781150feed28a6ac091bb0e3cb8c,MS,cool_stuff,5,6,2,1,83.33
515d781150feed28a6ac091bb0e3cb8c,MS,climatizacao,1,6,2,2,16.67
52092ddbd3a58c450a4459bf051b2287,SP,esporte_lazer,6,6,1,1,100.00
52ac6f920b7280e4c6d30dd94de6259b,PR,moveis_escritorio,6,6,1,1,100.00
52f976b17ea7f2f087f56dcc419328f6,PR,esporte_lazer,6,6,1,1,100.00
55c26bcb609f480eb7868594245febb5,SP,papelaria,4,6,2,1,66.67
55c26bcb609f480eb7868594245febb5,SP,bebes,2,6,2,2,33.33
5795aebfe331fbcd02a2c4b679fb7952,SC,beleza_saude,5,6,2,1,83.33
5795aebfe331fbcd02a2c4b679fb7952,SC,cool_stuff,1,6,2,2,16.67
57fe6232e67823593374a2281d7a8af8,SP,livros_interesse_geral,6,6,1,1,100.00
5d76d80a2f5f39c891b996a1bf4c9853,SP,relogios_presentes,2,6,3,3,33.33
5d76d80a2f5f39c891b996a1bf4c9853,SP,eletronicos,2,6,3,1,33.33
5d76d80a2f5f39c891b996a1bf4c9853,SP,perfumaria,2,6,3,2,33.33
5def4c3732941a971cba8fdee992ede1,SP,construcao_ferramentas_ferramentas,2,6,4,2,33.33
5def4c3732941a971cba8fdee992ede1,SP,utilidades_domesticas,2,6,4,1,33.33
5def4c3732941a971cba8fdee992ede1,SP,papelaria,1,6,4,4,16.67
5def4c3732941a971cba8fdee992ede1,SP,automotivo,1,6,4,3,16.67
6219ba2359cfb97f2e38fd4c321eb309,SP,utilidades_domesticas,6,6,1,1,100.00
633ecdf879b94b5337cca303328e4a25,SP,beleza_saude,6,6,1,1,100.00
6750d71153f00fc58829af2a8ef1bcf1,RJ,esporte_lazer,6,6,1,1,100.00
6879c4d287a8dd06b11f54ea8f78e4da,SP,beleza_saude,3,6,3,1,50.00
6879c4d287a8dd06b11f54ea8f78e4da,SP,papelaria,2,6,3,2,33.33
6879c4d287a8dd06b11f54ea8f78e4da,SP,moveis_escritorio,1,6,3,3,16.67
68ca56ce86830f3d31b1b7ec6a54da3e,PR,utilidades_domesticas,2,6,4,1,33.33
68ca56ce86830f3d31b1b7ec6a54da3e,PR,papelaria,2,6,4,2,33.33
68ca56ce86830f3d31b1b7ec6a54da3e,PR,esporte_lazer,1,6,4,4,16.67
68ca56ce86830f3d31b1b7ec6a54da3e,PR,brinquedos,1,6,4,3,16.67
698f5fa55a5f73d0740e9d9a773e8093,RJ,beleza_saude,6,6,1,1,100.00
6bb62a4912377c7bfe7cb17b406bc7e6,SP,construcao_ferramentas_seguranca,3,6,3,1,50.00
6bb62a4912377c7bfe7cb17b406bc7e6,SP,casa_construcao,2,6,3,2,33.33
6bb62a4912377c7bfe7cb17b406bc7e6,SP,eletronicos,1,6,3,3,16.67
6c6e3d67f969468f3bfd33f827a31222,PR,informatica_acessorios,6,6,1,1,100.00
6d2f2e3b539480db1e0842b3a4e32e6e,SP,moveis_decoracao,6,6,1,1,100.00
6e13dd869aa7185f601c941423abcc8f,SP,beleza_saude,6,6,1,1,100.00
714b9a1332840f257b49f476bea4e341,SP,informatica_acessorios,6,6,1,1,100.00
72146da5774cabf2632faedcae097a76,PR,sinalizacao_e_seguranca,5,6,2,1,83.33
72146da5774cabf2632faedcae097a76,PR,beleza_saude,1,6,2,2,16.67
77714512e8d4dda9c234da8e3faf16e4,SP,construcao_ferramentas_construcao,4,6,2,1,66.67
77714512e8d4dda9c234da8e3faf16e4,SP,informatica_acessorios,2,6,2,2,33.33
777a0c55737f34ffeb78010f7542ab41,SP,beleza_saude,4,6,2,1,66.67
777a0c55737f34ffeb78010f7542ab41,SP,perfumaria,2,6,2,2,33.33
78744a20ee2f80ba64f6804c25def2b8,PE,moveis_decoracao,6,6,1,1,100.00
7994081388d55b9cf976c050653dd359,SP,informatica_acessorios,6,6,1,1,100.00
7f40d06aa0b5f1aa4f41af8c0480e2ef,SP,brinquedos,5,6,2,1,83.33
7f40d06aa0b5f1aa4f41af8c0480e2ef,SP,alimentos,1,6,2,2,16.67
866558b3bccef2dbc6d29a2b5995016f,PR,moveis_decoracao,5,6,2,1,83.33
866558b3bccef2dbc6d29a2b5995016f,PR,moveis_cozinha_area_de_servico_jantar_e_jardim,1,6,2,2,16.67
89ad3263c0931c47f976d7c5778e60f6,SP,bebes,6,6,1,1,100.00
8a40ae794fa3f9892cee24bd5af0488b,PR,telefonia,4,6,3,1,66.67
8a40ae794fa3f9892cee24bd5af0488b,PR,fashion_bolsas_e_acessorios,1,6,3,3,16.67
8a40ae794fa3f9892cee24bd5af0488b,PR,esporte_lazer,1,6,3,2,16.67
8fff28c4263ddec387f28d237fb42773,SP,cama_mesa_banho,4,6,2,1,66.67
8fff28c4263ddec387f28d237fb42773,SP,moveis_decoracao,2,6,2,2,33.33
91543f9849d68d023e17194926598543,SC,moveis_decoracao,6,6,1,1,100.00
91f5779a8731baca4809fdeade81803f,RJ,esporte_lazer,4,6,2,1,66.67
91f5779a8731baca4809fdeade81803f,RJ,papelaria,2,6,2,2,33.33
99a25c39b28a74d1151c35c18d178292,SP,bebes,6,6,1,1,100.00
9b522ba7eae9e1d04082f267144583cc,SP,ferramentas_jardim,5,6,2,1,83.33
9b522ba7eae9e1d04082f267144583cc,SP,moveis_decoracao,1,6,2,2,16.67
9c3c24eca51c52b91c1de727d2a2ae06,RS,esporte_lazer,5,6,2,1,83.33
9c3c24eca51c52b91c1de727d2a2ae06,RS,fashion_bolsas_e_acessorios,1,6,2,2,16.67
9d489893ff6af05029671b785f54b998,SP,construcao_ferramentas_iluminacao,4,6,2,1,66.67
9d489893ff6af05029671b785f54b998,SP,ferramentas_jardim,2,6,2,2,33.33
9da1ca0bef29ee170e541927a5aeabdc,SP,cool_stuff,3,6,2,1,50.00
9da1ca0bef29ee170e541927a5aeabdc,SP,eletroportateis,3,6,2,2,50.00
9e6967d3cf386d284251784b18ccb485,SP,bebes,3,6,2,1,50.00
9e6967d3cf386d284251784b18ccb485,SP,brinquedos,3,6,2,2,50.00
9ed65337433adfbedefd23dd76eaa494,SP,esporte_lazer,6,6,1,1,100.00
a3b42d266fa8afc874b909422ce88582,SP,informatica_acessorios,6,6,1,1,100.00
a53f60f05f822b5c621a50ff6a5cb362,MG,moveis_decoracao,5,6,2,1,83.33
a53f60f05f822b5c621a50ff6a5cb362,MG,artigos_de_natal,1,6,2,2,16.67
a64e44665225d19dfc0277eeeaaccc57,SP,beleza_saude,6,6,1,1,100.00
a67780aba9dd436e7ac0aa1f889e73ec,SP,esporte_lazer,5,6,2,1,83.33
a67780aba9dd436e7ac0aa1f889e73ec,SP,automotivo,1,6,2,2,16.67
a72c2f59332659e361d647515c698798,RS,pet_shop,4,6,2,1,66.67
a72c2f59332659e361d647515c698798,RS,ferramentas_jardim,2,6,2,2,33.33
a806a4bb063ea7ca6d374eafa50a6058,ES,perfumaria,6,6,1,1,100.00
af7cdac9d9897cddead9c6b08976c642,SP,brinquedos,6,6,1,1,100.00
b274baf5bbd142410eb2958cf685d684,RS,brinquedos,5,6,2,1,83.33
b274baf5bbd142410eb2958cf685d684,RS,bebes,1,6,2,2,16.67
b29d3380981c51df13fc6fbe87e1763d,SP,cama_mesa_banho,6,6,1,1,100.00
b7cc6c5e001441ae8cdd5c69a480cbe4,SC,instrumentos_musicais,5,6,2,1,83.33
b7cc6c5e001441ae8cdd5c69a480cbe4,SC,market_place,1,6,2,2,16.67
b8a0adc91af209270c2c725168eb00fd,SP,cama_mesa_banho,6,6,1,1,100.00
b98b715fe9e276204e2a3464f48cd796,SP,cama_mesa_banho,4,6,3,1,66.67
b98b715fe9e276204e2a3464f48cd796,SP,relogios_presentes,1,6,3,3,16.67
b98b715fe9e276204e2a3464f48cd796,SP,brinquedos,1,6,3,2,16.67
baa49d93c8c8841e27400a300f5d74b2,SC,esporte_lazer,6,6,1,1,100.00
bb2afe2061d53c6968aa0cffa233a8ec,SP,esporte_lazer,6,6,1,1,100.00
c3aad7dc65449ae90a5e9c3c6c1e78e0,SP,artigos_de_festas,6,6,1,1,100.00
c70a353f02429c00775a46a75fb787da,SP,beleza_saude,6,6,1,1,100.00
d6b664fa0667064c6d76394e7848d790,SP,ferramentas_jardim,6,6,1,1,100.00
e4ebd3f87bf70440014f07ddda7fbe03,SP,beleza_saude,4,6,2,1,66.67
e4ebd3f87bf70440014f07ddda7fbe03,SP,cama_mesa_banho,2,6,2,2,33.33
eba88037e1dca898cd02881f67ced679,SP,papelaria,6,6,1,1,100.00
edd066cd02126d7800f9b66e980e9931,DF,utilidades_domesticas,6,6,1,1,100.00
f35becee938e982bd615edf8ef12bcfb,SP,casa_conforto,3,6,2,1,50.00
f35becee938e982bd615edf8ef12bcfb,SP,perfumaria,3,6,2,2,50.00
f8d5c7085db9a4ad2b8c1ffbeb2798c8,SP,fashion_bolsas_e_acessorios,6,6,1,1,100.00
fac35d150712afb921ec59ac5f39bb11,MG,construcao_ferramentas_construcao,4,6,2,1,66.67
fac35d150712afb921ec59ac5f39bb11,MG,industria_comercio_e_negocios,2,6,2,2,33.33
fe26f3ecb51a15e6d8335cd92da42562,SP,automotivo,6,6,1,1,100.00
fe87f472055fbcf1d7e691c00b1560dc,SP,utilidades_domesticas,6,6,1,1,100.00
010da0602d7774602cd1b3f5fb7b709e,SP,moveis_cozinha_area_de_servico_jantar_e_jardim,5,5,1,1,100.00
01ed254b9ff8407dfb9d99ba1e17d923,SP,relogios_presentes,5,5,1,1,100.00
039e6ad9dae79614493083e241147386,SP,ferramentas_jardim,5,5,1,1,100.00
09bad886111255c5b5030314fc7f1a4a,SP,artes,5,5,1,1,100.00
0bfd0b434243adc5c2e1aa6baf19c6aa,RJ,utilidades_domesticas,2,5,4,1,40.00
0bfd0b434243adc5c2e1aa6baf19c6aa,RJ,relogios_presentes,1,5,4,4,20.00
0bfd0b434243adc5c2e1aa6baf19c6aa,RJ,moveis_decoracao,1,5,4,3,20.00
0bfd0b434243adc5c2e1aa6baf19c6aa,RJ,malas_acessorios,1,5,4,2,20.00
117cfc326c6d50da67ca858ff5c0c852,RJ,utilidades_domesticas,4,5,2,1,80.00
117cfc326c6d50da67ca858ff5c0c852,RJ,esporte_lazer,1,5,2,2,20.00
11eac105f3f90a9b87b19c89d91e24f3,SP,cool_stuff,4,5,2,1,80.00
11eac105f3f90a9b87b19c89d91e24f3,SP,brinquedos,1,5,2,2,20.00
167fd940acebc789debd6eb418c46e38,SP,automotivo,5,5,1,1,100.00
189ca3538ce9f920cacf0f982cbe223b,SP,papelaria,5,5,1,1,100.00
1b65c144b17e607c0f37f10bb7dfec8d,SC,construcao_ferramentas_construcao,5,5,1,1,100.00
1bc2e21de46adfea6b98cc96b00f3b40,SC,cool_stuff,5,5,1,1,100.00
1cd9e0cc1839d55516843def5600816d,SP,cama_mesa_banho,5,5,1,1,100.00
1d2732ef8321502ee8488e8bed1ab8cd,RJ,informatica_acessorios,5,5,1,1,100.00
1e8c6a4c538f286aee9573239740a4b4,SP,moveis_decoracao,2,5,3,2,40.00
1e8c6a4c538f286aee9573239740a4b4,SP,bebes,2,5,3,1,40.00
1e8c6a4c538f286aee9573239740a4b4,SP,utilidades_domesticas,1,5,3,3,20.00
228e4c1a0be164f613d41c24345f9d2c,PR,utilidades_domesticas,5,5,1,1,100.00
2528744c5ef5d955adc318720a94d2e7,SP,agro_industria_e_comercio,5,5,1,1,100.00
253f95b3a0e6983ae18aed49fbc2b845,SP,automotivo,5,5,1,1,100.00
25be943a321c8938947bdaabca979a90,SP,moveis_cozinha_area_de_servico_jantar_e_jardim,5,5,1,1,100.00
269cff2d3c8d205c11f37a52402ea93b,SP,agro_industria_e_comercio,4,5,2,1,80.00
269cff2d3c8d205c11f37a52402ea93b,SP,beleza_saude,1,5,2,2,20.00
29fe9f200d3fa0c668d2aa1ec7e08dfb,SC,telefonia,5,5,1,1,100.00
2dd1fb6f0e42a2243b8a01e40cd41216,PR,esporte_lazer,5,5,1,1,100.00
2fb25ab44bdbeae6a4d816e0d0c9d500,RJ,eletroportateis,4,5,2,1,80.00
2fb25ab44bdbeae6a4d816e0d0c9d500,RJ,beleza_saude,1,5,2,2,20.00
31eec405c9bb71dec8e2629a92e764fa,ES,automotivo,1,5,5,2,20.00
31eec405c9bb71dec8e2629a92e764fa,ES,alimentos,1,5,5,1,20.00
31eec405c9bb71dec8e2629a92e764fa,ES,construcao_ferramentas_construcao,1,5,5,5,20.00
31eec405c9bb71dec8e2629a92e764fa,ES,eletronicos,1,5,5,4,20.00
31eec405c9bb71dec8e2629a92e764fa,ES,casa_construcao,1,5,5,3,20.00
32fdd5d44ecb43dfd6a24b9369eca144,MG,papelaria,5,5,1,1,100.00
33dd941c27854f7625b968cc6195a552,ES,utilidades_domesticas,5,5,1,1,100.00
35ef5aa32949680f627efec3c23e705c,SC,instrumentos_musicais,5,5,1,1,100.00
38af8acfd46ac4a7bf754e8ca6736664,SP,cool_stuff,5,5,1,1,100.00
3903c788ded8dc03b5ebab37a2f3e9a1,SP,beleza_saude,3,5,2,1,60.00
3903c788ded8dc03b5ebab37a2f3e9a1,SP,utilidades_domesticas,2,5,2,2,40.00
397c4d0c005b6f41f90098ac724e28cb,SP,eletroportateis,2,5,4,1,40.00
397c4d0c005b6f41f90098ac724e28cb,SP,utilidades_domesticas,1,5,4,3,20.00
397c4d0c005b6f41f90098ac724e28cb,SP,eletrodomesticos,1,5,4,2,20.00
397c4d0c005b6f41f90098ac724e28cb,SP,agro_industria_e_comercio,1,5,4,4,20.00
3cfa1358a6caa965278721344c8d76f2,SP,casa_construcao,3,5,2,1,60.00
3cfa1358a6caa965278721344c8d76f2,SP,construcao_ferramentas_construcao,2,5,2,2,40.00
3d01d1c414c44b5943a09619ff3853cb,SP,bebes,5,5,1,1,100.00
3fadb4cba4c35bce6a7eaf9872d5623a,RS,beleza_saude,5,5,1,1,100.00
4170f6a9367e6b5d6401d03ce6d54569,DF,informatica_acessorios,3,5,2,1,60.00
4170f6a9367e6b5d6401d03ce6d54569,DF,telefonia_fixa,2,5,2,2,40.00
41e0fa5761c886a630994a55c12087e7,SP,beleza_saude,5,5,1,1,100.00
4221a7df464f1fe2955934e30ff3a5a1,BA,bebes,5,5,1,1,100.00
427165bf50f8ca07efc7bdc2bfcf1688,SP,beleza_saude,5,5,1,1,100.00
43402bdf22aa2310e8f99e2f94f78628,SP,moveis_quarto,3,5,2,1,60.00
43402bdf22aa2310e8f99e2f94f78628,SP,moveis_cozinha_area_de_servico_jantar_e_jardim,2,5,2,2,40.00
4391ea5c5990502176a1dcda44a2373d,RS,climatizacao,4,5,2,1,80.00
4391ea5c5990502176a1dcda44a2373d,RS,eletronicos,1,5,2,2,20.00
46ef1a25845fc051c2998d878354810c,MG,utilidades_domesticas,4,5,2,1,80.00
46ef1a25845fc051c2998d878354810c,MG,ferramentas_jardim,1,5,2,2,20.00
499ec63c58e51296c9cf57edcfe1c8a8,SP,informatica_acessorios,5,5,1,1,100.00
49cdc90518a4f82676b38b3c1aa43ff6,SP,informatica_acessorios,2,5,3,1,40.00
49cdc90518a4f82676b38b3c1aa43ff6,SP,automotivo,2,5,3,2,40.00
49cdc90518a4f82676b38b3c1aa43ff6,SP,eletronicos,1,5,3,3,20.00
4b39558c138930b9e5489c93b6df5fe3,SE,informatica_acessorios,4,5,2,1,80.00
4b39558c138930b9e5489c93b6df5fe3,SE,industria_comercio_e_negocios,1,5,2,2,20.00
4bcec44888b30ba9001234c534716d3f,SP,beleza_saude,5,5,1,1,100.00
4c1c7281388a33dd06daac44f9fadbd1,SP,brinquedos,3,5,3,1,60.00
4c1c7281388a33dd06daac44f9fadbd1,SP,papelaria,1,5,3,3,20.00
4c1c7281388a33dd06daac44f9fadbd1,SP,bebes,1,5,3,2,20.00
4d232b78ab7ef10393dc3807d827bc0d,MG,automotivo,4,5,2,1,80.00
4d232b78ab7ef10393dc3807d827bc0d,MG,eletronicos,1,5,2,2,20.00
4dc646b9b9e8e411ef48ba000ea3ac6f,SP,perfumaria,5,5,1,1,100.00
4deebb3199eeafb282ae33229144f94b,SP,sinalizacao_e_seguranca,5,5,1,1,100.00
4e2627090e6e5b9fabba883a37897683,MG,moveis_decoracao,5,5,1,1,100.00
5236605f4d4b0b3e4df85b850393fca0,SP,esporte_lazer,5,5,1,1,100.00
52454f90d4c30c016768db02f88c1a74,SP,pet_shop,5,5,1,1,100.00
534a01cc6df1e034e05c32028a291fa2,SP,utilidades_domesticas,4,5,2,1,80.00
534a01cc6df1e034e05c32028a291fa2,SP,cama_mesa_banho,1,5,2,2,20.00
54219883e72aad869adfb2a54b7bfa0f,SP,brinquedos,3,5,2,1,60.00
54219883e72aad869adfb2a54b7bfa0f,SP,instrumentos_musicais,2,5,2,2,40.00
5566627eab3fe93fd6ee08798226101a,PR,perfumaria,5,5,1,1,100.00
57df9869a600bd6b7c405f2a862eccfb,MG,utilidades_domesticas,5,5,1,1,100.00
59cd88080b93f3c18508673122d26169,SP,pet_shop,5,5,1,1,100.00
5dc203c7b84a0e71e878a179de05fb9a,SP,ferramentas_jardim,3,5,3,1,60.00
5dc203c7b84a0e71e878a179de05fb9a,SP,telefonia,1,5,3,2,20.00
5dc203c7b84a0e71e878a179de05fb9a,SP,eletronicos,1,5,3,3,20.00
5f0057b677eb963672bf05dfa3f16c34,SP,audio,3,5,3,1,60.00
5f0057b677eb963672bf05dfa3f16c34,SP,livros_importados,1,5,3,3,20.00
5f0057b677eb963672bf05dfa3f16c34,SP,informatica_acessorios,1,5,3,2,20.00
606ce7768feac12c5e8bd58db8b08f0f,SP,relogios_presentes,5,5,1,1,100.00
61b18775be84fb700a6b2d0ba097bf66,SP,pet_shop,5,5,1,1,100.00
6548c2550b6e2d8f18053216e1c7b6f3,SP,utilidades_domesticas,5,5,1,1,100.00
6bd503a8230299c9316fb0f726933927,GO,perfumaria,3,5,2,1,60.00
6bd503a8230299c9316fb0f726933927,GO,beleza_saude,2,5,2,2,40.00
6bd69102ab48df500790a8cecfc285c2,SP,agro_industria_e_comercio,5,5,1,1,100.00
6c17baf138731a4aaacc3210adf2037b,SP,perfumaria,5,5,1,1,100.00
6c1b6d0c604b776f844125f911eb7377,SP,automotivo,3,5,3,1,60.00
6c1b6d0c604b776f844125f911eb7377,SP,bebes,1,5,3,3,20.00
6c1b6d0c604b776f844125f911eb7377,SP,informatica_acessorios,1,5,3,2,20.00
6e4f5ff6b086632ba8dcb558fb10249e,RS,eletrodomesticos_2,3,5,3,1,60.00
6e4f5ff6b086632ba8dcb558fb10249e,RS,cama_mesa_banho,1,5,3,2,20.00
6e4f5ff6b086632ba8dcb558fb10249e,RS,moveis_sala,1,5,3,3,20.00
70f84699be677ec988d1fa824aef7d90,MG,instrumentos_musicais,5,5,1,1,100.00
71593c7413973a1e160057b80d4958f6,SP,moveis_decoracao,3,5,2,1,60.00
71593c7413973a1e160057b80d4958f6,SP,climatizacao,2,5,2,2,40.00
717b78b0950b51ed00b1471d858b0edc,SP,utilidades_domesticas,5,5,1,1,100.00
72c38a04bd6a1c3dbc5298425a0db86d,PR,informatica_acessorios,3,5,3,1,60.00
72c38a04bd6a1c3dbc5298425a0db86d,PR,consoles_games,1,5,3,2,20.00
72c38a04bd6a1c3dbc5298425a0db86d,PR,eletronicos,1,5,3,3,20.00
741f8c587cb4248ebc5b779a0e8e0e51,SP,utilidades_domesticas,2,5,4,1,40.00
741f8c587cb4248ebc5b779a0e8e0e51,SP,eletrodomesticos,1,5,4,4,20.00
741f8c587cb4248ebc5b779a0e8e0e51,SP,pet_shop,1,5,4,2,20.00
741f8c587cb4248ebc5b779a0e8e0e51,SP,papelaria,1,5,4,3,20.00
74c7dec0a384d8a05950e629bd23bde9,SP,perfumaria,3,5,2,1,60.00
74c7dec0a384d8a05950e629bd23bde9,SP,beleza_saude,2,5,2,2,40.00
762fafdaa57a532ee0119731697579dd,SP,brinquedos,3,5,2,1,60.00
762fafdaa57a532ee0119731697579dd,SP,cool_stuff,2,5,2,2,40.00
7994b065a7ffb14e71c6312cf87b9de2,ES,moveis_sala,5,5,1,1,100.00
7a91bf945c6fae0779f1c61ce97fe45c,RJ,beleza_saude,5,5,1,1,100.00
7a9c12e235c36247c3c81f50d6ea9cea,SP,brinquedos,5,5,1,1,100.00
7aa538dd6e114e503a2e6154ea352253,SP,utilidades_domesticas,3,5,2,1,60.00
7aa538dd6e114e503a2e6154ea352253,SP,portateis_cozinha_e_preparadores_de_alimentos,2,5,2,2,40.00
7b7ed56ae755e2880f2b69632e839c1e,GO,utilidades_domesticas,5,5,1,1,100.00
7b8e8ec35bad4b0ef7e3963650b0a87b,SC,automotivo,3,5,2,1,60.00
7b8e8ec35bad4b0ef7e3963650b0a87b,SC,climatizacao,2,5,2,2,40.00
7d294cf9a6a69dc6a0c3e540fff0e039,SC,bebes,5,5,1,1,100.00
7d7866a99a8656a42c7ff6352a433410,SP,artigos_de_festas,3,5,3,1,60.00
7d7866a99a8656a42c7ff6352a433410,SP,cama_mesa_banho,1,5,3,3,20.00
7d7866a99a8656a42c7ff6352a433410,SP,utilidades_domesticas,1,5,3,2,20.00
7df1fc11cc5cbc518b39faa60cf5d67c,MS,automotivo,5,5,1,1,100.00
7f35f9daf223da737b78738fbae4d977,SP,fraldas_higiene,3,5,2,1,60.00
7f35f9daf223da737b78738fbae4d977,SP,perfumaria,2,5,2,2,40.00
8060d731897e33b5c5ae575ce1e209e1,SP,esporte_lazer,5,5,1,1,100.00
809413606dbfe5deefd2db646693ef67,SP,alimentos_bebidas,5,5,1,1,100.00
818d28f936e791926d33bcb6ee94ef79,SP,telefonia,5,5,1,1,100.00
83353a83fd769dfafa4f21a72b15e3e5,SP,esporte_lazer,5,5,1,1,100.00
86bf77bdb52e615674772d5817c6212f,RS,beleza_saude,3,5,2,1,60.00
86bf77bdb52e615674772d5817c6212f,RS,pet_shop,2,5,2,2,40.00
883dd81e82754ac2c65e9790a7db8c9a,PR,esporte_lazer,4,5,2,1,80.00
883dd81e82754ac2c65e9790a7db8c9a,PR,cama_mesa_banho,1,5,2,2,20.00
8b655f0855926bcb49f5835d38dfddf6,SP,papelaria,5,5,1,1,100.00
8b87cd0d43d49b9bdf40f56229364d59,SP,bebes,3,5,2,1,60.00
8b87cd0d43d49b9bdf40f56229364d59,SP,brinquedos,2,5,2,2,40.00
8e34331b7eedd03be4e5d965c1956225,SP,livros_interesse_geral,5,5,1,1,100.00
8fb791022c1fc8909664f48ab7dc636d,SP,eletrodomesticos_2,5,5,1,1,100.00
8fe8786ee000001ab51d030dfd4a7bf1,SC,instrumentos_musicais,5,5,1,1,100.00
8fec2e460530482132c436cfb5439925,SP,brinquedos,5,5,1,1,100.00
901b460cdce0c64e471230d7f2f9f3a3,RS,fashion_bolsas_e_acessorios,4,5,2,1,80.00
901b460cdce0c64e471230d7f2f9f3a3,RS,moveis_quarto,1,5,2,2,20.00
90d4125885ab6c86e8820a722be71974,SP,consoles_games,5,5,1,1,100.00
9485a23c0430ba1d58d359391606fce6,SP,automotivo,5,5,1,1,100.00
94ca168e8bcb407ab85c5da308863027,SP,beleza_saude,4,5,2,1,80.00
94ca168e8bcb407ab85c5da308863027,SP,alimentos,1,5,2,2,20.00
97e4a63591ca439a2b8b7efd20e6e19e,RJ,moveis_sala,5,5,1,1,100.00
97e995629983723d11830a829bc2b246,SP,livros_tecnicos,3,5,2,1,60.00
97e995629983723d11830a829bc2b246,SP,papelaria,2,5,2,2,40.00
9853a239ab7b7ebbdc3a21248d5b8e1f,PR,utilidades_domesticas,5,5,1,1,100.00
9ac4f14370b1e24ddc58be041b7f99df,GO,esporte_lazer,3,5,3,1,60.00
9ac4f14370b1e24ddc58be041b7f99df,GO,musica,1,5,3,2,20.00
9ac4f14370b1e24ddc58be041b7f99df,GO,malas_acessorios,1,5,3,3,20.00
a4bd6e9adf39b63f43dc545d3ca1f53d,RJ,ferramentas_jardim,3,5,2,1,60.00
a4bd6e9adf39b63f43dc545d3ca1f53d,RJ,sinalizacao_e_seguranca,2,5,2,2,40.00
a5bff0f43eb51f0cad7c37fac7244c8a,SP,ferramentas_jardim,5,5,1,1,100.00
a7c88262832dfc683781d6a421edefae,SP,perfumaria,5,5,1,1,100.00
ab9db4cf53b08b828b64dccaafc2d9f0,RS,bebidas,2,5,3,1,40.00
ab9db4cf53b08b828b64dccaafc2d9f0,RS,climatizacao,2,5,3,2,40.00
ab9db4cf53b08b828b64dccaafc2d9f0,RS,utilidades_domesticas,1,5,3,3,20.00
adbe70ab2c97442046d393988c8d1d27,SP,ferramentas_jardim,5,5,1,1,100.00
aded58c8142dedc5494a81f948431fab,RJ,perfumaria,3,5,2,1,60.00
aded58c8142dedc5494a81f948431fab,RJ,beleza_saude,2,5,2,2,40.00
b4b447d715f9ab302a188fb43d3e96b3,SP,esporte_lazer,5,5,1,1,100.00
b566ab0ef88016e00422755e305103c6,MG,beleza_saude,2,5,3,1,40.00
b566ab0ef88016e00422755e305103c6,MG,casa_construcao,2,5,3,2,40.00
b566ab0ef88016e00422755e305103c6,MG,perfumaria,1,5,3,3,20.00
bca9230d3bbb4efa51872bf605a2f1ad,SP,livros_interesse_geral,5,5,1,1,100.00
bdb3edbaee43a761e2d4f258dc08f348,SP,papelaria,4,5,2,1,80.00
bdb3edbaee43a761e2d4f258dc08f348,SP,brinquedos,1,5,2,2,20.00
bff9deb0ec77d437f3305a79cf25529e,SP,telefonia,5,5,1,1,100.00
c0aff2da32c17759d30b22fb0af6649d,SC,papelaria,4,5,2,1,80.00
c0aff2da32c17759d30b22fb0af6649d,SC,construcao_ferramentas_construcao,1,5,2,2,20.00
c24173065483e421f9e5e7f599de101d,SP,esporte_lazer,5,5,1,1,100.00
c53bcd3be457a342a97e39e5a9f0be22,SE,cama_mesa_banho,5,5,1,1,100.00
cd843d4cf8ef32827de0396605163ba3,MG,moveis_cozinha_area_de_servico_jantar_e_jardim,5,5,1,1,100.00
cf1313c6e2c01c2f4b014f97db4bcd2b,RJ,brinquedos,3,5,2,1,60.00
cf1313c6e2c01c2f4b014f97db4bcd2b,RJ,bebes,2,5,2,2,40.00
d2f3e277560ed4c6361284429b00f037,SP,pet_shop,5,5,1,1,100.00
d4a5e99e0dd915df64ba55a7fbd583fd,SP,beleza_saude,5,5,1,1,100.00
d79e8478eed9999493990b44955fb22e,RJ,informatica_acessorios,4,5,2,1,80.00
d79e8478eed9999493990b44955fb22e,RJ,telefonia,1,5,2,2,20.00
da03c298e3999e9d828591fc2179d109,SP,alimentos,5,5,1,1,100.00
debe6615cd90cc0c2eac2b8988e1f628,SP,eletronicos,3,5,2,1,60.00
debe6615cd90cc0c2eac2b8988e1f628,SP,market_place,2,5,2,2,40.00
df47da4ae86fa4db890d05aaf24e21d8,SP,utilidades_domesticas,4,5,2,1,80.00
df47da4ae86fa4db890d05aaf24e21d8,SP,moveis_decoracao,1,5,2,2,20.00
e2a1ac9bf33e5549a2a4f834e70df2f8,SP,informatica_acessorios,5,5,1,1,100.00
e53d5b9b29d1218281f4a907ada18626,PR,brinquedos,5,5,1,1,100.00
e59e489e2ea74bd409b798b5daf49de3,PR,moveis_decoracao,5,5,1,1,100.00
e73bf2cea7fe4b0b4d287a7568ed1099,SC,construcao_ferramentas_construcao,4,5,2,1,80.00
e73bf2cea7fe4b0b4d287a7568ed1099,SC,utilidades_domesticas,1,5,2,2,20.00
ea6b12bf9ffe2bac34602ec631d97a47,SP,brinquedos,2,5,3,1,40.00
ea6b12bf9ffe2bac34602ec631d97a47,SP,utilidades_domesticas,2,5,3,2,40.00
ea6b12bf9ffe2bac34602ec631d97a47,SP,consoles_games,1,5,3,3,20.00
ef9952469137ff190bacafe117f51537,MG,moveis_decoracao,5,5,1,1,100.00
efff9341f3f8f5237b44ff67ed36a7bf,ES,ferramentas_jardim,3,5,3,1,60.00
efff9341f3f8f5237b44ff67ed36a7bf,ES,sinalizacao_e_seguranca,1,5,3,3,20.00
efff9341f3f8f5237b44ff67ed36a7bf,ES,construcao_ferramentas_ferramentas,1,5,3,2,20.00
f021c962aaba8ef6eb527a9c2c8394d1,SC,instrumentos_musicais,5,5,1,1,100.00
f0e103c63864d5405b958d984b6e94c9,SP,beleza_saude,4,5,2,1,80.00
f0e103c63864d5405b958d984b6e94c9,SP,esporte_lazer,1,5,2,2,20.00
f19516b9ff26bfeb091b30108db4ddbd,SP,construcao_ferramentas_jardim,4,5,2,1,80.00
f19516b9ff26bfeb091b30108db4ddbd,SP,ferramentas_jardim,1,5,2,2,20.00
f650a9708fa1bab22bdd8d3a818cc415,SC,moveis_decoracao,5,5,1,1,100.00
f783a638e9c6af4a7d0dbfde811e7a81,SP,brinquedos,4,5,2,1,80.00
f783a638e9c6af4a7d0dbfde811e7a81,SP,bebes,1,5,2,2,20.00
f92d8c817434bd2d84d4e9c61322b7fa,SP,esporte_lazer,5,5,1,1,100.00
f9d010e39375d9c91dce3f40b73a2f84,SP,brinquedos,5,5,1,1,100.00
fc38b5dceee1a730fad8853453437fbd,SP,perfumaria,3,5,2,1,60.00
fc38b5dceee1a730fad8853453437fbd,SP,cama_mesa_banho,2,5,2,2,40.00
fc59392d66ef99377e50356ee4f3b4e1,BA,informatica_acessorios,2,5,3,2,40.00
fc59392d66ef99377e50356ee4f3b4e1,BA,eletronicos,2,5,3,1,40.00
fc59392d66ef99377e50356ee4f3b4e1,BA,telefonia_fixa,1,5,3,3,20.00
fedf2c1386e137f296b3bbf3b635e69d,SP,casa_construcao,3,5,2,1,60.00
fedf2c1386e137f296b3bbf3b635e69d,SP,construcao_ferramentas_iluminacao,2,5,2,2,40.00
02b72cdeb9cfcc429f1af6f4e3f3b737,SP,bebes,4,4,1,1,100.00
044668ccd5316b12a7cf0d54a156e3e9,SP,alimentos,4,4,1,1,100.00
052577151711aec5c744fe12e66db3e1,SC,eletroportateis,4,4,1,1,100.00
05730013efda596306417c3b09302475,SC,moveis_decoracao,3,4,2,1,75.00
05730013efda596306417c3b09302475,SC,artes_e_artesanato,1,4,2,2,25.00
0692610d8abe24f287e9fae90ea0bbee,SP,informatica_acessorios,2,4,2,2,50.00
0692610d8abe24f287e9fae90ea0bbee,SP,moveis_decoracao,2,4,2,1,50.00
0743a0239d764b9a0f959a57d07e36ab,SP,alimentos,3,4,2,1,75.00
0743a0239d764b9a0f959a57d07e36ab,SP,beleza_saude,1,4,2,2,25.00
08061dc0fc165ed41288cc7acde738ee,SP,informatica_acessorios,4,4,1,1,100.00
09883d9ab71c8fe8a9bfc7fc3075b07e,SP,beleza_saude,4,4,1,1,100.00
0b64bcdb0784abc139af04077d49a20e,RS,beleza_saude,4,4,1,1,100.00
0c7f30ae9b147eca07affbef92832a6a,PR,informatica_acessorios,2,4,3,1,50.00
0c7f30ae9b147eca07affbef92832a6a,PR,moveis_escritorio,1,4,3,2,25.00
0c7f30ae9b147eca07affbef92832a6a,PR,esporte_lazer,1,4,3,3,25.00
0d4c8269e7f0401201794deef160edd6,SP,automotivo,4,4,1,1,100.00
0ec28cec4046a4a199b6de9b4c891d97,GO,beleza_saude,4,4,1,1,100.00
0f0c984a4a955310903b6b6008660bad,SP,esporte_lazer,3,4,2,1,75.00
0f0c984a4a955310903b6b6008660bad,SP,beleza_saude,1,4,2,2,25.00
10264f60a8f0a4d2f30810f5c661c673,SP,beleza_saude,4,4,1,1,100.00
119d1aef1b4144adba89163f6cd9f5d4,SP,moveis_decoracao,2,4,2,2,50.00
119d1aef1b4144adba89163f6cd9f5d4,SP,moveis_cozinha_area_de_servico_jantar_e_jardim,2,4,2,1,50.00
11d4c477d09821164bca4f70a2eae031,SP,construcao_ferramentas_jardim,4,4,1,1,100.00
12c2ed9cded6138cf0c75f525f565fc7,SP,cama_mesa_banho,2,4,3,1,50.00
12c2ed9cded6138cf0c75f525f565fc7,SP,alimentos,1,4,3,2,25.00
12c2ed9cded6138cf0c75f525f565fc7,SP,artigos_de_natal,1,4,3,3,25.00
131fcb0a0c9a47bba4474aacff0f14b7,SP,eletrodomesticos,4,4,1,1,100.00
134285d1f41da5c13a756ee8142c8a4e,SP,automotivo,4,4,1,1,100.00
160e4f13fd3a64b1b86807be88b5ffb0,PR,eletroportateis,3,4,2,1,75.00
160e4f13fd3a64b1b86807be88b5ffb0,PR,ferramentas_jardim,1,4,2,2,25.00
17eea220a40cc0d2c0c5346379682398,SP,beleza_saude,4,4,1,1,100.00
1961c3e1272bfeceb05d0b78b5bbfdaf,SP,pc_gamer,4,4,1,1,100.00
19e0f40a907ec568c34bfac15de4f4a1,SP,utilidades_domesticas,4,4,1,1,100.00
1ca4bdb0cd7fc48e949bac066188ed26,MG,moveis_escritorio,4,4,1,1,100.00
1d1bbb8ac1581824986f582583fff01d,SC,beleza_saude,3,4,2,1,75.00
1d1bbb8ac1581824986f582583fff01d,SC,perfumaria,1,4,2,2,25.00
21c62b998a043ebe31161d38f84929fc,CE,automotivo,4,4,1,1,100.00
22c32ec35d0116ef02c281798a25bf8b,PR,esporte_lazer,4,4,1,1,100.00
2493dc3f20131696a0ecdb9948051a8d,DF,cool_stuff,4,4,1,1,100.00
252e76235acb79183cfca6e34f13337d,SP,moveis_decoracao,3,4,2,1,75.00
252e76235acb79183cfca6e34f13337d,SP,automotivo,1,4,2,2,25.00
26b482dccfa29bd2e40703ba45523702,SP,pet_shop,3,4,2,1,75.00
26b482dccfa29bd2e40703ba45523702,SP,beleza_saude,1,4,2,2,25.00
26e13b6ff5b641b329e5524241ee2c93,SP,fashion_bolsas_e_acessorios,3,4,2,1,75.00
26e13b6ff5b641b329e5524241ee2c93,SP,fashion_calcados,1,4,2,2,25.00
28fb0829fd777877cdc350d25cb5bd5b,SP,beleza_saude,4,4,1,1,100.00
293dee954235e4e4e43f129313625ebe,DF,papelaria,4,4,1,1,100.00
29e6e05b65f93bc224c644319dc52ecf,MG,bebes,4,4,1,1,100.00
2b2fed75b8e5ea3a052fc4c0825da485,MG,brinquedos,4,4,1,1,100.00
2b5ed0c9139dae8883a200dfcb272ece,SP,papelaria,4,4,1,1,100.00
2ee0a0689f2f6a72f35a7cb6033f6e7e,SP,fashion_bolsas_e_acessorios,4,4,1,1,100.00
2fa13c8bd5705d279f7ed5cc9ec61c68,SP,perfumaria,3,4,2,1,75.00
2fa13c8bd5705d279f7ed5cc9ec61c68,SP,beleza_saude,1,4,2,2,25.00
33ab10be054370c254ddfcf0a6253422,RJ,beleza_saude,4,4,1,1,100.00
34a557286ead8fe75c989e0afcf7d98c,SP,beleza_saude,4,4,1,1,100.00
353e21e8bf8de2722b4fae1636664b76,RS,automotivo,4,4,1,1,100.00
38e6dada03429a47197d5d584d793b41,SP,papelaria,4,4,1,1,100.00
39f776d2974049026ff531fc42ef2a3e,GO,construcao_ferramentas_seguranca,4,4,1,1,100.00
3be5841cdcc46de4ed3f9116f104b2c5,SP,construcao_ferramentas_construcao,2,4,3,1,50.00
3be5841cdcc46de4ed3f9116f104b2c5,SP,ferramentas_jardim,1,4,3,2,25.00
3be5841cdcc46de4ed3f9116f104b2c5,SP,utilidades_domesticas,1,4,3,3,25.00
3bfba5a77604f6dfae7e6dd7aaf65821,PR,beleza_saude,4,4,1,1,100.00
40536e7ca18e1bce252828e5876466cc,SP,cool_stuff,4,4,1,1,100.00
45c20d94d9171b0bcfab3c955e47d67b,SP,utilidades_domesticas,2,4,3,1,50.00
45c20d94d9171b0bcfab3c955e47d67b,SP,brinquedos,1,4,3,3,25.00
45c20d94d9171b0bcfab3c955e47d67b,SP,moveis_quarto,1,4,3,2,25.00
4a82168aaef173cbb6e46ae88728f919,PR,beleza_saude,3,4,2,1,75.00
4a82168aaef173cbb6e46ae88728f919,PR,perfumaria,1,4,2,2,25.00
4c8545742faaf58fafd5fd14d25d75cf,SP,brinquedos,2,4,2,1,50.00
4c8545742faaf58fafd5fd14d25d75cf,SP,automotivo,2,4,2,2,50.00
4e42581f08e8cfc7c090f930bac4552a,SP,moveis_cozinha_area_de_servico_jantar_e_jardim,2,4,3,1,50.00
4e42581f08e8cfc7c090f930bac4552a,SP,moveis_decoracao,1,4,3,2,25.00
4e42581f08e8cfc7c090f930bac4552a,SP,moveis_escritorio,1,4,3,3,25.00
4e85b538b0dad58852641540686d0e14,SP,ferramentas_jardim,3,4,2,1,75.00
4e85b538b0dad58852641540686d0e14,SP,sinalizacao_e_seguranca,1,4,2,2,25.00
51209b446b2073894bdc0face6c73ffc,ES,moveis_decoracao,4,4,1,1,100.00
5145090ab595c0d0b8557199f5701fbf,PR,cama_mesa_banho,4,4,1,1,100.00
5194c22ed1f616ec0c0f33c571542879,MG,eletrodomesticos_2,2,4,3,1,50.00
5194c22ed1f616ec0c0f33c571542879,MG,agro_industria_e_comercio,1,4,3,2,25.00
5194c22ed1f616ec0c0f33c571542879,MG,portateis_casa_forno_e_cafe,1,4,3,3,25.00
5275ca25d0358ca73864e0ae41be1320,SP,papelaria,4,4,1,1,100.00
52a50b42accf164f9f019941e5759d9b,SP,alimentos_bebidas,4,4,1,1,100.00
556a6409838156ea299c9d1f9e2dde43,PR,utilidades_domesticas,4,4,1,1,100.00
5b97c06a046398e7005b2b7c0d707a92,MG,instrumentos_musicais,4,4,1,1,100.00
5bf397d04035b5f45cc41e82ec106803,SP,eletroportateis,3,4,2,1,75.00
5bf397d04035b5f45cc41e82ec106803,SP,beleza_saude,1,4,2,2,25.00
5f06030071324cc52bf0304014ac7234,SP,cama_mesa_banho,4,4,1,1,100.00
6025c79c035c3d772133b8b8238463b2,PR,automotivo,4,4,1,1,100.00
6a53b90c3ad9e0b56d9fe5c69165fff5,PR,telefonia,2,4,2,1,50.00
6a53b90c3ad9e0b56d9fe5c69165fff5,PR,bebes,2,4,2,2,50.00
6c9875b2f94ba781186f0c1aed8d1687,SP,pet_shop,4,4,1,1,100.00
6d1b9c9579132c87d2703ec38c30f2c5,PR,brinquedos,2,4,2,2,50.00
6d1b9c9579132c87d2703ec38c30f2c5,PR,bebes,2,4,2,1,50.00
700f03c207639c22d933381ff60b35c2,SP,pet_shop,4,4,1,1,100.00
713e3a23ca5e47786eb6f0d99f94cfac,PR,bebes,4,4,1,1,100.00
7402d13c03a7e91366337cd1de471144,PR,moveis_cozinha_area_de_servico_jantar_e_jardim,3,4,2,1,75.00
7402d13c03a7e91366337cd1de471144,PR,moveis_escritorio,1,4,2,2,25.00
74636e24f01da9268b0ed88dacd8513e,SP,utilidades_domesticas,3,4,2,1,75.00
74636e24f01da9268b0ed88dacd8513e,SP,esporte_lazer,1,4,2,2,25.00
762ed976527cddf02787edba70fffa2a,PR,casa_construcao,2,4,2,2,50.00
762ed976527cddf02787edba70fffa2a,PR,moveis_decoracao,2,4,2,1,50.00
7bcd7c5f8631701474db233ccf1c094b,SP,esporte_lazer,3,4,2,1,75.00
7bcd7c5f8631701474db233ccf1c094b,SP,utilidades_domesticas,1,4,2,2,25.00
7c51de0ab286204ce75ff42bf7c10d92,SC,beleza_saude,4,4,1,1,100.00
7c9130f5f3729edd32aa059141d92484,SP,informatica_acessorios,4,4,1,1,100.00
7d948535954aaf8c5d39db007f74372e,SP,fashion_roupa_feminina,3,4,2,1,75.00
7d948535954aaf8c5d39db007f74372e,SP,bebes,1,4,2,2,25.00
7e79d65b5c6f1f544b7daea036acf720,SP,brinquedos,4,4,1,1,100.00
7fe21dd00d2f4943ae09525efa2fd674,RJ,fashion_bolsas_e_acessorios,3,4,2,1,75.00
7fe21dd00d2f4943ae09525efa2fd674,RJ,fashion_roupa_infanto_juvenil,1,4,2,2,25.00
800214c63934acd05d47e84214db8ba8,SC,malas_acessorios,3,4,2,1,75.00
800214c63934acd05d47e84214db8ba8,SC,esporte_lazer,1,4,2,2,25.00
830379336fad8c6f3b15a4a3ddb5c66e,SP,moveis_cozinha_area_de_servico_jantar_e_jardim,4,4,1,1,100.00
85044848b1b767db2a4a58526adef4b4,SP,telefonia,2,4,3,1,50.00
85044848b1b767db2a4a58526adef4b4,SP,eletroportateis,1,4,3,3,25.00
85044848b1b767db2a4a58526adef4b4,SP,eletronicos,1,4,3,2,25.00
8a43128d7f9a3db592b866e6861a6cce,SP,automotivo,2,4,3,1,50.00
8a43128d7f9a3db592b866e6861a6cce,SP,telefonia,1,4,3,2,25.00
8a43128d7f9a3db592b866e6861a6cce,SP,eletronicos,1,4,3,3,25.00
8dfbc5ff27df12f6cef751d3b9554222,PR,ferramentas_jardim,4,4,1,1,100.00
902c99f1ac505c0d18778b61bcd636f7,SP,utilidades_domesticas,3,4,2,1,75.00
902c99f1ac505c0d18778b61bcd636f7,SP,esporte_lazer,1,4,2,2,25.00
918717417d88a9f9ae9735567e6c7682,SP,beleza_saude,2,4,3,1,50.00
918717417d88a9f9ae9735567e6c7682,SP,esporte_lazer,1,4,3,3,25.00
918717417d88a9f9ae9735567e6c7682,SP,bebes,1,4,3,2,25.00
929f342384a6607afe143d789ade1316,PR,utilidades_domesticas,2,4,3,1,50.00
929f342384a6607afe143d789ade1316,PR,pet_shop,1,4,3,2,25.00
929f342384a6607afe143d789ade1316,PR,ferramentas_jardim,1,4,3,3,25.00
939e6227d6964a11a70aa91243e418f2,MG,beleza_saude,4,4,1,1,100.00
939f6e231201f26803cb5c3a3d2940b3,SP,moveis_decoracao,4,4,1,1,100.00
941554c5757b73ba0e50aa7732310afc,SP,ferramentas_jardim,4,4,1,1,100.00
961dff0a659b4561334372337dd897d9,RJ,cool_stuff,4,4,1,1,100.00
979e9f8b5b39dd243a2550c8b05aecf0,SP,beleza_saude,4,4,1,1,100.00
9cf787a239c1aa29dbd76f153dc13f9a,SP,papelaria,4,4,1,1,100.00
9dc79dd988ac42f4d56c340d7048420a,SP,beleza_saude,4,4,1,1,100.00
a080fc8a850289b27500f6b49cca2553,SP,automotivo,3,4,2,1,75.00
a080fc8a850289b27500f6b49cca2553,SP,brinquedos,1,4,2,2,25.00
a0a14e50070f3225b3eabba5b85da517,PR,moveis_sala,4,4,1,1,100.00
a0d7fbb07bb5ebc3b05980e750db56f3,SP,moveis_decoracao,4,4,1,1,100.00
a13aaf2d2886ab9fb30fb9a920160b8f,SC,instrumentos_musicais,4,4,1,1,100.00
a218df5c097b0ca409cfaac1488cc7f6,SP,utilidades_domesticas,2,4,3,1,50.00
a218df5c097b0ca409cfaac1488cc7f6,SP,construcao_ferramentas_construcao,1,4,3,3,25.00
a218df5c097b0ca409cfaac1488cc7f6,SP,automotivo,1,4,3,2,25.00
a21c11ec5c3f03e7cc9f9203bff9e1c6,SP,perfumaria,3,4,2,1,75.00
a21c11ec5c3f03e7cc9f9203bff9e1c6,SP,beleza_saude,1,4,2,2,25.00
a3082f442524a1be452e3189e003b361,SP,automotivo,4,4,1,1,100.00
a56e351445e5863fc8960640ba9190c7,SC,construcao_ferramentas_seguranca,2,4,2,2,50.00
a56e351445e5863fc8960640ba9190c7,SC,bebes,2,4,2,1,50.00
a5ff20ff766e7f50bd5066f33da14413,SP,utilidades_domesticas,2,4,2,2,50.00
a5ff20ff766e7f50bd5066f33da14413,SP,eletrodomesticos,2,4,2,1,50.00
a70e9066dbfd10b6b97a3f54a1356762,PR,moveis_decoracao,4,4,1,1,100.00
a7a9b880c49781da66651ccf4ba9ac38,SP,cama_mesa_banho,4,4,1,1,100.00
a9b533a26e898b12e8b8d4c07279bf4d,RJ,livros_interesse_geral,4,4,1,1,100.00
aa1eb17b9fdf6dfd546e25c45c7b9235,SP,beleza_saude,4,4,1,1,100.00
ab91571efab27993ff2f6b36e38055c3,SP,automotivo,4,4,1,1,100.00
aeb36d67f1414f234d42a29e27cf1f17,SP,automotivo,4,4,1,1,100.00
b01c2b7b8599b325103ebcddc67413e1,RS,beleza_saude,4,4,1,1,100.00
b0398568231ba5e6734af1881671a317,ES,cool_stuff,2,4,3,1,50.00
b0398568231ba5e6734af1881671a317,ES,ferramentas_jardim,1,4,3,3,25.00
b0398568231ba5e6734af1881671a317,ES,automotivo,1,4,3,2,25.00
b0f2a6122a90a93eb03e68653dd960e3,PR,beleza_saude,4,4,1,1,100.00
b43d8b707f887a30f4675391098354a0,SP,eletroportateis,3,4,2,1,75.00
b43d8b707f887a30f4675391098354a0,SP,esporte_lazer,1,4,2,2,25.00
b76a1f8356322f12529c37b67d5c96c2,SP,cool_stuff,1,4,4,3,25.00
b76a1f8356322f12529c37b67d5c96c2,SP,utilidades_domesticas,1,4,4,4,25.00
b76a1f8356322f12529c37b67d5c96c2,SP,moveis_decoracao,1,4,4,1,25.00
b76a1f8356322f12529c37b67d5c96c2,SP,automotivo,1,4,4,2,25.00
b7e1750c1157341d2abd0251e07c186b,SP,esporte_lazer,3,4,2,1,75.00
b7e1750c1157341d2abd0251e07c186b,SP,fashion_esporte,1,4,2,2,25.00
b88e7c57cb2d8b973b7dd4a2bfa14b36,PR,beleza_saude,4,4,1,1,100.00
bcf5566870987da7bc811fbc8c5b9fd9,SP,instrumentos_musicais,4,4,1,1,100.00
bd0a1b0aadca9a83d9304f7e8ff5fbd5,SP,telefonia,4,4,1,1,100.00
bd4ff04377f974574f7f0bf9d6ce7dde,SP,moveis_decoracao,2,4,3,1,50.00
bd4ff04377f974574f7f0bf9d6ce7dde,SP,utilidades_domesticas,1,4,3,2,25.00
bd4ff04377f974574f7f0bf9d6ce7dde,SP,automotivo,1,4,3,3,25.00
bf961104a38e01b9062ee026bb657dee,SP,cool_stuff,4,4,1,1,100.00
c1f12f926d0ba950578b4fa41115cbb6,SP,utilidades_domesticas,3,4,2,1,75.00
c1f12f926d0ba950578b4fa41115cbb6,SP,esporte_lazer,1,4,2,2,25.00
c4af86330efa7a2620772227d2d670c9,SP,construcao_ferramentas_construcao,4,4,1,1,100.00
c714262700f93defc16bf17a51a4cb23,SP,cool_stuff,3,4,2,1,75.00
c714262700f93defc16bf17a51a4cb23,SP,esporte_lazer,1,4,2,2,25.00
c7bb64409aa480bb7d0335faaaf3d242,SC,automotivo,4,4,1,1,100.00
c7dcd301ecfe5ab7f778ac172cf74be7,MG,beleza_saude,3,4,2,1,75.00
c7dcd301ecfe5ab7f778ac172cf74be7,MG,climatizacao,1,4,2,2,25.00
c9e5ad1f6647f5dbd1172adf6ae3cada,RS,agro_industria_e_comercio,2,4,3,1,50.00
c9e5ad1f6647f5dbd1172adf6ae3cada,RS,construcao_ferramentas_construcao,1,4,3,3,25.00
c9e5ad1f6647f5dbd1172adf6ae3cada,RS,eletroportateis,1,4,3,2,25.00
cb5ff1b9715e99589f3e0c7a6afab9e3,PR,esporte_lazer,4,4,1,1,100.00
cf654707ed6a99f112c7ec3d6f314b8b,SP,fashion_bolsas_e_acessorios,4,4,1,1,100.00
d52cbce9845184537284a23c3bc3da0e,SC,papelaria,4,4,1,1,100.00
d73cbd89533ce8b041a9190241453ac8,MG,fashion_bolsas_e_acessorios,4,4,1,1,100.00
d7b2377bae6ace1b11fc69a11900ac36,SP,fashion_underwear_e_moda_praia,4,4,1,1,100.00
d8d9567d0bfb0bc7eb845a205ba42657,SP,livros_interesse_geral,3,4,2,1,75.00
d8d9567d0bfb0bc7eb845a205ba42657,SP,bebes,1,4,2,2,25.00
dbbcfe2c8d026742134ac3e28ccde274,PR,esporte_lazer,4,4,1,1,100.00
dc50afafdfa325eadc890c7fa42a8f4e,PR,eletrodomesticos,3,4,2,1,75.00
dc50afafdfa325eadc890c7fa42a8f4e,PR,eletroportateis,1,4,2,2,25.00
dc64d75cc406bb0697be983831430e60,MG,informatica_acessorios,4,4,1,1,100.00
dd4d95ba2d15c071e6c695e2ef6ce169,ES,papelaria,4,4,1,1,100.00
e09887ca8c7bf8a4621ce481820414ef,SP,moveis_decoracao,4,4,1,1,100.00
e3e15e2c0b9700561efac21c6be48066,SP,utilidades_domesticas,4,4,1,1,100.00
e51f22821f0c12a16ad5c020cdcd55e9,SP,informatica_acessorios,4,4,1,1,100.00
e5c84227854980f1db19a58958c551d9,PR,utilidades_domesticas,3,4,2,1,75.00
e5c84227854980f1db19a58958c551d9,PR,cama_mesa_banho,1,4,2,2,25.00
e5f9e61ceb5f523cc966e0f34095032f,SC,informatica_acessorios,2,4,2,1,50.00
e5f9e61ceb5f523cc966e0f34095032f,SC,cool_stuff,2,4,2,2,50.00
e9729944ba65dc3ce425e0c5a22ae7b2,RJ,ferramentas_jardim,4,4,1,1,100.00
e9e446d01bd10a97a8ffcfc4a3a20cb2,SP,perfumaria,4,4,1,1,100.00
ea4e9ce63a2134743b4a92777437fcdd,SC,climatizacao,4,4,1,1,100.00
ed46f1eb4a638113deb2a1137b5f22e9,SC,beleza_saude,4,4,1,1,100.00
eec3469d83e142f9a104886655338c37,SP,moveis_decoracao,3,4,2,1,75.00
eec3469d83e142f9a104886655338c37,SP,cama_mesa_banho,1,4,2,2,25.00
ef728fa1f17436c91ed1ccd03dcf9631,SP,artes_e_artesanato,4,4,1,1,100.00
f049a72cf58fd31b11f8919cade515e7,SP,beleza_saude,2,4,3,1,50.00
f049a72cf58fd31b11f8919cade515e7,SP,moveis_decoracao,1,4,3,2,25.00
f049a72cf58fd31b11f8919cade515e7,SP,cama_mesa_banho,1,4,3,3,25.00
f1b854361f4e15d5851b494df66f22b2,RJ,pet_shop,3,4,2,1,75.00
f1b854361f4e15d5851b494df66f22b2,RJ,brinquedos,1,4,2,2,25.00
f2336e113377dd21c744d9c4fc8293a9,SP,ferramentas_jardim,3,4,2,1,75.00
f2336e113377dd21c744d9c4fc8293a9,SP,moveis_decoracao,1,4,2,2,25.00
f3295428338a40977a03f555246a70f4,ES,beleza_saude,4,4,1,1,100.00
f4ce8ca9fa7157e3b33f536ac9a4487d,SP,utilidades_domesticas,2,4,2,1,50.00
f4ce8ca9fa7157e3b33f536ac9a4487d,SP,cama_mesa_banho,2,4,2,2,50.00
fc6295add6f51a0936407ead70c1001d,SP,moveis_decoracao,4,4,1,1,100.00
fc908879b9ca1bd65419e54e50432d38,SP,livros_interesse_geral,4,4,1,1,100.00
fd312b6bf05efac6c3772d5b52205d8a,SP,beleza_saude,4,4,1,1,100.00
fec8cd45395b3cb0c2b173d7739706a1,SP,brinquedos,4,4,1,1,100.00
ff82e8873fba613f2261a9acc896fd84,MG,bebes,3,4,2,1,75.00
ff82e8873fba613f2261a9acc896fd84,MG,cool_stuff,1,4,2,2,25.00
0015a82c2db000af6aaaf3ae2ecb0532,SP,eletroportateis,3,3,1,1,100.00
01266d4c46afa519678d16a8b683d325,PR,construcao_ferramentas_ferramentas,3,3,1,1,100.00
03bd479e1d9484cdb14104d3023f7321,MG,automotivo,3,3,1,1,100.00
042573af89b6d931f672efaf789d8358,SP,eletroportateis,2,3,2,1,66.67
042573af89b6d931f672efaf789d8358,SP,esporte_lazer,1,3,2,2,33.33
08f5819815f3d06545011850bd70f0a8,SP,beleza_saude,3,3,1,1,100.00
0b0ddbc7b9d9584f442c7ac92b0ff6c9,SP,automotivo,3,3,1,1,100.00
0cab2da43793a6f3c5ed8514c5f54627,PR,papelaria,2,3,2,1,66.67
0cab2da43793a6f3c5ed8514c5f54627,PR,esporte_lazer,1,3,2,2,33.33
0dfbed20065e425d2eaefb101f9816c0,SP,bebes,2,3,2,1,66.67
0dfbed20065e425d2eaefb101f9816c0,SP,utilidades_domesticas,1,3,2,2,33.33
0e72c1a751b496722a6cb1f10653b62a,SP,brinquedos,2,3,2,1,66.67
0e72c1a751b496722a6cb1f10653b62a,SP,livros_interesse_geral,1,3,2,2,33.33
0f7eea709efdf942b5f95c7516dbacd7,SP,beleza_saude,3,3,1,1,100.00
0fe2d9733ed841eb064503920015a8c0,SP,automotivo,3,3,1,1,100.00
10089e9f2fd0c668a8fd4e52e1698888,SP,climatizacao,3,3,1,1,100.00
1099a00e0ee3a50935e6c2447ca090c5,RJ,climatizacao,3,3,1,1,100.00
10cdd491d1dbea8fb4ead97b19c334ce,MG,pet_shop,3,3,1,1,100.00
11fb6f6d341adbe19e81733701704635,SP,cama_mesa_banho,3,3,1,1,100.00
1284de4ae8aa26997e748c851557cf0e,SP,relogios_presentes,3,3,1,1,100.00
13dd308f81fea30cc670c656b2b46cc3,SP,beleza_saude,3,3,1,1,100.00
1588ac4010787100dddef64568f0ae35,PR,informatica_acessorios,3,3,1,1,100.00
17adeba047385fb0c67d8e90b4296d21,SP,moveis_escritorio,3,3,1,1,100.00
184725737946a1a938bbbd1a9e978103,SP,beleza_saude,2,3,2,1,66.67
184725737946a1a938bbbd1a9e978103,SP,fashion_bolsas_e_acessorios,1,3,2,2,33.33
191d55f7edb8524d525ed01b20fe32e8,DF,moveis_colchao_e_estofado,3,3,1,1,100.00
1c56ffe0e9dea2657fc6e95b53f40b13,SP,perfumaria,3,3,1,1,100.00
1cbcd2ee0afb3fc09963b87eb65e7e4f,PR,perfumaria,3,3,1,1,100.00
1d0997ff06b524ce9289ffd75114ecd3,PE,automotivo,2,3,2,1,66.67
1d0997ff06b524ce9289ffd75114ecd3,PE,informatica_acessorios,1,3,2,2,33.33
1e47defeeadeca0e9a18fa5a9311e735,SP,esporte_lazer,2,3,2,1,66.67
1e47defeeadeca0e9a18fa5a9311e735,SP,automotivo,1,3,2,2,33.33
1f7fd2a6fcd5a6fa5d8a4dabc72aaae0,RS,utilidades_domesticas,3,3,1,1,100.00
2063dd1b9f568df1c16741ea7d3e6adb,PR,moveis_decoracao,3,3,1,1,100.00
2075d8cd4dd63ff12df0749a5866bb06,PR,cama_mesa_banho,3,3,1,1,100.00
213fafb0ca06fb3d5886579c2565791b,MG,cool_stuff,1,3,3,1,33.33
213fafb0ca06fb3d5886579c2565791b,MG,informatica_acessorios,1,3,3,3,33.33
213fafb0ca06fb3d5886579c2565791b,MG,cine_foto,1,3,3,2,33.33
217f005bb37ff3aeef5b2ae1788e75ba,SP,fashion_esporte,3,3,1,1,100.00
2305ab43e846518f58dd9d59f3f54e96,SP,perfumaria,3,3,1,1,100.00
23ff42c4bf1f8f16cddb19d8b972974a,MG,esporte_lazer,3,3,1,1,100.00
244b04680fdbded0acf5aebd9c92b44a,SP,instrumentos_musicais,3,3,1,1,100.00
249f0e9905a6e06ad6c6bea7547ab9f6,RJ,artes,2,3,2,1,66.67
249f0e9905a6e06ad6c6bea7547ab9f6,RJ,pet_shop,1,3,2,2,33.33
28c7d8743fbc8679f484868cc0fcaefb,SP,beleza_saude,3,3,1,1,100.00
2a167ca73899c85001a837d8fb4962f6,SP,construcao_ferramentas_ferramentas,3,3,1,1,100.00
2a7c6c0b0d5efde2bf75ec1e1cec2d41,PR,moveis_decoracao,3,3,1,1,100.00
2c43fb513632d29b3b58df74816f1b06,MG,pet_shop,2,3,2,1,66.67
2c43fb513632d29b3b58df74816f1b06,MG,ferramentas_jardim,1,3,2,2,33.33
2d22fc3089eb907b29ebff50581fb472,RJ,casa_construcao,3,3,1,1,100.00
2eeb6531ee027a48d401e72bebdd87d3,SP,perfumaria,3,3,1,1,100.00
2f73e04d12cdf0c945ded66bb3fcf6c7,ES,ferramentas_jardim,3,3,1,1,100.00
324583d68897f5ddbaf38f6248322176,SP,moveis_decoracao,3,3,1,1,100.00
327b89b872c14d1c0be7235ef4871685,AM,telefonia,3,3,1,1,100.00
3442f8959a84dea7ee197c632cb2df15,SP,esporte_lazer,3,3,1,1,100.00
37ceb404da208418c9032f0674e57804,SP,moveis_decoracao,3,3,1,1,100.00
3bb32fedaa74e4ad20f4ce067733bd31,SC,esporte_lazer,3,3,1,1,100.00
3d290fe363c60a77498c1126fd3fb8d3,SP,informatica_acessorios,3,3,1,1,100.00
3d3ccf2b2f8134b10dce9dd446f0e075,SP,cama_mesa_banho,3,3,1,1,100.00
3d49bfdd1b43a7fe169b3740067acc61,MG,construcao_ferramentas_construcao,3,3,1,1,100.00
3d700782d7818f2c1e0d7a9e9d75fc00,SP,pet_shop,3,3,1,1,100.00
3f84fefc07dc159b268d4a77d3e8c425,PR,beleza_saude,3,3,1,1,100.00
41c9d3997dd3c072c31139dc5bb5761f,MG,papelaria,3,3,1,1,100.00
42d4b7e70819438f5ada61c965e92d7e,GO,automotivo,2,3,2,1,66.67
42d4b7e70819438f5ada61c965e92d7e,GO,bebidas,1,3,2,2,33.33
42fb44130ac3134cde8e35cf8ec7df25,SP,fashion_bolsas_e_acessorios,3,3,1,1,100.00
446cc09cdbb130904da114e807dbec40,SP,artigos_de_festas,3,3,1,1,100.00
44717f64ec2a457979cf83c429077666,RS,construcao_ferramentas_iluminacao,3,3,1,1,100.00
44ed138eca6214d572ce1d813fb0049b,RS,beleza_saude,2,3,2,1,66.67
44ed138eca6214d572ce1d813fb0049b,RS,esporte_lazer,1,3,2,2,33.33
461ff5303b6c9c1a4a07f40c5aece516,PR,beleza_saude,3,3,1,1,100.00
47648caee88ccfe951fbb27fbf7b4cbe,SP,automotivo,3,3,1,1,100.00
478bfe564db21eeb44386606aa30b650,MG,pet_shop,3,3,1,1,100.00
48bad451945f5227341793478d6353ea,SP,livros_interesse_geral,2,3,2,1,66.67
48bad451945f5227341793478d6353ea,SP,livros_tecnicos,1,3,2,2,33.33
48e5ee06fb2dc74df1c711a9b6dfac2a,MG,construcao_ferramentas_construcao,3,3,1,1,100.00
4a1917ef994878940e1fb03eeb787ad7,DF,telefonia_fixa,3,3,1,1,100.00
4a23adac87cf538689fa600d976f78b2,SP,moveis_decoracao,3,3,1,1,100.00
4c4d546adf3c3868fe19c9ec6e9ffda9,PR,pet_shop,3,3,1,1,100.00
4e6015589b781adaa5ce7f1892d06bb1,SP,esporte_lazer,3,3,1,1,100.00
4fb41dff7c50136976d1a5cf004a42e2,BA,relogios_presentes,3,3,1,1,100.00
519a7aa428f18d125a283cf8c014fdd6,SC,moveis_sala,3,3,1,1,100.00
51f108f62cb87d61918159902c8f8583,PR,livros_tecnicos,3,3,1,1,100.00
52956b80ae65fda598f06f6b9943e7a9,PR,perfumaria,3,3,1,1,100.00
53088c75f948b48a7ece173ac17f0c12,RS,beleza_saude,2,3,2,1,66.67
53088c75f948b48a7ece173ac17f0c12,RS,bebidas,1,3,2,2,33.33
56f413900b5166ab4d730e9ac0b12cb0,SP,esporte_lazer,2,3,2,1,66.67
56f413900b5166ab4d730e9ac0b12cb0,SP,informatica_acessorios,1,3,2,2,33.33
5741dc2bf5044c34d0698681c5081bed,SP,perfumaria,3,3,1,1,100.00
578fa3a9cb6b6dceab39231ad59cdaca,CE,livros_tecnicos,3,3,1,1,100.00
58e4b302b54937e55a678c4d15111da4,PR,beleza_saude,3,3,1,1,100.00
5a4236931428800e9d9cc04af0987118,SP,utilidades_domesticas,3,3,1,1,100.00
5acd070dd3fe441bbb2ec1f1ede515ee,SP,eletronicos,3,3,1,1,100.00
5e49e3a44bdeb5aab2684258bbd4f525,SC,esporte_lazer,3,3,1,1,100.00
5f5a58930c3c35f3b5af264f34fb8c85,SP,eletrodomesticos_2,2,3,2,1,66.67
5f5a58930c3c35f3b5af264f34fb8c85,SP,construcao_ferramentas_construcao,1,3,2,2,33.33
612a743d294c27884fb7b80d2b19ba35,PR,moveis_decoracao,2,3,2,1,66.67
612a743d294c27884fb7b80d2b19ba35,PR,esporte_lazer,1,3,2,2,33.33
61f159ef6da2d441951d2c0efa719362,ES,moveis_decoracao,1,3,3,3,33.33
61f159ef6da2d441951d2c0efa719362,ES,esporte_lazer,1,3,3,2,33.33
61f159ef6da2d441951d2c0efa719362,ES,bebes,1,3,3,1,33.33
626ab1cd96932367f0eeec2e47046c12,SP,ferramentas_jardim,2,3,2,1,66.67
626ab1cd96932367f0eeec2e47046c12,SP,utilidades_domesticas,1,3,2,2,33.33
62760d278921b5f352461620d68a9cee,SP,moveis_decoracao,3,3,1,1,100.00
630008e0f062605a415d694489f6f82e,SP,eletronicos,3,3,1,1,100.00
63ffcb71394dd8ea3872ed9ffda17c74,RJ,esporte_lazer,3,3,1,1,100.00
657969cca82e884d272385ec0ef06edd,RS,esporte_lazer,3,3,1,1,100.00
6650fcccd8cd2f7e55ffa524f30c4c59,SP,malas_acessorios,3,3,1,1,100.00
66d5ae34537110d3affc56174dad2b2f,SP,construcao_ferramentas_jardim,3,3,1,1,100.00
67e43d802fde8cfd3f9580124f8167d1,SP,cama_mesa_banho,3,3,1,1,100.00
69a43819c758c65a5befb0b471c954d7,PR,fashion_bolsas_e_acessorios,3,3,1,1,100.00
6d7f8d9d594e28796b6b3205b00f459c,PR,moveis_decoracao,3,3,1,1,100.00
6eeed17989b0ae47c9f11ece6f38ea90,SP,automotivo,3,3,1,1,100.00
6fa9202c10491e472dffd59a3e82b2a3,SP,utilidades_domesticas,3,3,1,1,100.00
70126eecc6aa1274392a1743866e9678,SP,brinquedos,2,3,2,1,66.67
70126eecc6aa1274392a1743866e9678,SP,artes_e_artesanato,1,3,2,2,33.33
7238f877570096ae403c51898fa64566,SP,cool_stuff,3,3,1,1,100.00
731ef20c231d9a7103a425e83fd91271,SC,moveis_cozinha_area_de_servico_jantar_e_jardim,3,3,1,1,100.00
747e73c01a4593d4cf60dcf970fd2689,PE,relogios_presentes,3,3,1,1,100.00
74bafed391319577bce6f4d2acc0589a,SP,beleza_saude,2,3,2,1,66.67
74bafed391319577bce6f4d2acc0589a,SP,cool_stuff,1,3,2,2,33.33
75745ef7bc7d4f3ea3380f6f5303f514,DF,brinquedos,2,3,2,1,66.67
75745ef7bc7d4f3ea3380f6f5303f514,DF,bebidas,1,3,2,2,33.33
761681a821d8275bc79f552116d06869,SP,ferramentas_jardim,2,3,2,1,66.67
761681a821d8275bc79f552116d06869,SP,industria_comercio_e_negocios,1,3,2,2,33.33
76623fde66e6b63b59440fd34160512d,SP,fashion_bolsas_e_acessorios,3,3,1,1,100.00
778323240ce2830d68aab11794e00bfb,SP,beleza_saude,3,3,1,1,100.00
782f78b632a43875dd5b53e3e49c9564,SP,moveis_decoracao,3,3,1,1,100.00
78ef7e885d17f35e2382a47aae8b8cce,RS,livros_tecnicos,3,3,1,1,100.00
79565f7d5603b24ddf07ade262547f2f,SP,automotivo,2,3,2,1,66.67
79565f7d5603b24ddf07ade262547f2f,SP,moveis_decoracao,1,3,2,2,33.33
7a188843479798ca813108fa7b959286,SP,utilidades_domesticas,3,3,1,1,100.00
7adbd3210a7b3cc2235e225eef33574d,SP,utilidades_domesticas,3,3,1,1,100.00
7e26c750b4cb9f6766f58265ff9ebe95,MG,beleza_saude,3,3,1,1,100.00
8132b9bd16876e1b0f8808d43825dd48,SC,esporte_lazer,3,3,1,1,100.00
83c465a786b06574376909b35ef6752a,SP,cama_mesa_banho,3,3,1,1,100.00
83f2b4881141ce3fcd4e985125d3279e,SP,bebes,3,3,1,1,100.00
8759e7aedd644f487315e5860962f162,SP,eletrodomesticos,3,3,1,1,100.00
87f3e35268860433e13d577825aada95,SP,moveis_decoracao,3,3,1,1,100.00
88ae906ea2acf6971f26c3e8b7cb4357,SP,perfumaria,3,3,1,1,100.00
8a207b6080964f3c1fc9d35bd6096ba4,SP,moveis_quarto,2,3,2,1,66.67
8a207b6080964f3c1fc9d35bd6096ba4,SP,moveis_sala,1,3,2,2,33.33
8a8835a43bda99fd37310ad76c457510,SP,automotivo,3,3,1,1,100.00
8fbe2ee446b97e128471be4ce983dc0d,SP,beleza_saude,3,3,1,1,100.00
918f6fbcf3ab724d805867303e593a1b,SP,eletronicos,2,3,2,1,66.67
918f6fbcf3ab724d805867303e593a1b,SP,informatica_acessorios,1,3,2,2,33.33
933446e9a59dece7ae9175103820ca8f,PR,utilidades_domesticas,3,3,1,1,100.00
94c49f20a123aeb9360dbf80ff912bf6,SP,brinquedos,2,3,2,1,66.67
94c49f20a123aeb9360dbf80ff912bf6,SP,fashion_esporte,1,3,2,2,33.33
9599519be538b98748162a2b48248960,SP,esporte_lazer,3,3,1,1,100.00
96f7c797de9ca20efbe14545bed63eec,SP,perfumaria,3,3,1,1,100.00
98115075dd26cb8835946fc6086f5d30,SP,moveis_decoracao,3,3,1,1,100.00
9996ae921c50e8dff411ac69c0b4bb8b,SP,moveis_decoracao,3,3,1,1,100.00
9b1585752613ec342d03bbab9997ec48,RJ,automotivo,2,3,2,1,66.67
9b1585752613ec342d03bbab9997ec48,RJ,livros_importados,1,3,2,2,33.33
9b76ad3d04236f76bc71c59470305e13,SP,utilidades_domesticas,3,3,1,1,100.00
9bade61a92bed55a25d2b67b9f4ed739,PR,bebes,3,3,1,1,100.00
9c54608f0996c32ae4743089d915f845,PR,utilidades_domesticas,3,3,1,1,100.00
9d213f303afae4983637247556438ede,SP,cama_mesa_banho,3,3,1,1,100.00
9e17b9d64683aebcbb9ee362d06463b4,SP,esporte_lazer,2,3,2,1,66.67
9e17b9d64683aebcbb9ee362d06463b4,SP,alimentos,1,3,2,2,33.33
9e9b539eb2806acee3f5c28085c1db9f,MG,eletroportateis,2,3,2,1,66.67
9e9b539eb2806acee3f5c28085c1db9f,MG,telefonia_fixa,1,3,2,2,33.33
a00824eb9093d40e589b940ec45c4eb0,SP,pcs,3,3,1,1,100.00
a2e85714b56b1cb6bb24a9a6e6cad36f,SP,esporte_lazer,3,3,1,1,100.00
a35ef466c6fd6d052f5d241240d3c5e2,RS,esporte_lazer,3,3,1,1,100.00
a435b009cd956ea60748b5cfbddf2e24,SP,perfumaria,2,3,2,1,66.67
a435b009cd956ea60748b5cfbddf2e24,SP,beleza_saude,1,3,2,2,33.33
a69aa24cec11168e7e39a3fbc727e925,SP,beleza_saude,3,3,1,1,100.00
a7dc4098e4da6e41b426269d12ae7e91,SP,automotivo,3,3,1,1,100.00
a90a5da8b09e44264a177c0374a5ac87,PR,telefonia,3,3,1,1,100.00
aa762680c40618316a896838866140ea,PR,livros_interesse_geral,3,3,1,1,100.00
ad8b531ae67582f096925cff5630d0d1,PR,moveis_decoracao,2,3,2,1,66.67
ad8b531ae67582f096925cff5630d0d1,PR,artes,1,3,2,2,33.33
b56828a9f9027f3c918c04ca720d9e3c,SP,cama_mesa_banho,3,3,1,1,100.00
b9c0ffa92f3ff9a5a3d45ef7213c0842,SP,bebes,2,3,2,1,66.67
b9c0ffa92f3ff9a5a3d45ef7213c0842,SP,cool_stuff,1,3,2,2,33.33
ba6b68b55fe8704377a7d43c8e5c0185,MG,esporte_lazer,2,3,2,1,66.67
ba6b68b55fe8704377a7d43c8e5c0185,MG,audio,1,3,2,2,33.33
bac692d6c0ed08467878018e6cc9c26c,SC,construcao_ferramentas_iluminacao,3,3,1,1,100.00
bb3dca718920a4d7ec3cc9ffb025108b,SP,beleza_saude,3,3,1,1,100.00
bc30de0d71bd6260b936a026b5cf7200,SP,utilidades_domesticas,3,3,1,1,100.00
c00396cbdd2e088fe4281baa5920aef1,PR,construcao_ferramentas_construcao,3,3,1,1,100.00
c0e6839516f5398edc34adf5f1d53d1a,SP,esporte_lazer,3,3,1,1,100.00
c161d1327ebc3a156c09582ab2f59f6c,SP,perfumaria,2,3,2,1,66.67
c161d1327ebc3a156c09582ab2f59f6c,SP,beleza_saude,1,3,2,2,33.33
c1849d4d32d7a6cecd5aa471809d3135,SP,automotivo,2,3,2,1,66.67
c1849d4d32d7a6cecd5aa471809d3135,SP,utilidades_domesticas,1,3,2,2,33.33
c32fc744b9160ac853450488e3cfea93,SP,esporte_lazer,3,3,1,1,100.00
c3ee2331a724e6fc02c4b698b57a73f3,SP,moveis_cozinha_area_de_servico_jantar_e_jardim,3,3,1,1,100.00
c3f5668699a1b04c0fa61ecea1e2bff6,PR,perfumaria,2,3,2,1,66.67
c3f5668699a1b04c0fa61ecea1e2bff6,PR,beleza_saude,1,3,2,2,33.33
c5ebe6598748b0aeaa61cfb820478b92,RS,automotivo,3,3,1,1,100.00
c6381b1321d7d97717a5bb4ed5b77882,SP,beleza_saude,2,3,2,1,66.67
c6381b1321d7d97717a5bb4ed5b77882,SP,perfumaria,1,3,2,2,33.33
cd52a8efd71af3336b14b5039b951cc1,SP,fashion_bolsas_e_acessorios,3,3,1,1,100.00
d149de2f383552baea37a7198c2296ce,SP,brinquedos,3,3,1,1,100.00
d558ebe531605a1285ab2b1bc3256dfb,MG,instrumentos_musicais,3,3,1,1,100.00
d65f31d2413268e671989503f6cf9993,SP,automotivo,3,3,1,1,100.00
d6cd01c59123df02fc226eadbadb5f89,SP,informatica_acessorios,2,3,2,1,66.67
d6cd01c59123df02fc226eadbadb5f89,SP,eletronicos,1,3,2,2,33.33
d90fe2229fee1a5da999ccd0c06c1667,SP,automotivo,3,3,1,1,100.00
d9cd369bffa979d1634f8e1318bf2f1b,SP,casa_construcao,3,3,1,1,100.00
da20530872245d6cd9d2f5725613c430,RS,esporte_lazer,3,3,1,1,100.00
db1f0f7c7e5e87f40b62226f020bb297,PR,sinalizacao_e_seguranca,3,3,1,1,100.00
dbec9a0a7efeff029d4d9dce7dc4cc95,MG,moveis_decoracao,3,3,1,1,100.00
dcf3755cefcdc158ad0b7bdde51e871b,RS,moveis_decoracao,2,3,2,1,66.67
dcf3755cefcdc158ad0b7bdde51e871b,RS,artes,1,3,2,2,33.33
de09d00cfc265b8804c7df34075a68fa,SP,fashion_bolsas_e_acessorios,3,3,1,1,100.00
e3b4998c7a498169dc7bce44e6bb6277,SP,market_place,1,3,3,3,33.33
e3b4998c7a498169dc7bce44e6bb6277,SP,cool_stuff,1,3,3,2,33.33
e3b4998c7a498169dc7bce44e6bb6277,SP,utilidades_domesticas,1,3,3,1,33.33
e3d3b3efac954a60d61be70b7e05b49b,SP,casa_construcao,3,3,1,1,100.00
e4fc40017a6d22c46a14ac2e17f87c3e,PR,moveis_quarto,2,3,2,1,66.67
e4fc40017a6d22c46a14ac2e17f87c3e,PR,moveis_decoracao,1,3,2,2,33.33
e5899683388855d3dabe8913bbe365de,SP,moveis_decoracao,3,3,1,1,100.00
e5d4b2b0c3bca22085f7a19a28de0c42,SC,utilidades_domesticas,2,3,2,1,66.67
e5d4b2b0c3bca22085f7a19a28de0c42,SC,bebes,1,3,2,2,33.33
e82de6494d91d3c4c54450f59b227a94,SP,relogios_presentes,2,3,2,1,66.67
e82de6494d91d3c4c54450f59b227a94,SP,utilidades_domesticas,1,3,2,2,33.33
e83e93b71371817b11d78a63ff156aee,SP,moveis_decoracao,3,3,1,1,100.00
e9c2dc0dd4ac38448289be644ac94f42,SC,brinquedos,2,3,2,1,66.67
e9c2dc0dd4ac38448289be644ac94f42,SC,moveis_decoracao,1,3,2,2,33.33
ea1776927851da2532aa70d6a32c095a,SP,portateis_cozinha_e_preparadores_de_alimentos,2,3,2,1,66.67
ea1776927851da2532aa70d6a32c095a,SP,utilidades_domesticas,1,3,2,2,33.33
ea3ebea5317b0efbc663ecc8ce5e9bc2,SC,automotivo,3,3,1,1,100.00
ea846a0e7ad98a741783e886d89dfa44,SP,perfumaria,3,3,1,1,100.00
eaf6d55068dea77334e8477d3878d89e,SP,automotivo,3,3,1,1,100.00
eb9cd5b35d95206585e2185318cb5c61,SP,moveis_decoracao,3,3,1,1,100.00
ebef8d8c92b4fd3226e5d407bbff21ac,SP,esporte_lazer,2,3,2,1,66.67
ebef8d8c92b4fd3226e5d407bbff21ac,SP,beleza_saude,1,3,2,2,33.33
ec21206b7894c503788a684a7bc822a6,RJ,bebes,2,3,2,1,66.67
ec21206b7894c503788a684a7bc822a6,RJ,utilidades_domesticas,1,3,2,2,33.33
ec5c1d94df153d473b37f880977ae58e,SP,perfumaria,2,3,2,1,66.67
ec5c1d94df153d473b37f880977ae58e,SP,beleza_saude,1,3,2,2,33.33
ee2fbacc2fc3794e656cc4d933d59ce7,SP,esporte_lazer,3,3,1,1,100.00
f235413f677777a0738ff215d0184901,SP,automotivo,3,3,1,1,100.00
f5fea3ffed6c2e889bab72705557c63a,RJ,moveis_decoracao,3,3,1,1,100.00
f6122bc84774df1b372bdb3bb88ddb9f,SP,informatica_acessorios,3,3,1,1,100.00
f7df46c1e0ec44eed5c6726478da4a17,RS,esporte_lazer,3,3,1,1,100.00
f88adb15807168d3c43d71021090ce4a,SP,artigos_de_festas,2,3,2,1,66.67
f88adb15807168d3c43d71021090ce4a,SP,bebes,1,3,2,2,33.33
fcba71d4d5db057f43249145e4eb1e27,SP,relogios_presentes,3,3,1,1,100.00
fe4cd9461203cee790d36792420b310f,MG,telefonia,3,3,1,1,100.00
fe8055980a4ff7f64ed889c2b5926929,PR,eletronicos,2,3,2,1,66.67
fe8055980a4ff7f64ed889c2b5926929,PR,automotivo,1,3,2,2,33.33
010543a62bd80aa422851e79a3bc7540,SP,informatica_acessorios,2,2,1,1,100.00
011b0eaba87386a2ae96a7d32bb531d1,SP,beleza_saude,2,2,1,1,100.00
02a2272692e13558373c66db98f05e2e,RJ,telefonia,2,2,1,1,100.00
0336182e1b3e92f029d5354832045fdf,SP,moveis_decoracao,2,2,1,1,100.00
038b75b729c8a9a04b0d07cba7eabe86,SP,utilidades_domesticas,2,2,1,1,100.00
04843805947f0fc584fc1969b6e50fe7,RS,cama_mesa_banho,2,2,1,1,100.00
05aebce0b5c8f0d41b29b686f2d05fd3,SP,ferramentas_jardim,1,2,2,1,50.00
05aebce0b5c8f0d41b29b686f2d05fd3,SP,casa_conforto_2,1,2,2,2,50.00
062c325cd6a2b87845fab56b4ec2eeae,SP,papelaria,1,2,2,2,50.00
062c325cd6a2b87845fab56b4ec2eeae,SP,bebes,1,2,2,1,50.00
07d75e33f2750d97d467fb57e4dfdd8a,SP,eletroportateis,1,2,2,2,50.00
07d75e33f2750d97d467fb57e4dfdd8a,SP,informatica_acessorios,1,2,2,1,50.00
091065b789659bc3cd9af9cb3a6253ff,RS,cool_stuff,2,2,1,1,100.00
0936e1837d0c79253456bbb2ffaaef10,SP,ferramentas_jardim,2,2,1,1,100.00
0a82f5fb06a4fe4ac2cf7cb412ec71b8,SP,construcao_ferramentas_construcao,2,2,1,1,100.00
0aa124728afc1131dff5655f4c6f487b,MG,automotivo,1,2,2,1,50.00
0aa124728afc1131dff5655f4c6f487b,MG,esporte_lazer,1,2,2,2,50.00
0ade5cc4a305ed7093a23f68ca47519c,PR,automotivo,2,2,1,1,100.00
0af977692321d895349eded183341d28,SP,pet_shop,2,2,1,1,100.00
0daf5180aa44356f60f8effa533b55a2,GO,perfumaria,2,2,1,1,100.00
11742f81550ac064cc9a40f67151d9ad,SP,climatizacao,2,2,1,1,100.00
11938fcc75f6902fea1d0a6f72b54a57,SC,cama_mesa_banho,2,2,1,1,100.00
119c7f1a00ef43fad0e57604e76a747c,SP,beleza_saude,2,2,1,1,100.00
12a8eb0f8d1cd3270695bf2a99f55966,SP,malas_acessorios,2,2,1,1,100.00
1352e06ae67b410cdae0b2a22361167b,RJ,relogios_presentes,2,2,1,1,100.00
14f2b3587172b9db894c9bad8dab520b,RS,utilidades_domesticas,2,2,1,1,100.00
15b3b1b81484422eb41df68ac87f1f50,SP,beleza_saude,2,2,1,1,100.00
160851d3ece7aa1a510f8d1a4bb8a8af,SP,informatica_acessorios,2,2,1,1,100.00
1710c3aaa9c6b44ec3883ee0fe300e21,SP,eletronicos,1,2,2,2,50.00
1710c3aaa9c6b44ec3883ee0fe300e21,SP,relogios_presentes,1,2,2,1,50.00
173d56ffbd4c56cb80fc3615487d712b,SP,malas_acessorios,2,2,1,1,100.00
17998cf586426bf0f2c3726cb0a4b211,MG,malas_acessorios,1,2,2,2,50.00
17998cf586426bf0f2c3726cb0a4b211,MG,pet_shop,1,2,2,1,50.00
1967a9e2ad6f51802b093147d861df58,SP,construcao_ferramentas_seguranca,2,2,1,1,100.00
1b0b0f4f95e962d6f32fe90c759d0479,SP,beleza_saude,2,2,1,1,100.00
1cbdc7cf130a41fd13a3c2a7d2fcfda7,MG,cama_mesa_banho,2,2,1,1,100.00
1d0646a72178a6fb37ee8082140e06ec,SC,perfumaria,1,2,2,1,50.00
1d0646a72178a6fb37ee8082140e06ec,SC,beleza_saude,1,2,2,2,50.00
1d139e3a3b14025640d8df1b230aace0,SP,esporte_lazer,2,2,1,1,100.00
1de62b6f2fd96227629786db492433db,SP,esporte_lazer,2,2,1,1,100.00
1e26c56af8d48424e1df0140a2401f83,SP,construcao_ferramentas_construcao,1,2,2,1,50.00
1e26c56af8d48424e1df0140a2401f83,SP,eletronicos,1,2,2,2,50.00
1e9d5a33694bddb76316fd1f54734d20,MT,moveis_quarto,2,2,1,1,100.00
1fe61aa5494bd3ae92a2c13e067c810f,SC,automotivo,2,2,1,1,100.00
20611af7866c6068fd5ae1f9dbe15c92,SP,bebes,1,2,2,1,50.00
20611af7866c6068fd5ae1f9dbe15c92,SP,construcao_ferramentas_iluminacao,1,2,2,2,50.00
20d53aad4fe5ee93a64f8839609d3586,MG,ferramentas_jardim,2,2,1,1,100.00
21d59342ba150175ca2aa4f8faddeca6,SP,beleza_saude,2,2,1,1,100.00
24a6daf925d9d591870a66660416de31,SP,livros_interesse_geral,2,2,1,1,100.00
253c025bab43881055aeecde5e2d8b77,PR,utilidades_domesticas,2,2,1,1,100.00
26562f211dd1364af2a8596dc945e8ae,SP,moveis_decoracao,1,2,2,1,50.00
26562f211dd1364af2a8596dc945e8ae,SP,cama_mesa_banho,1,2,2,2,50.00
26f6b7ab07be3e9e69ce82a6552efc19,RJ,papelaria,1,2,2,1,50.00
26f6b7ab07be3e9e69ce82a6552efc19,RJ,esporte_lazer,1,2,2,2,50.00
278b6e0b20c4f61fefaa0577943d7a35,SC,construcao_ferramentas_iluminacao,2,2,1,1,100.00
296729ffb9b684050dd24836dac4494a,SP,cool_stuff,1,2,2,1,50.00
296729ffb9b684050dd24836dac4494a,SP,cama_mesa_banho,1,2,2,2,50.00
299c89a525fee36c567f4fe72f038100,CE,agro_industria_e_comercio,1,2,2,1,50.00
299c89a525fee36c567f4fe72f038100,CE,moveis_decoracao,1,2,2,2,50.00
29c322e3f09f886f8bacbe91dfbd979e,RS,automotivo,2,2,1,1,100.00
2a50b7ee5aebecc6fd0ff9784a4747d6,DF,construcao_ferramentas_construcao,2,2,1,1,100.00
2a73cba571d90c694b7caca072ccf6ce,SP,moveis_decoracao,2,2,1,1,100.00
2aafae69bf4c41fbd94053d9413e87ee,RS,papelaria,2,2,1,1,100.00
2c54051840f19eca309a5423cf22df36,PR,esporte_lazer,2,2,1,1,100.00
2cb4700db635baa1c0d4f90ed27b6669,PR,bebes,2,2,1,1,100.00
2d378dbb39815785238c0139c7647fb7,SC,moveis_sala,2,2,1,1,100.00
2d9e8987a2ea5cf88dce330249043ff1,SP,moveis_sala,2,2,1,1,100.00
2ec6e37d992a95eaddb3369dcbcc76d9,RS,utilidades_domesticas,2,2,1,1,100.00
2f9b7ce230a057a98a9f5df5893ee36c,SP,utilidades_domesticas,2,2,1,1,100.00
328acb143b4a73aad6bee8e734f5d20d,PR,informatica_acessorios,1,2,2,2,50.00
328acb143b4a73aad6bee8e734f5d20d,PR,consoles_games,1,2,2,1,50.00
333c4210e76a1aa2ab817b99437e3ff1,SP,automotivo,2,2,1,1,100.00
35b96509602ec4b7da831b5cd73ff2c2,RS,esporte_lazer,2,2,1,1,100.00
3606774ec64634822d78dc2db6d37045,SP,ferramentas_jardim,2,2,1,1,100.00
365e445f796710c3431557e85caa25db,SP,cool_stuff,2,2,1,1,100.00
36f98ad67cc981f50ce8aed093d5783c,PR,eletronicos,2,2,1,1,100.00
37303482a42fb700d8d127e70a9cd6c8,SP,brinquedos,2,2,1,1,100.00
391bbd13b6452244774beff1824006ed,SP,esporte_lazer,2,2,1,1,100.00
392f7f2c797e4dc077e4311bde2ab8ce,RN,automotivo,2,2,1,1,100.00
3d62f86afa7c73be2628a3be1423f5a0,SP,livros_interesse_geral,2,2,1,1,100.00
3d68c634a99a1ba46dbca3967a69c623,SC,cool_stuff,2,2,1,1,100.00
3dc69bf2c42f0568a5c4791ec3fd3745,SP,beleza_saude,2,2,1,1,100.00
3e35a8bb43569389d3cebef0ce820f69,SP,bebidas,2,2,1,1,100.00
3ef37b7ca6dd2b80bd8af81a62504996,SP,cool_stuff,2,2,1,1,100.00
3fe7120d6257285ac6a3ce7cb071ccec,MG,beleza_saude,2,2,1,1,100.00
3febca52652e7209509ccfe61cbde40e,SP,beleza_saude,2,2,1,1,100.00
40ec8ab6cdafbcc4f544da38c67da39a,PR,utilidades_domesticas,2,2,1,1,100.00
42b6488f5b8246d9141712abd4b1b693,PR,beleza_saude,1,2,2,1,50.00
42b6488f5b8246d9141712abd4b1b693,PR,perfumaria,1,2,2,2,50.00
432c67955c0acd1fd6b0b5d678766a71,SP,beleza_saude,2,2,1,1,100.00
43b2c864251aa0ce4030c746984e088a,DF,malas_acessorios,1,2,2,2,50.00
43b2c864251aa0ce4030c746984e088a,DF,utilidades_domesticas,1,2,2,1,50.00
443d880f15cbd3572885e1d44bf2c478,SP,moveis_decoracao,2,2,1,1,100.00
455f46ef09a9e45667e2981df84b5cc2,SP,eletronicos,2,2,1,1,100.00
458c6fa920810ce2492da71bc26d9eec,SP,beleza_saude,2,2,1,1,100.00
458d868c9642f55f18f04e951a3fdde6,RS,beleza_saude,2,2,1,1,100.00
48b6c3f4c6a93171da04b75313f2130f,SP,sinalizacao_e_seguranca,2,2,1,1,100.00
491a5ada3aa1678414e990262c4bbdc1,SP,dvds_blu_ray,2,2,1,1,100.00
497709c2976a8fa308730a2dec5b0726,SP,papelaria,2,2,1,1,100.00
4bde6149c15cf7e177b36fa060dd6de8,RS,alimentos,1,2,2,2,50.00
4bde6149c15cf7e177b36fa060dd6de8,RS,brinquedos,1,2,2,1,50.00
4c60877808f4318ef1107fbeb8f89afa,SP,informatica_acessorios,2,2,1,1,100.00
4cc4fd4fdd406a85bbdc1f824b731bd7,PR,automotivo,2,2,1,1,100.00
4ce8b55b4bfa4659184e7becc1fba3f2,PR,automotivo,2,2,1,1,100.00
4d6fb82c629c7a5028bfd973c07b05e0,MG,moveis_sala,2,2,1,1,100.00
4d9fea3499bdc22aa4da4e339365f215,SP,perfumaria,2,2,1,1,100.00
4e0d109ccfba9a1151c103049880c857,RJ,relogios_presentes,2,2,1,1,100.00
4e480be820e37de1444325ff358c9296,MG,automotivo,2,2,1,1,100.00
4eeb99008a0f59d2c7759c59f9a346eb,SP,telefonia,2,2,1,1,100.00
4f0d637c1197fd65405ebd755ac9f86b,SP,beleza_saude,2,2,1,1,100.00
4f1f1c8666cdb6442f775c4e8caed465,MG,brinquedos,2,2,1,1,100.00
4fe2f67634d00c021aa01f96b6f2d68e,PR,beleza_saude,1,2,2,2,50.00
4fe2f67634d00c021aa01f96b6f2d68e,PR,esporte_lazer,1,2,2,1,50.00
513a54369b6a8a6602fcb0e129c6d78d,SP,informatica_acessorios,2,2,1,1,100.00
528bcf6680c36dddf07620bd35b33a6f,SP,beleza_saude,2,2,1,1,100.00
52bb00821bcdd358a5a5a27e1f6be5a1,SP,instrumentos_musicais,2,2,1,1,100.00
533d46c1b06970e99f09523a61df4972,SP,eletronicos,2,2,1,1,100.00
539ed9e19811677513447759be5eccfc,MG,construcao_ferramentas_construcao,2,2,1,1,100.00
553a440137d6e0cf776aee0bb83ac9f5,SP,brinquedos,1,2,2,1,50.00
553a440137d6e0cf776aee0bb83ac9f5,SP,instrumentos_musicais,1,2,2,2,50.00
5563732abe64c3036cb97ad924128dd1,SP,beleza_saude,2,2,1,1,100.00
5587130f9850696ed7fafbc91c2cee44,SP,utilidades_domesticas,2,2,1,1,100.00
559d56f3b8f0bc2e5a9a62fe2ce2a39f,SC,bebes,2,2,1,1,100.00
5659d77e8d90378e39b960ad5956f64e,SP,perfumaria,1,2,2,2,50.00
5659d77e8d90378e39b960ad5956f64e,SP,beleza_saude,1,2,2,1,50.00
56db5c0782e8f7ddc9343f9576ff6d16,SC,climatizacao,2,2,1,1,100.00
570d4583587a5fe2d47c7be89b91ad27,SP,beleza_saude,2,2,1,1,100.00
5733d806668f8712c24b9abaefbfa642,SP,construcao_ferramentas_seguranca,1,2,2,1,50.00
5733d806668f8712c24b9abaefbfa642,SP,casa_construcao,1,2,2,2,50.00
57d2ba47f7a3209aa347532ae75c1165,SC,esporte_lazer,2,2,1,1,100.00
586a871d4f1221763fddb6ceefdeb95e,RS,moveis_decoracao,2,2,1,1,100.00
58c851d1a3c7cd3da329eb59453fed44,SP,pet_shop,2,2,1,1,100.00
59bbc819b99a733f02f0d6b49d1c253d,SP,utilidades_domesticas,2,2,1,1,100.00
5a32c398a06c345440bf2a683b017ad3,RJ,livros_interesse_geral,2,2,1,1,100.00
5a9c0859cb00fd8aa4db443837f0a700,SC,beleza_saude,2,2,1,1,100.00
5bc237df65098fe211bb4818f4d26d78,MG,informatica_acessorios,2,2,1,1,100.00
5c603ffb38cbbf25a0e0698941324143,MG,automotivo,2,2,1,1,100.00
5ca5d579b5857ee8709479b1047cecc3,SP,consoles_games,2,2,1,1,100.00
5d505d2298ad549e4e4e835562fa0c1e,SP,esporte_lazer,2,2,1,1,100.00
5e9f5bd34e0830569f05c9d4f56e04a8,RS,malas_acessorios,2,2,1,1,100.00
5f7300535881cef3b625fd683cf7d145,RS,cama_mesa_banho,2,2,1,1,100.00
60ad151920c4f6f3ebbe8cfdf6166779,SP,informatica_acessorios,2,2,1,1,100.00
60da8bfa7eebe230b7d66ac4082d79b3,SP,informatica_acessorios,2,2,1,1,100.00
615c3462099ffa940d37b17dfda19594,RJ,beleza_saude,2,2,1,1,100.00
6179a28a13a726c29b3bf54c070dccab,MG,malas_acessorios,2,2,1,1,100.00
6187a137b2af59dfdbad8d9f8c373c14,SP,cama_mesa_banho,2,2,1,1,100.00
63272377184e969942f7fff221be858d,SP,utilidades_domesticas,2,2,1,1,100.00
643c01d7c56a724bec0454f4780e8a3e,SC,ferramentas_jardim,2,2,1,1,100.00
64cc804291f90c81f02bfc2bb58ff55a,PR,moveis_decoracao,2,2,1,1,100.00
6524b847b982cd56bb5d4b02b776ee42,SP,informatica_acessorios,2,2,1,1,100.00
65c255b299faf2d12050937cc219c46c,SP,perfumaria,2,2,1,1,100.00
6601ee6383e7f452be71929f8de48bbb,SP,perfumaria,2,2,1,1,100.00
666658b8da8370f30e1f89893b1de5e6,SP,ferramentas_jardim,2,2,1,1,100.00
685b870da5b52a710782c9c0fefbeb5b,SP,instrumentos_musicais,2,2,1,1,100.00
6902157ee16728322d61a1321fa79e58,SP,telefonia,2,2,1,1,100.00
693660429f9dc4ff704eb3d88dad54d7,SP,eletronicos,2,2,1,1,100.00
69b5eaa096c3f9d1e5c398c597f567d6,SP,utilidades_domesticas,2,2,1,1,100.00
6bcb2352a2a0c38b845f598298ab9d26,PR,informatica_acessorios,2,2,1,1,100.00
6bef34c5be6f2bbd70aa5165f6df94b1,SC,consoles_games,2,2,1,1,100.00
6dc9bec584588412a6a338830946a3e4,SP,moveis_decoracao,2,2,1,1,100.00
6f835fd4be26989b1b064399da346143,PR,beleza_saude,2,2,1,1,100.00
70c4eedec9cb4a85cda2f3f9673557b4,SP,informatica_acessorios,2,2,1,1,100.00
70f7e8018e3d46c748c92f026aa2585a,SP,beleza_saude,2,2,1,1,100.00
734def04b237117a09321dd6d8f3f2a2,SP,instrumentos_musicais,1,2,2,1,50.00
734def04b237117a09321dd6d8f3f2a2,SP,brinquedos,1,2,2,2,50.00
739c7d7be81f63812dea0d1b1451c651,PB,utilidades_domesticas,2,2,1,1,100.00
73da1880b39c71de2b262bc7720c1494,SP,utilidades_domesticas,2,2,1,1,100.00
747c1cdcd1737dcfbd1547f6eb6f2cf3,SP,cama_mesa_banho,2,2,1,1,100.00
74a9b9bddf14ece02beb81f52c41a88d,SP,cool_stuff,1,2,2,1,50.00
74a9b9bddf14ece02beb81f52c41a88d,SP,brinquedos,1,2,2,2,50.00
751e274377499a8503fd6243ad9c56f6,SP,construcao_ferramentas_seguranca,2,2,1,1,100.00
76833248bbc0e65a0293ec62023e4396,SP,industria_comercio_e_negocios,2,2,1,1,100.00
76d336555bb25f3165d2f0d6da719c40,SP,esporte_lazer,2,2,1,1,100.00
76de363de16dacc923eec8daf91df504,SC,cool_stuff,1,2,2,2,50.00
76de363de16dacc923eec8daf91df504,SC,papelaria,1,2,2,1,50.00
77dcbb67ccb3659bd58eaf5661560a30,RS,moveis_escritorio,1,2,2,2,50.00
77dcbb67ccb3659bd58eaf5661560a30,RS,market_place,1,2,2,1,50.00
788f22bafdd7ab0e1e79f19db72f16a4,SP,automotivo,1,2,2,1,50.00
788f22bafdd7ab0e1e79f19db72f16a4,SP,construcao_ferramentas_construcao,1,2,2,2,50.00
78ba5933c21686d1c2f64669c8c459e7,SP,cama_mesa_banho,1,2,2,1,50.00
78ba5933c21686d1c2f64669c8c459e7,SP,utilidades_domesticas,1,2,2,2,50.00
791cfcfe22fe4a771ece27f90017da92,SP,informatica_acessorios,2,2,1,1,100.00
79ee721b6f766066a80264402548d359,SP,informatica_acessorios,2,2,1,1,100.00
7ad41305e96a6cab8294cd65891e9a86,SP,esporte_lazer,2,2,1,1,100.00
7c462184585ae80bd6e5774c62ce50f2,SP,bebes,2,2,1,1,100.00
7c4adcc13272c0e26fa23aac642adb7b,RJ,automotivo,2,2,1,1,100.00
7caa63f175b1cecbfaadd8b5ab9998c7,SP,cama_mesa_banho,2,2,1,1,100.00
7d484ca289afaac6bf5fc6a1e96d2226,MS,brinquedos,2,2,1,1,100.00
7dea6f73af847b42cc3985bd620f994d,PR,moveis_cozinha_area_de_servico_jantar_e_jardim,2,2,1,1,100.00
7e959205cebc10adefcb331f934238a4,SP,relogios_presentes,2,2,1,1,100.00
7f02656561b680def9986c0795a8a080,SP,utilidades_domesticas,2,2,1,1,100.00
80146bc52c4f6af5239b23de2a20262b,SP,moveis_decoracao,2,2,1,1,100.00
81ed90f07c0bacb7594940ba2ef676aa,MG,cama_mesa_banho,2,2,1,1,100.00
83c8aafbefb034674a70de0eac5b8954,PR,automotivo,2,2,1,1,100.00
83d7070a0b9a8b4625fa8682b819fabb,SP,fashion_bolsas_e_acessorios,2,2,1,1,100.00
84c945f15571830c1a91a33978e94009,SP,utilidades_domesticas,2,2,1,1,100.00
84deb808079d1be601c209c1e771b1cc,PR,beleza_saude,2,2,1,1,100.00
85e7c62c1d6ea078c3897424f867a7c8,SC,pet_shop,2,2,1,1,100.00
85ecf03781da592876b7844acc1b729f,SP,beleza_saude,2,2,1,1,100.00
876182d1918783bbe15233febfbd4926,SP,informatica_acessorios,2,2,1,1,100.00
88ef59b51bdaa941d10a853429f2b6ce,PR,agro_industria_e_comercio,2,2,1,1,100.00
89757206b887aed36f3e18d858460fea,SP,papelaria,2,2,1,1,100.00
89dda63a3c907c468ec88c310ed91213,SP,informatica_acessorios,2,2,1,1,100.00
8a1ff5c35f6595a73fef4c7b96e4908a,PR,bebes,2,2,1,1,100.00
8c351ed7c326c62123318f4f3246e906,SP,informatica_acessorios,2,2,1,1,100.00
8c91bfea4263b8fba54081460693e2a1,RS,beleza_saude,2,2,1,1,100.00
8c9348f33ae3dada25c99c99ade2af78,SP,ferramentas_jardim,1,2,2,1,50.00
8c9348f33ae3dada25c99c99ade2af78,SP,sinalizacao_e_seguranca,1,2,2,2,50.00
8ca5b19e0263150d2c57afdde2b3d011,SP,utilidades_domesticas,2,2,1,1,100.00
8cb7c5ddf41f4d506eba76e9a4702a25,GO,esporte_lazer,2,2,1,1,100.00
8ccf3cf69651cc1d8a02c8bfaf3b8568,SP,informatica_acessorios,2,2,1,1,100.00
8cf21434553b02cbd37c0bbd07e041b0,SC,automotivo,2,2,1,1,100.00
8dd386be0767c330276ea6a3f96532d3,SC,esporte_lazer,2,2,1,1,100.00
8def3db7f272735afb2ecd03aeca09a7,RJ,fashion_bolsas_e_acessorios,2,2,1,1,100.00
8e29d051f810eb22959ede205b462b9f,SP,pet_shop,2,2,1,1,100.00
8e4f041ff58e7845456d3482524014b3,RS,bebes,2,2,1,1,100.00
8ea394aed8138685abe1eb9f25e1021d,SP,sinalizacao_e_seguranca,2,2,1,1,100.00
8eb88b0acb3f90a717ad659221471fa7,SC,fashion_bolsas_e_acessorios,2,2,1,1,100.00
8f0fbe2cd4d472157dc1cdef6edecaa9,SP,ferramentas_jardim,1,2,2,2,50.00
8f0fbe2cd4d472157dc1cdef6edecaa9,SP,informatica_acessorios,1,2,2,1,50.00
90b57083da5d803237da74daec6dcb2b,PR,esporte_lazer,1,2,2,2,50.00
90b57083da5d803237da74daec6dcb2b,PR,utilidades_domesticas,1,2,2,1,50.00
910a922b426b7ff95eaee129ad6c0e1f,SP,esporte_lazer,2,2,1,1,100.00
94231344608e603693b0a8891143f65d,SP,utilidades_domesticas,2,2,1,1,100.00
9535a841eecebed61a9fb1ac1cbb5597,SP,ferramentas_jardim,2,2,1,1,100.00
9558aa23f77a9e0a0eca83540999f43b,PR,fashion_bolsas_e_acessorios,2,2,1,1,100.00
968ee78631915a63fef426d6733d7422,RS,cool_stuff,2,2,1,1,100.00
96e5dc09087bad639b4ee193104ec2e5,RJ,esporte_lazer,1,2,2,1,50.00
96e5dc09087bad639b4ee193104ec2e5,RJ,beleza_saude,1,2,2,2,50.00
98dddbc4601dd4443ca174359b237166,PR,utilidades_domesticas,2,2,1,1,100.00
98e164d549402270247f3c96a1a158ef,SP,cool_stuff,2,2,1,1,100.00
999f6d9a1c7c81f43be44c6b7d076210,SP,ferramentas_jardim,2,2,1,1,100.00
99cd94252748d2bdde08e17858233602,SP,pet_shop,2,2,1,1,100.00
9b1050e85becf3ae99c1cf4934c9bc5d,MG,instrumentos_musicais,2,2,1,1,100.00
9b1ab052f5fca308ba743ac789ebb2e1,PR,ferramentas_jardim,1,2,2,2,50.00
9b1ab052f5fca308ba743ac789ebb2e1,PR,industria_comercio_e_negocios,1,2,2,1,50.00
9b1f656ca3060f8af17a50d8a024b533,SP,automotivo,1,2,2,1,50.00
9b1f656ca3060f8af17a50d8a024b533,SP,construcao_ferramentas_ferramentas,1,2,2,2,50.00
9c4d31c7e46ab03a43fc06e3142afd4e,RJ,brinquedos,2,2,1,1,100.00
9cea4682e16655f7da87f406902e989e,PR,papelaria,2,2,1,1,100.00
9dd459b29a14bf89d47183cf2cd0e4c7,SP,automotivo,2,2,1,1,100.00
9e7c5f4d7770eab65738cca38f9efccf,SP,brinquedos,2,2,1,1,100.00
9f56a7a649097b166d8ed286ad86a15c,RJ,artigos_de_natal,2,2,1,1,100.00
a11a0e0ca67423425691db355cff69b0,SP,automotivo,2,2,1,1,100.00
a1ed30492b3b798bc121845bc4aa7366,SP,perfumaria,2,2,1,1,100.00
a20d8058c866dbaeca014d2cd20ac62e,SP,eletroportateis,2,2,1,1,100.00
a247197e2e9c19a6a53a6888cb8b660f,SP,brinquedos,2,2,1,1,100.00
a2a41aedb70551d4a85aa04dc2fced48,SP,eletrodomesticos,2,2,1,1,100.00
a3b0df0065e264a91b7bbf5f844af5cd,SP,automotivo,2,2,1,1,100.00
a3fa18b3f688ec0fca3eb8bfcbd2d5b3,SP,perfumaria,2,2,1,1,100.00
a45314082d50d578a4721c9787ce09ab,SP,brinquedos,1,2,2,2,50.00
a45314082d50d578a4721c9787ce09ab,SP,esporte_lazer,1,2,2,1,50.00
a4e634166243bbb3a13fa584463fa468,SP,eletronicos,1,2,2,2,50.00
a4e634166243bbb3a13fa584463fa468,SP,eletroportateis,1,2,2,1,50.00
a513150f33f99a06569e9cd5c4bb889b,SP,eletrodomesticos_2,1,2,2,1,50.00
a513150f33f99a06569e9cd5c4bb889b,SP,construcao_ferramentas_construcao,1,2,2,2,50.00
a7b7354cc588f7566a848bcbb1ce3d96,SP,eletrodomesticos,2,2,1,1,100.00
a7d0f8dd44f57ef6de7f7f02e3d82630,SP,beleza_saude,1,2,2,1,50.00
a7d0f8dd44f57ef6de7f7f02e3d82630,SP,cool_stuff,1,2,2,2,50.00
a81466620e46a6970b22ef40379fdfc9,SC,informatica_acessorios,2,2,1,1,100.00
a89e143d5211473ae18db9577ee34b64,SP,moveis_decoracao,2,2,1,1,100.00
a9415cf907dfa12f9ed18693244f5329,MG,moveis_cozinha_area_de_servico_jantar_e_jardim,2,2,1,1,100.00
aa17b35ce4de7b565be3249ba838944f,SP,esporte_lazer,2,2,1,1,100.00
aa2640d851ec322526f1295bbeb20092,SP,moveis_decoracao,2,2,1,1,100.00
aae5953b9edddf14749c0d65d60eb4b9,MG,moveis_decoracao,2,2,1,1,100.00
ab75b89cc49c9ab3160d0c91565a442a,SP,papelaria,2,2,1,1,100.00
ad8ada0ffa993cb1197d102d9ab21a3e,MG,construcao_ferramentas_construcao,2,2,1,1,100.00
ae45ad30c2d2e5913094769690a239d2,SP,esporte_lazer,2,2,1,1,100.00
b05b432bf68945d4d9783f9e3ca29ee8,SP,beleza_saude,2,2,1,1,100.00
b12cfd255810394b60caef18ae163547,PR,moveis_escritorio,2,2,1,1,100.00
b26741d31a563d769b4af0465ab20c56,SC,brinquedos,1,2,2,1,50.00
b26741d31a563d769b4af0465ab20c56,SC,esporte_lazer,1,2,2,2,50.00
b3e2faf2c1004d674f16a3aa3197f0e1,SP,automotivo,2,2,1,1,100.00
b452cb0ae35044c4a53179c39f49fb06,SP,automotivo,1,2,2,1,50.00
b452cb0ae35044c4a53179c39f49fb06,SP,utilidades_domesticas,1,2,2,2,50.00
b45d7ebfb7378630f1bcd74b6ff86ff7,MG,cama_mesa_banho,2,2,1,1,100.00
b5bb2b985208834bd5bd86c7a402bbad,RS,automotivo,2,2,1,1,100.00
b5f49fe968dff6b112861e6cd8e192ef,PR,moveis_decoracao,2,2,1,1,100.00
b77a27b1864483e721dc831d5ba4afa0,RJ,automotivo,2,2,1,1,100.00
b7ba853e9551f4558440881fd3e5c815,RS,cool_stuff,1,2,2,1,50.00
b7ba853e9551f4558440881fd3e5c815,RS,telefonia,1,2,2,2,50.00
b7d5b4b87af9d42b601865d3f3810bff,SC,ferramentas_jardim,2,2,1,1,100.00
b906dd0e57f282c7089171b6ed07982e,PR,esporte_lazer,2,2,1,1,100.00
b9ec22de23f18567de0e09d776ca0309,DF,papelaria,2,2,1,1,100.00
ba89796db68db180bd389de96b2ff3b6,SP,moveis_decoracao,1,2,2,2,50.00
ba89796db68db180bd389de96b2ff3b6,SP,cine_foto,1,2,2,1,50.00
bb5d956dece964a06c12bceb66b923ae,RJ,automotivo,2,2,1,1,100.00
bb7ad8a45c027be8ab075b8e465f8ca0,SC,alimentos,2,2,1,1,100.00
bbd3acfe6de99892e73940d3fdceaf68,SP,cama_mesa_banho,2,2,1,1,100.00
bbe87dce25ba8b38bb61cc7210a3f10b,SP,construcao_ferramentas_construcao,2,2,1,1,100.00
bc39d8938f90a3a2b98193723ed59774,SP,eletroportateis,2,2,1,1,100.00
bcc9dd23e2a8bd8267cf92b19304a1b9,SP,cama_mesa_banho,2,2,1,1,100.00
bd65d163ded559eb90a10cd09fec178f,SP,perfumaria,2,2,1,1,100.00
bec568278124768c474ee90971ca94d1,SP,moveis_decoracao,1,2,2,2,50.00
bec568278124768c474ee90971ca94d1,SP,relogios_presentes,1,2,2,1,50.00
bede56095ba33c42038fb85f707b8a42,SP,beleza_saude,2,2,1,1,100.00
bee36b4f9a2b9fdcaff6ec05df202ed0,SP,informatica_acessorios,2,2,1,1,100.00
bf0045791395e66460eb04749c68672a,SP,papelaria,2,2,1,1,100.00
c004e5ea15737026cecaee0447e00b75,SP,eletrodomesticos_2,2,2,1,1,100.00
c13fb473e7cb8b83ccd543c094df0608,SP,telefonia,1,2,2,2,50.00
c13fb473e7cb8b83ccd543c094df0608,SP,telefonia_fixa,1,2,2,1,50.00
c1552b1dab6e6f760950368ae61fb600,SP,beleza_saude,2,2,1,1,100.00
c157bdeedcbc9a8e3c8bf0d87ff24428,SP,utilidades_domesticas,2,2,1,1,100.00
c200c73f9d7e5a08ca439d6a0803da7c,PR,esporte_lazer,2,2,1,1,100.00
c286ec035ee04ba81c97508f0b5df544,PR,informatica_acessorios,2,2,1,1,100.00
c2bda99904207edd1834f03e0022b007,SP,livros_interesse_geral,2,2,1,1,100.00
c3251e13f1bbda6c74e37c160f991e19,SP,moveis_decoracao,1,2,2,2,50.00
c3251e13f1bbda6c74e37c160f991e19,SP,automotivo,1,2,2,1,50.00
c353f8fc0ce8344999f17d578eb69a5e,RS,beleza_saude,2,2,1,1,100.00
c398bc00a606d33758afd91f4e64fd15,RJ,esporte_lazer,2,2,1,1,100.00
c52c644cc0dc85121207a27013efc6af,MG,moveis_decoracao,2,2,1,1,100.00
c76d418370990614e89e956c7a7567d9,SP,esporte_lazer,2,2,1,1,100.00
c8025364abeecb115431bf95c11a747f,RS,esporte_lazer,2,2,1,1,100.00
c85d7b477a709c85a1e8b8f25aa1b270,SP,utilidades_domesticas,2,2,1,1,100.00
cac4e0bc1a3269fa2b6ea5e763f6115b,SC,utilidades_domesticas,2,2,1,1,100.00
cad9969167c09b48ae6f1d123f7fa68d,MG,moveis_decoracao,2,2,1,1,100.00
cb0b3bcf14e0a709df412a99424a59d7,SP,automotivo,2,2,1,1,100.00
cb32766839f443db85c82a43c4a6c19e,SP,fashion_roupa_feminina,2,2,1,1,100.00
cb4a705d00e100b9732d0ca34817d441,SC,moveis_decoracao,2,2,1,1,100.00
cbbd5ae8f53de5f5097cd8217b529e24,SP,bebes,2,2,1,1,100.00
cc80e2f693fa6e2408f47ccf62413fc1,PR,automotivo,2,2,1,1,100.00
d26aa40b90272d4843d63be7c1462c8d,SP,bebes,2,2,1,1,100.00
d2df77822373f19934e87694d8640767,PR,moveis_sala,1,2,2,1,50.00
d2df77822373f19934e87694d8640767,PR,bebes,1,2,2,2,50.00
d3891911c2feae53c52fea2bd14054e5,SP,telefonia,2,2,1,1,100.00
d58d521f3789def2e7a22715e0badd93,SP,informatica_acessorios,2,2,1,1,100.00
d5c530f4884a75ae0dba9c148718d278,MG,utilidades_domesticas,2,2,1,1,100.00
d63c73efd41eb002280e7ec831424edb,SP,beleza_saude,2,2,1,1,100.00
d8dd176509baa37f359644d082bf7f7b,SP,cool_stuff,2,2,1,1,100.00
d9cb0052a666de5308b32f32ad5f1b1c,SP,beleza_saude,2,2,1,1,100.00
dd39ad39b5d3df33037e141c72497ba6,SP,fashion_roupa_feminina,1,2,2,2,50.00
dd39ad39b5d3df33037e141c72497ba6,SP,brinquedos,1,2,2,1,50.00
dd58ee93286b0821565574c570e9e1dc,PR,beleza_saude,2,2,1,1,100.00
dd8a29ce82d5c705ba932d81494600a5,SP,market_place,2,2,1,1,100.00
dedcab67899479e4ea5dcc4eba47f587,SC,automotivo,2,2,1,1,100.00
dff87e4de60c9736ce8df835951b09bc,SP,ferramentas_jardim,2,2,1,1,100.00
e0487761face83d64fcada2408959a36,SP,telefonia,1,2,2,2,50.00
e0487761face83d64fcada2408959a36,SP,alimentos,1,2,2,1,50.00
e0a3c37054ade6478d923a6efc10f308,SC,bebes,2,2,1,1,100.00
e116c7455dd26a4d8c3e92532583905f,SP,esporte_lazer,2,2,1,1,100.00
e3e290b38963293022cdcd6db8328103,SP,esporte_lazer,2,2,1,1,100.00
e4253cef933647000a82ff39c67b7bde,SP,fashion_bolsas_e_acessorios,2,2,1,1,100.00
e4f121bf6ef8b9a1d4d3e65dd0473fab,SP,esporte_lazer,1,2,2,2,50.00
e4f121bf6ef8b9a1d4d3e65dd0473fab,SP,artigos_de_festas,1,2,2,1,50.00
e503f22be6a4f456d9851920a5d9c670,SP,bebidas,2,2,1,1,100.00
e546117ed9cafbc40239c0c78635c584,SP,perfumaria,2,2,1,1,100.00
e560e4022d8f7aebf155db95946c5c0f,MG,cool_stuff,2,2,1,1,100.00
e5cbe890e679490127e9a390b46bbd20,SP,beleza_saude,2,2,1,1,100.00
e64882b4ef12aee8d0faca4db5b681f4,GO,construcao_ferramentas_seguranca,2,2,1,1,100.00
e72b4feb7abe210c52aa667abc25a3a2,SP,cama_mesa_banho,2,2,1,1,100.00
e88165a185134e13fdfc85d4fa654db8,SP,esporte_lazer,2,2,1,1,100.00
e88f7a2995ba184710d339c5c4bf2e30,SP,pet_shop,2,2,1,1,100.00
e94b64dc6979b302a5a5be1662c83bb6,SP,construcao_ferramentas_iluminacao,2,2,1,1,100.00
eb4a59a06b3948e851a7d7a830bcbc42,BA,beleza_saude,2,2,1,1,100.00
ed49da7cadefc454d6a67de249eab240,SP,esporte_lazer,2,2,1,1,100.00
f0ec6a2adb05c62655a26dd347b8dede,SP,beleza_saude,2,2,1,1,100.00
f0ec78809fe0bc3edb11c9fe5b97b059,SP,utilidades_domesticas,2,2,1,1,100.00
f1198c871e0171278b63f40d112caeec,SP,moveis_cozinha_area_de_servico_jantar_e_jardim,2,2,1,1,100.00
f1ce5fdecd64935c28b9ff932751d0dc,SP,moveis_decoracao,2,2,1,1,100.00
f266295f49a28eee21f413e0cbb0521d,PR,ferramentas_jardim,1,2,2,1,50.00
f266295f49a28eee21f413e0cbb0521d,PR,construcao_ferramentas_construcao,1,2,2,2,50.00
f356c348fbc8df6a882823e21f5ce8b7,RS,utilidades_domesticas,2,2,1,1,100.00
f3975e8a41157005d4bcbb358678cd9b,SC,brinquedos,1,2,2,1,50.00
f3975e8a41157005d4bcbb358678cd9b,SC,bebes,1,2,2,2,50.00
f410c8873029fcc3809b9df6d0b28914,SP,automotivo,2,2,1,1,100.00
f43827dd686be3a4a80e00aa299990fb,SP,utilidades_domesticas,2,2,1,1,100.00
f524ad65d7e0f1daab730ef2d2e86196,RS,ferramentas_jardim,2,2,1,1,100.00
f5403d3f50089112c4eed37928b7f622,SP,fashion_roupa_masculina,1,2,2,2,50.00
f5403d3f50089112c4eed37928b7f622,SP,fashion_roupa_feminina,1,2,2,1,50.00
f543ba3c973276f519d89d59bd46cead,SP,moveis_cozinha_area_de_servico_jantar_e_jardim,2,2,1,1,100.00
f682e0f848abafc6f41e0d4e868c66ef,SP,automotivo,2,2,1,1,100.00
f7315bb81aea4ddca2d39e249a801c98,SP,malas_acessorios,2,2,1,1,100.00
f8e2c1b59cd4225a3e4fd0d013a76b93,SP,moveis_decoracao,2,2,1,1,100.00
f9bbdd976532d50b7816d285a22bd01e,SP,esporte_lazer,2,2,1,1,100.00
f9eedec3129e8cc6b6429c42d0808c5b,RJ,relogios_presentes,2,2,1,1,100.00
f9f68daa2af419d38f745478bcb3da1a,SP,esporte_lazer,2,2,1,1,100.00
fa7ad8ae9bcb2c4493fdf38e96b1d74f,SP,utilidades_domesticas,2,2,1,1,100.00
fc5a0d7a310a7a41abf86a458585ff2b,SP,livros_interesse_geral,2,2,1,1,100.00
001e6ad469a905060d959994f1b41e4f,RJ,esporte_lazer,1,1,1,1,100.00
00ab3eff1b5192e5f1a63bcecfee11c8,SP,beleza_saude,1,1,1,1,100.00
00d8b143d12632bad99c0ad66ad52825,MG,fashion_bolsas_e_acessorios,1,1,1,1,100.00
04ee0ec01589969663ba5967c0e0bdc0,RS,artes_e_artesanato,1,1,1,1,100.00
05a48cc8859962767935ab9087417fbb,SP,ferramentas_jardim,1,1,1,1,100.00
05ca864204d09595ae591b93ea9cf93d,SP,consoles_games,1,1,1,1,100.00
07a9bc7f61396b658ddf3ac534efe44c,SP,brinquedos,1,1,1,1,100.00
08d1c9478fb0d7d7fcac9c0da4e82fc7,MG,moveis_decoracao,1,1,1,1,100.00
0a198e95d32b1be2da9424c962a6ebfa,MG,ferramentas_jardim,1,1,1,1,100.00
0af2ab31141893d26aca5a404a537dab,SP,informatica_acessorios,1,1,1,1,100.00
0b09101900100c0e9d312861fad5a1b9,SP,moveis_decoracao,1,1,1,1,100.00
0b1ca3ef18a63d7eb0c8897fa0849c08,SP,beleza_saude,1,1,1,1,100.00
0b3f27369a4d8df98f7eb91077e438ac,SP,moveis_decoracao,1,1,1,1,100.00
0b46f784306be7200ca1700aa55d819f,MG,automotivo,1,1,1,1,100.00
0bb27263628258b8111a0262769fa9db,SP,utilidades_domesticas,1,1,1,1,100.00
0ee4fb99ac55ffbbc98795aa01b7f8fa,SP,moveis_decoracao,1,1,1,1,100.00
0f519b0d2e5eb2227c93dd25038bfc01,SP,moveis_decoracao,1,1,1,1,100.00
0f80a40c312b2472dca482cf50f5186f,SP,perfumaria,1,1,1,1,100.00
0f94588695d71662beec8d883ffacf09,SC,artes,1,1,1,1,100.00
101921376b577a4540dc30e9009133ca,SP,cool_stuff,1,1,1,1,100.00
134b867a0f7f8bbe6abf10f91874891e,SP,automotivo,1,1,1,1,100.00
139157dd4daa45c25b0807ffff348363,SP,livros_tecnicos,1,1,1,1,100.00
13d95f0f6f73943d4ceffad0fc2cd32c,GO,automotivo,1,1,1,1,100.00
13e85aac53340018b40c2af68001b7e0,SP,moveis_decoracao,1,1,1,1,100.00
1444c08e64d55fb3c25f0f09c07ffcf2,BA,ferramentas_jardim,1,1,1,1,100.00
14ee35374a7876217954b5fa08e50463,SP,cama_mesa_banho,1,1,1,1,100.00
154bdf805377afea75a3bd158e9eab10,SP,bebes,1,1,1,1,100.00
15ac3c501e2599e4917316fde5c5669a,SP,pet_shop,1,1,1,1,100.00
15aec03fe4cf30dfa574cf550f5ff5ff,RJ,beleza_saude,1,1,1,1,100.00
164a5a8794e6d42e14f55e447b12a3bc,PR,bebes,1,1,1,1,100.00
16bdc8cefd0e32a6f0824d296c5ad14a,SP,bebidas,1,1,1,1,100.00
1703bc09972dab9782e7a9194943b69f,MG,automotivo,1,1,1,1,100.00
1746c1ae87ac63d530c7c943d0ac42e2,SP,automotivo,1,1,1,1,100.00
1927cdb9fa74f5270097f6250e8e8f34,SP,bebidas,1,1,1,1,100.00
19484c79cef6c062cb177aa4ef2fcc3c,SP,perfumaria,1,1,1,1,100.00
1992f8fb6b19fcccd97ca819811e7267,SP,fraldas_higiene,1,1,1,1,100.00
19a7c9f66ffa6452ff4b4c0cca71da27,PR,moveis_decoracao,1,1,1,1,100.00
19d62d484cba71963c93f0f00ab42013,SC,moveis_decoracao,1,1,1,1,100.00
1b4b28463457a256e9a784ebe2a8f630,SP,automotivo,1,1,1,1,100.00
1b61fb1f0f2185d89e9a126c498e9cc7,PR,moveis_decoracao,1,1,1,1,100.00
1c742ac33582852aaf3bcfbf5893abcf,MG,esporte_lazer,1,1,1,1,100.00
1c83418358f249c9d6affa52d579db0e,SP,musica,1,1,1,1,100.00
1d953075c2f0dd990bacf27b83b330f1,MG,informatica_acessorios,1,1,1,1,100.00
1e47d8b6546eb3a77b1acddcc9406242,SP,fashion_roupa_feminina,1,1,1,1,100.00
1f2eebc0e970fd3c463e4f5d9652687a,SP,livros_tecnicos,1,1,1,1,100.00
1f7dfad2cb384ea4d2d7e1ffbd78c407,SP,bebes,1,1,1,1,100.00
1fa2d3def6adfa70e58c276bb64fe5bb,SP,utilidades_domesticas,1,1,1,1,100.00
1fddcb7b326905d3ad5efe82187db347,SP,automotivo,1,1,1,1,100.00
2039c5e51785b5dde7cf93ccb3b7be2c,SP,utilidades_domesticas,1,1,1,1,100.00
204b4e07bddef3c9b317f70189135b22,MG,cama_mesa_banho,1,1,1,1,100.00
2078fe5066350e7d220c0ad3a3bbc6c1,PR,moveis_decoracao,1,1,1,1,100.00
20a7efa9721046319bdde5d60b6b5365,SP,esporte_lazer,1,1,1,1,100.00
20f0aeea30bc3b8c4420be8ced4226c0,SP,cama_mesa_banho,1,1,1,1,100.00
20fd2d2080ed85fa67fad3fcbb2c1813,PR,ferramentas_jardim,1,1,1,1,100.00
2235cf78d3e2073a88146a9cb60f0dd0,SP,moveis_sala,1,1,1,1,100.00
226b05fe067266c59c15dae208213d06,PR,pet_shop,1,1,1,1,100.00
22a23e5ac7061fc538cc2a019afaaf16,MG,alimentos_bebidas,1,1,1,1,100.00
247587846358bb1d2e4c6522020b36fe,SP,pet_shop,1,1,1,1,100.00
24c1de8d9551c0b4fbc53317d53efda8,PB,esporte_lazer,1,1,1,1,100.00
258447aad3f7b01e2643c89f64dc5647,PR,beleza_saude,1,1,1,1,100.00
265fdc289dffa9f1ad801c74f7d0de47,SP,moveis_quarto,1,1,1,1,100.00
26e2e5033827d2ba53929f43e03d8ffe,SP,moveis_decoracao,1,1,1,1,100.00
270572bb714b00531be85e16e1550f26,SP,cama_mesa_banho,1,1,1,1,100.00
271b8923c6a549e02d3c9fd1f8c0422b,SP,construcao_ferramentas_construcao,1,1,1,1,100.00
28872dc528e978a639754bc8c2ce5a4c,RS,utilidades_domesticas,1,1,1,1,100.00
28a26ebce31d5918b181ede016fd693b,MG,beleza_saude,1,1,1,1,100.00
28d162ab86bb49d719c32f0ee6186eaa,SP,esporte_lazer,1,1,1,1,100.00
2b402d5dc42554061f8ea98d1916f148,BA,brinquedos,1,1,1,1,100.00
2bdb95a56a36ebbc6640337ac5eac174,SP,beleza_saude,1,1,1,1,100.00
2c00c85d30361cd2ced2969cffbbffa3,MG,bebes,1,1,1,1,100.00
2c2c9832d1bb38c5b0034a3b47d313ee,RS,perfumaria,1,1,1,1,100.00
2c538755f1ca9540af144f266e70df6c,MG,automotivo,1,1,1,1,100.00
2c9005d8043aff18b8557ffb7b13cda4,ES,moveis_decoracao,1,1,1,1,100.00
2cb98e27ce1c18abdb42209b34c382a7,SP,automotivo,1,1,1,1,100.00
2d20f1cd18725c91147da0791d498022,PR,utilidades_domesticas,1,1,1,1,100.00
2d34636518ba88f5349b732fcf8ba2e4,SP,musica,1,1,1,1,100.00
2d8cfba3fcd3170555941605edaa196a,SP,livros_tecnicos,1,1,1,1,100.00
2ef086a599b597572aca4433b7ed6b3d,SC,beleza_saude,1,1,1,1,100.00
2f1e7b90e01d9f086cbcb301c0c3d406,SC,construcao_ferramentas_construcao,1,1,1,1,100.00
31e60bf8d103ce47932a85f5562deb16,GO,malas_acessorios,1,1,1,1,100.00
3289d8c3eef4873f91ce0b1343c0dd58,SP,esporte_lazer,1,1,1,1,100.00
3296662b1331dea51e744505065ae889,SP,portateis_cozinha_e_preparadores_de_alimentos,1,1,1,1,100.00
32e5635e63cb374eb63afdd242fb6134,RJ,eletroportateis,1,1,1,1,100.00
32f83ffe11cd40f7adcf4eef171f52d9,RS,beleza_saude,1,1,1,1,100.00
3338e7a0710a195872be80e0d2423867,SP,moveis_decoracao,1,1,1,1,100.00
33fd411ed63a7c2f9005e3f065d9f85d,RS,beleza_saude,1,1,1,1,100.00
3442033154be05bac582e173ef54fd12,SP,telefonia,1,1,1,1,100.00
344223b2a90784f64136a8a5da012e7f,SC,alimentos_bebidas,1,1,1,1,100.00
34675b28b826facfde119785bf287dc1,PR,automotivo,1,1,1,1,100.00
34aefe746cd81b7f3b23253ea28bef39,PR,alimentos_bebidas,1,1,1,1,100.00
35281d148dcf7134bae913c57db4e6da,SP,utilidades_domesticas,1,1,1,1,100.00
376d67b61dce0c990155286e7ae486a4,SP,beleza_saude,1,1,1,1,100.00
377bc18334c78dd2f1535ef22a3ad225,PR,ferramentas_jardim,1,1,1,1,100.00
3820c6537b3853be1a0687d5a60807ec,SP,alimentos_bebidas,1,1,1,1,100.00
389e45560e33d2d0747f949dcddbc08e,SP,automotivo,1,1,1,1,100.00
3986c0b54f6b748b75e7bd4e092aa3e5,PR,perfumaria,1,1,1,1,100.00
398cb257329ef7af7f1943a8974a3cbc,BA,bebidas,1,1,1,1,100.00
3a3c180dd702a725bd0ba4117689239e,PR,pet_shop,1,1,1,1,100.00
3a52d63a8f9daf5a28f3626d7eb9bd28,SP,esporte_lazer,1,1,1,1,100.00
3aa3c89ae3cd482385568be76120f63c,GO,automotivo,1,1,1,1,100.00
3ac588cd562971392504a9e17130c40b,SP,fashion_bolsas_e_acessorios,1,1,1,1,100.00
3b18f9856c6eb2413eafedb58e9eecd9,SP,construcao_ferramentas_iluminacao,1,1,1,1,100.00
3c88ed2e76a2247933a15daa7161eb1c,SP,pet_shop,1,1,1,1,100.00
3d2400ac620cffa23ac81bd192f7f555,SP,construcao_ferramentas_ferramentas,1,1,1,1,100.00
3da38366e7bd9baf6369071f782ecdf0,CE,automotivo,1,1,1,1,100.00
3ded4e2d5f135cb103e5949d7263d2dd,MG,informatica_acessorios,1,1,1,1,100.00
3e46a38ee171c503c3b4a3f23fe3bf0c,SP,beleza_saude,1,1,1,1,100.00
3e51f9cbe317bc3a88f2c76583811ee4,SP,beleza_saude,1,1,1,1,100.00
3ea08c48e851106d2f584349daba335f,MG,bebes,1,1,1,1,100.00
3f8247d0f772ffa58560e5c682521ad5,SC,sinalizacao_e_seguranca,1,1,1,1,100.00
3fefda3299e6dfaea3466ef346a3571a,PR,eletronicos,1,1,1,1,100.00
4003520d80d0bad1d5623f7aa3c63cda,RJ,bebes,1,1,1,1,100.00
400f221ab83037c0ea78f1267da9624d,SP,telefonia,1,1,1,1,100.00
4125d9385a25e82d2f72d3a0fd55bc3f,SP,utilidades_domesticas,1,1,1,1,100.00
417a1e6c7321084d2a0ae0d023cfad93,RS,utilidades_domesticas,1,1,1,1,100.00
41958cbd3335433c8740300e8cd600d5,SP,eletroportateis,1,1,1,1,100.00
422be4cc81a457fdb46f47edeb968ae5,SP,moveis_decoracao,1,1,1,1,100.00
436bf27f2f18474fc6047702e9f8a866,SP,bebes,1,1,1,1,100.00
43753b27d77860f1654aa72e251a7878,BA,moveis_decoracao,1,1,1,1,100.00
43a1d4bab73b816e44ef4e4facd9f9b5,PR,beleza_saude,1,1,1,1,100.00
43a5d4a57af536fddc96d08be3afdfcb,MG,casa_conforto,1,1,1,1,100.00
4450bd8327d471c4a11a83d1445b1b62,SP,beleza_saude,1,1,1,1,100.00
447d377bdb757058acb569025ee18a93,RS,papelaria,1,1,1,1,100.00
455befea1bb853c75ccbca94cff26e5c,RJ,beleza_saude,1,1,1,1,100.00
45a3d05fb00435e52a28859dd03703b3,SP,brinquedos,1,1,1,1,100.00
466222e777149751370e7e98fb623b0c,RJ,automotivo,1,1,1,1,100.00
48328ec9a579151d9cc6a86d4a59336c,RS,cool_stuff,1,1,1,1,100.00
483ca627d131e18f988349b1655c0acd,SP,beleza_saude,1,1,1,1,100.00
485452467ff670447e84a8370c3fc898,SC,ferramentas_jardim,1,1,1,1,100.00
4867209cb29b56b92893d7bde3ce8012,SP,beleza_saude,1,1,1,1,100.00
4965a7002cca77301c82d3f91b82e1a9,SP,pet_shop,1,1,1,1,100.00
499185655c29ecfdbfe776ef7cf875b5,RS,cama_mesa_banho,1,1,1,1,100.00
49f8d2ea7b718d0ce587d34207caf2b4,SP,pet_shop,1,1,1,1,100.00
4a5b36211b1f51bf7eaa5c10a57fa483,RJ,automotivo,1,1,1,1,100.00
4a82c4af97ffc0fb2dc26bfdc03b1842,MG,beleza_saude,1,1,1,1,100.00
4aba6a02a788d3ec81c03137144d9a80,SC,beleza_saude,1,1,1,1,100.00
4b90495391ac0bd181a80a459df1e718,RS,moveis_decoracao,1,1,1,1,100.00
4bc3d93e4a5f88a598d3d8ce4ae510b3,SP,informatica_acessorios,1,1,1,1,100.00
4be2e7f96b4fd749d52dff41f80e39dd,AC,livros_tecnicos,1,1,1,1,100.00
4be9ae93c4fc0f41713d71a4194ee1b3,MG,esporte_lazer,1,1,1,1,100.00
4bf658053d453036c70976bccb2c31b2,SP,relogios_presentes,1,1,1,1,100.00
4cc43a222a0f94910728b62b97a8c5f8,SP,perfumaria,1,1,1,1,100.00
4ce6e5f6c52515177e18c1c9361d8677,SP,automotivo,1,1,1,1,100.00
4d8809767a5bafe22909c77951fb6b41,SP,moveis_decoracao,1,1,1,1,100.00
4dab98ca6cd6d3df586203cefd28a042,RS,fashion_bolsas_e_acessorios,1,1,1,1,100.00
4dc2e811a1760953cb7c6a590b498943,SP,malas_acessorios,1,1,1,1,100.00
4ddeb3e828550cddc8d45c8bc36ab2d1,SP,cool_stuff,1,1,1,1,100.00
4e92348462c75b6c842b994ce84a0ed4,RS,beleza_saude,1,1,1,1,100.00
4f40d2ed38d1cc945364a7cd202a82c7,SP,brinquedos,1,1,1,1,100.00
4fae87d32467e18eb46e4a76a0a0b9ce,RS,construcao_ferramentas_seguranca,1,1,1,1,100.00
50a7e551a7b3f8d37cd6e32d8bfbe5ea,SP,bebidas,1,1,1,1,100.00
50bf89f1349bc0409a268c3a49678009,SP,moveis_decoracao,1,1,1,1,100.00
50c361bcf670d16f6df4d52de3dff924,SP,artes,1,1,1,1,100.00
51a04a8a6bdcb23deccc82b0b80742cf,SP,eletronicos,1,1,1,1,100.00
51e0557bc7b86de13e946c60ee91ce39,MG,beleza_saude,1,1,1,1,100.00
5206cc4bc2297c833e6061c49bf9c43f,SP,automotivo,1,1,1,1,100.00
52831e5990d0771cb4951d6f12928167,SP,esporte_lazer,1,1,1,1,100.00
528ce32f560edd11add4169f6a5b65be,SP,utilidades_domesticas,1,1,1,1,100.00
52b53f7061969fe471d119b6195da864,SP,perfumaria,1,1,1,1,100.00
52f6f9f13ba19504c02781132a049e75,PR,moveis_decoracao,1,1,1,1,100.00
53336f97ddbe53e2a617d07b17447b95,SP,eletrodomesticos_2,1,1,1,1,100.00
535bf14f36346c7f59d87cece104d70c,RJ,construcao_ferramentas_iluminacao,1,1,1,1,100.00
5415337f1863452476d42d9f14a16a61,MG,moveis_decoracao,1,1,1,1,100.00
5444b12c82f21c923f2639ebc722c1ea,SP,utilidades_domesticas,1,1,1,1,100.00
544863df86ed3b78a04e0820d41430ee,ES,papelaria,1,1,1,1,100.00
56a8b450e802502ba53a9885ee38e29f,SP,ferramentas_jardim,1,1,1,1,100.00
57a834594e1e9e9219603bfec184eadc,RS,pet_shop,1,1,1,1,100.00
585175ec331ea177fa47199e39a6170a,MG,pcs,1,1,1,1,100.00
5882f40daf39bc2a465e0cb453ddc222,SP,telefonia,1,1,1,1,100.00
58b98ccb79873e04eac4357cacc590d9,SP,automotivo,1,1,1,1,100.00
5996cddab893a4652a15592fb58ab8db,SP,ferramentas_jardim,1,1,1,1,100.00
59de1d4c8c057c2a53acd4ca66531af2,PR,informatica_acessorios,1,1,1,1,100.00
5a9b3bcab695173c820e53934574ae80,SP,moveis_decoracao,1,1,1,1,100.00
5aaa890629f83706d8d9bfecd8377c1c,RJ,construcao_ferramentas_construcao,1,1,1,1,100.00
5b92bfa4120daa27c574daa2e386c693,SP,automotivo,1,1,1,1,100.00
5bba18b40e8c973b0f32e748004775b0,SP,moveis_decoracao,1,1,1,1,100.00
5d043cd5512d4bd2f88e5ccdd5736c38,SP,esporte_lazer,1,1,1,1,100.00
5d9f3746e112e696f98ea22c56b3e912,SP,ferramentas_jardim,1,1,1,1,100.00
5db42a6cd9bf1bf0d3aab9582767f168,ES,utilidades_domesticas,1,1,1,1,100.00
5dc4bdaf869e8c77c648078cbe8d59c2,SC,cool_stuff,1,1,1,1,100.00
5de1c80811ce7007f62f00d971236c09,SC,utilidades_domesticas,1,1,1,1,100.00
5e063e85d44b0f5c3e6ec3131103a57e,SP,beleza_saude,1,1,1,1,100.00
5e106d93b717c2682b9383da480364a1,PR,informatica_acessorios,1,1,1,1,100.00
5e25c632f9db6cfb8bc100421c2737b6,SC,esporte_lazer,1,1,1,1,100.00
5f57db27027655e6c6a391601daa0258,ES,automotivo,1,1,1,1,100.00
61b893c57e33626afb104d4112b1be76,MG,moveis_decoracao,1,1,1,1,100.00
61c36f0fc4a47f9532e5512b66668e62,SP,relogios_presentes,1,1,1,1,100.00
6235903333ba7de1928c869e268e5964,SC,bebidas,1,1,1,1,100.00
62de60d81c55c29d76a6bce418b31cef,SP,automotivo,1,1,1,1,100.00
63191ead8d3b2f937cd1996fdcbbad20,SP,instrumentos_musicais,1,1,1,1,100.00
63704069d9bd3a75c1cf59babe56004a,SP,bebidas,1,1,1,1,100.00
63bc58679c44e8a998792119fd7ad23e,SP,beleza_saude,1,1,1,1,100.00
64c9a1db4e73e19aaafd3286dc448c96,PR,utilidades_domesticas,1,1,1,1,100.00
651530bf5c607240ccdd89a30c9c9712,BA,fashion_bolsas_e_acessorios,1,1,1,1,100.00
6561d6bf844e464b4019442692b40e02,SP,esporte_lazer,1,1,1,1,100.00
6576fd3e23c88f0e5d4d23f39bba0542,SP,ferramentas_jardim,1,1,1,1,100.00
6614814a00d344b846ae209f95ee7e3f,SP,artes,1,1,1,1,100.00
6624bc09786f0e41ae48dfc5eeb1a9e2,MG,ferramentas_jardim,1,1,1,1,100.00
668bf321538e5072858eaef6087ce027,PR,utilidades_domesticas,1,1,1,1,100.00
674207551483fec113276b67b0d871ff,SP,utilidades_domesticas,1,1,1,1,100.00
686886775c8f6b1191c7b953fb52708c,SP,moveis_decoracao,1,1,1,1,100.00
6a3139c7bf09ece22a4713d956acbe5e,SP,esporte_lazer,1,1,1,1,100.00
6b1c4d4d9ccf0be3d8544eb0e71e5318,RS,informatica_acessorios,1,1,1,1,100.00
6b2612338467c08c9b25f0cc55b1578d,PR,agro_industria_e_comercio,1,1,1,1,100.00
6ba4733aa33f6386e9fb0c0fd3993b38,RS,brinquedos,1,1,1,1,100.00
6c6cc59a5c00cacc5054ca06d65cc282,RS,pet_shop,1,1,1,1,100.00
6c77cd583b36a13aacccf2b3ee23e233,SP,moveis_decoracao,1,1,1,1,100.00
6d04126aba80df143fd038e711b8fd96,RJ,esporte_lazer,1,1,1,1,100.00
6dd7dce75cd55c1ce255dc38d9f0cd46,SC,cool_stuff,1,1,1,1,100.00
6e2d3e2dc84fb30f6078f39dd3bddd6f,PR,instrumentos_musicais,1,1,1,1,100.00
6e85dc5ecd97a61094b89b046a509d8e,SP,relogios_presentes,1,1,1,1,100.00
6ebf4eceee4dd9847201c82e77ef8123,RJ,beleza_saude,1,1,1,1,100.00
70c0fda4c313d87115644d39e62eec60,PE,utilidades_domesticas,1,1,1,1,100.00
70ee69419916dc13e3aed619061f996c,SP,moveis_decoracao,1,1,1,1,100.00
712efd3b68f9686dc856b84abd0f21ae,PR,bebes,1,1,1,1,100.00
7178e1eaa97257d8b6d4b80efd77a025,SP,construcao_ferramentas_ferramentas,1,1,1,1,100.00
720e6cf846ea7572cbb66b743fb91e6c,SP,beleza_saude,1,1,1,1,100.00
723a46b89fd5c3ed78ccdf039e33ac63,RS,automotivo,1,1,1,1,100.00
72431a818f97fe6ab9c81eee3e297e54,SP,automotivo,1,1,1,1,100.00
72c73be2b085b9d57650dd53eb2004c9,SP,automotivo,1,1,1,1,100.00
7315baebc0572ff220d226283dc66728,SP,beleza_saude,1,1,1,1,100.00
740205fedfe4e90ca6857bc77db0f2b4,SP,eletroportateis,1,1,1,1,100.00
7494d0dcba8551df6cf37f1b905dc2f7,SP,informatica_acessorios,1,1,1,1,100.00
77128dec4bec4878c37ab7d6169d6f26,SP,alimentos_bebidas,1,1,1,1,100.00
7816cd9c5b1238e320545f5bf7eb80e8,SP,ferramentas_jardim,1,1,1,1,100.00
781a66c0d89e30814d49fe8b5e14cd07,SP,cool_stuff,1,1,1,1,100.00
78813699ffac347fe27dba345a5f1551,RS,bebidas,1,1,1,1,100.00
7957cac1a02f45d0a4a7e45626382ec2,PR,beleza_saude,1,1,1,1,100.00
7963e546f34e098b578f9ad102494601,SP,esporte_lazer,1,1,1,1,100.00
79b93a308a97792cf53ac75f46da00b5,RJ,malas_acessorios,1,1,1,1,100.00
7a073a40a9d3f1fee8bc45670ea1e909,PR,moveis_decoracao,1,1,1,1,100.00
7a704e63bb29c446869efde5d57524c8,PR,automotivo,1,1,1,1,100.00
7ab0dd5487bab2dc835337b244f689fb,SP,cama_mesa_banho,1,1,1,1,100.00
7b3447b497e55af8c15fc7bd89d7b81a,SP,esporte_lazer,1,1,1,1,100.00
7c4402417d51474d4d0cda9557340e40,SP,utilidades_domesticas,1,1,1,1,100.00
7cb946b1ad19faebe28c3e86c2794ec3,MG,beleza_saude,1,1,1,1,100.00
7cf4ea70955b00d6b3c22542598e2715,SP,eletroportateis,1,1,1,1,100.00
7d81e74a4755b552267cd5e081563028,SP,construcao_ferramentas_construcao,1,1,1,1,100.00
7dc9a3355bae96dd82008b313d3a456c,MG,pet_shop,1,1,1,1,100.00
7e3dde9ffba72d5340f9aaf09b4424be,PR,utilidades_domesticas,1,1,1,1,100.00
804287717b9156fb7a787acd9af4fac1,PR,brinquedos,1,1,1,1,100.00
80ceebb4ee9b31afb6c6a916a574a1e2,PR,pcs,1,1,1,1,100.00
80cfd480be3eb6d6267139f5cb793555,SP,papelaria,1,1,1,1,100.00
820c7c9eaf76d2b226b6c242bcf3f34d,SP,eletrodomesticos_2,1,1,1,1,100.00
82921991ff5b557b045605b8bbf08d49,SP,telefonia,1,1,1,1,100.00
83d458c0d6d4f94295d63f091460bd60,SP,brinquedos,1,1,1,1,100.00
8501d82f68d23148b6d78bb7c4a42037,SC,automotivo,1,1,1,1,100.00
850857dfac77488c307e2b1cbd84ab5a,PR,climatizacao,1,1,1,1,100.00
8629a7efec1aab257e58cda559f03ba7,GO,informatica_acessorios,1,1,1,1,100.00
86649b1632b1c0e6c0bcb2c90a8b75d8,PR,beleza_saude,1,1,1,1,100.00
87b4428a334b8f676fd9a7f3bf544fb5,SP,beleza_saude,1,1,1,1,100.00
87d73636a3acf123e842bb890a4db036,SP,moveis_quarto,1,1,1,1,100.00
880ce4951cf857ab1d9e0b75c1d856f4,MG,automotivo,1,1,1,1,100.00
880eda903e719a5f179f7e9fceb3a69d,SP,pet_shop,1,1,1,1,100.00
889009a0ed0bb52c87819941192931b8,SP,beleza_saude,1,1,1,1,100.00
88af55b4a7ca402b27df16f7c7c9b5d2,SP,cool_stuff,1,1,1,1,100.00
88cd3681e0a2ba85e190f7d817629c4c,SC,automotivo,1,1,1,1,100.00
8936ba0de1073ee888cb3185ae5dc661,SP,ferramentas_jardim,1,1,1,1,100.00
8b11118053756a9a2932f447e11fc1b5,SP,telefonia_fixa,1,1,1,1,100.00
8b181ee5518df84f18f4e1a43fe07923,SP,beleza_saude,1,1,1,1,100.00
8d92f3ea807b89465643c219455e7369,SP,utilidades_domesticas,1,1,1,1,100.00
8de8fe3af4449ed695d2434c933ed73e,SP,eletrodomesticos,1,1,1,1,100.00
8e670472e453ba34a379331513d6aab1,MG,automotivo,1,1,1,1,100.00
8ec76bb0965af3f007692b26fa9d6623,SC,informatica_acessorios,1,1,1,1,100.00
8fb67a334bacec338885b4e9e1708073,PR,moveis_decoracao,1,1,1,1,100.00
8fd3b4468f6425810648177996c14cbd,SP,beleza_saude,1,1,1,1,100.00
913fd0ebba70bb919f7254a02239173c,SC,automotivo,1,1,1,1,100.00
9140ef75cc8211c4035935e80e567204,PR,pet_shop,1,1,1,1,100.00
9200e6ce317b67196b6b0bad4d4bd567,RJ,moveis_decoracao,1,1,1,1,100.00
92992bec39dde5766f590d3b1f46d465,SP,esporte_lazer,1,1,1,1,100.00
92c8bc6e8f925792247656fed09aad65,SP,utilidades_domesticas,1,1,1,1,100.00
9315e491484b1b0081ca166fc164108d,PR,utilidades_domesticas,1,1,1,1,100.00
93bef6edaa84956e8e575016449b6351,SP,esporte_lazer,1,1,1,1,100.00
94165aea8a35c3c21499cbcae239b16c,MG,automotivo,1,1,1,1,100.00
94d76e96eedd976258cd3278ce56d5f2,SP,esporte_lazer,1,1,1,1,100.00
9523fb39dd240aa958e040f8183d64f3,SP,construcao_ferramentas_seguranca,1,1,1,1,100.00
9591fc341b1bfb7ef561e2968ec6e011,SP,fashion_calcados,1,1,1,1,100.00
95cca791657aabeff15a07eb152d7841,PR,esporte_lazer,1,1,1,1,100.00
964ff64dc05b13811c6d0f41e0aa5f6b,SP,casa_construcao,1,1,1,1,100.00
97e50a621f8e801f4baf69e08687c192,SP,brinquedos,1,1,1,1,100.00
984c273121e743dd14767befe6cb17f5,SP,cool_stuff,1,1,1,1,100.00
98f52e1020fe788c10c0418de4393fec,RJ,esporte_lazer,1,1,1,1,100.00
9a208dee8f95cfdf00760c4d627828ec,RJ,beleza_saude,1,1,1,1,100.00
9ac75591b69c3402684b6ce0310f22ee,SP,utilidades_domesticas,1,1,1,1,100.00
9b00cad94ef3078faf6fba2e792c158f,MG,esporte_lazer,1,1,1,1,100.00
9bf11dfc0bec77e5a23028043c3c5a8f,MG,automotivo,1,1,1,1,100.00
9c351405b754cc5ce3e2ecf277bb034a,SP,moveis_decoracao,1,1,1,1,100.00
9c3a1c416c765687bc79a04113269929,MG,utilidades_domesticas,1,1,1,1,100.00
9c57bc60cfad5ee62d35d3f1ce4593a1,PR,pet_shop,1,1,1,1,100.00
9d69ba0a7a626a64dc5db08e529559cf,SP,alimentos,1,1,1,1,100.00
9da15f4a4ea758d9eeb49000dbe57e22,SP,moveis_escritorio,1,1,1,1,100.00
9e25199f6ef7e7c347120ff175652c3b,SP,utilidades_domesticas,1,1,1,1,100.00
9e94fa26a70ede4d26226e918e8706a2,SP,utilidades_domesticas,1,1,1,1,100.00
9fbd5666d8618fa571c4230fafa09bd6,SP,automotivo,1,1,1,1,100.00
9fe7c6641c79970ab48185498f547c09,SP,malas_acessorios,1,1,1,1,100.00
a09a13f18ed27932d08438aa6f12756e,RS,ferramentas_jardim,1,1,1,1,100.00
a1040efe9ff4a6f93c28b0499eada8f5,SP,construcao_ferramentas_seguranca,1,1,1,1,100.00
a150c540f572d0fb53992264bc5c10b5,SP,consoles_games,1,1,1,1,100.00
a1bea9970d8f65b240555f99c2214f7f,PR,construcao_ferramentas_iluminacao,1,1,1,1,100.00
a213f1bd6458f4a158f3746cb2514559,PR,informatica_acessorios,1,1,1,1,100.00
a2b911e9ad40dc7d61c142a4683e2d85,RJ,esporte_lazer,1,1,1,1,100.00
a353b1083c9863d756d9404695016d64,ES,instrumentos_musicais,1,1,1,1,100.00
a45765f8afb1e594b22bf9e974b46765,SP,automotivo,1,1,1,1,100.00
a4b8d97cd5d3674eeff96abc99d8ed67,SP,construcao_ferramentas_construcao,1,1,1,1,100.00
a4fc6eadaff1576af888509a53420f6a,SP,informatica_acessorios,1,1,1,1,100.00
a56a8043ebf66e42119618fb8cf232c6,SC,informatica_acessorios,1,1,1,1,100.00
a61cc04793308395a840807104365121,SP,utilidades_domesticas,1,1,1,1,100.00
a663d9c3797e90eac99ff60939416a56,SP,informatica_acessorios,1,1,1,1,100.00
a72f15980dc3e9bfd1a49ac9b2f3af65,SP,moveis_decoracao,1,1,1,1,100.00
a7c53f6b3b61adbdaa99dda97e8cbd56,SP,bebes,1,1,1,1,100.00
a7ecf689b40a44361e259b28939023e4,ES,esporte_lazer,1,1,1,1,100.00
a99504ac23ed125aaf5302af6cc30af9,SP,casa_construcao,1,1,1,1,100.00
a9ae440659f48b7849df83e82734150b,SP,automotivo,1,1,1,1,100.00
aa8af66c623d7d544dfe4bb85b5ebe3b,MG,artes,1,1,1,1,100.00
aadfe0417e61315688b6bd7043361e25,GO,perfumaria,1,1,1,1,100.00
ac1ed5fc15901fbc92920361eb4ab350,SP,ferramentas_jardim,1,1,1,1,100.00
ac51cac5e20d69ff485a54746488ef48,SP,bebidas,1,1,1,1,100.00
ac9b01377919cdbd2a1bbb8d5837c70b,SP,construcao_ferramentas_iluminacao,1,1,1,1,100.00
ace601496e211a664100321f038f50af,SP,cama_mesa_banho,1,1,1,1,100.00
ad14615bdd492b01b0d97922e87cb87f,SC,automotivo,1,1,1,1,100.00
ad738d3fcf42655ed15c4960b7b6c601,RS,moveis_decoracao,1,1,1,1,100.00
ae9690c6e8fee182c28c9ff8e11ca52c,SP,moveis_decoracao,1,1,1,1,100.00
aec99834ab5d38ead22766ada8497e87,PR,construcao_ferramentas_seguranca,1,1,1,1,100.00
b00af24704019bd2e1b335e70ad11f7c,BA,esporte_lazer,1,1,1,1,100.00
b026643914f651e8371425e5b8a1e780,RJ,beleza_saude,1,1,1,1,100.00
b19c48688808720822399ffa9f2dbe2f,SP,relogios_presentes,1,1,1,1,100.00
b2bdc5e7940a7d7ca8c4a37953b27a42,SP,moveis_quarto,1,1,1,1,100.00
b2f4d63c7203f539a78252565ca32257,RJ,automotivo,1,1,1,1,100.00
b3809b8d4394588a47c8470ea331e135,SP,eletronicos,1,1,1,1,100.00
b57e8460909fa137df7951b4a3b5ea84,RS,moveis_decoracao,1,1,1,1,100.00
b5b800c4065bebf4d3442311c9857344,SP,beleza_saude,1,1,1,1,100.00
b5d034ac251546e25afe9067f05c1539,SP,bebes,1,1,1,1,100.00
b5dd7151a92ccaaa282cbe9681a05f44,SP,esporte_lazer,1,1,1,1,100.00
b5f0712d22a873b6797ab6cc65c3fcba,SP,alimentos_bebidas,1,1,1,1,100.00
b6c6854d4d92a5f6f46be8869da3fa1a,SP,esporte_lazer,1,1,1,1,100.00
b6f52e346160519c24a23af05410ad32,SP,beleza_saude,1,1,1,1,100.00
b76f4d90e85657a240495c876313adc5,SP,brinquedos,1,1,1,1,100.00
b8d890108a7a80e4f5d59eea9f362438,PR,informatica_acessorios,1,1,1,1,100.00
b9de031b671cd48b28fae9d828cbf2b4,SP,automotivo,1,1,1,1,100.00
ba8e85df286308fe68a2ce83a8f8b2d6,SC,perfumaria,1,1,1,1,100.00
bab0a8cd684e41ba6e2637dca0979d3b,RJ,brinquedos,1,1,1,1,100.00
babcc0ab201e4c60188427cae51a5b8b,SP,construcao_ferramentas_iluminacao,1,1,1,1,100.00
bac44fa8e13424950488659b5f765c41,SP,moveis_decoracao,1,1,1,1,100.00
baeda7047354773262ba2405f97038ba,SP,pet_shop,1,1,1,1,100.00
baf15155e37ef5492731459bdc05be8a,SP,cama_mesa_banho,1,1,1,1,100.00
bba8d0c234a52b87b3957037a215d1a4,GO,moveis_decoracao,1,1,1,1,100.00
bbf4a892cac7b82422baa711dffb8997,PR,pet_shop,1,1,1,1,100.00
bc8c8d665ec4664d286be0d521722b19,SP,beleza_saude,1,1,1,1,100.00
bcd2d7510d58e293f20fad6438c1b314,PR,bebes,1,1,1,1,100.00
bd43e172d599bed47a85da877172ca8c,SC,cama_mesa_banho,1,1,1,1,100.00
be67f78487e2cecb0d55bc769709e4f5,MG,beleza_saude,1,1,1,1,100.00
be7a093e5b4d147b36b72bb1f9e415e5,PR,beleza_saude,1,1,1,1,100.00
bf0d50a6410d487dc97d2baac0a8c0be,SP,automotivo,1,1,1,1,100.00
c026ef0d72e9132d9fa112308090c8dc,RJ,casa_construcao,1,1,1,1,100.00
c04d70d515d15a7e3db3a73320598566,RJ,alimentos_bebidas,1,1,1,1,100.00
c092292535a57dacd95a8765f5518f87,RJ,brinquedos,1,1,1,1,100.00
c0e0b73d039eb9a99b6ce4cb7a429cd3,SC,informatica_acessorios,1,1,1,1,100.00
c0f3eea2e14555b6faeea3dd58c1b1c3,SP,esporte_lazer,1,1,1,1,100.00
c12d7463a579237ffb9248bd7cff378b,SP,fashion_bolsas_e_acessorios,1,1,1,1,100.00
c13ef0cfbe42f190780f621ce81f2234,SP,eletronicos,1,1,1,1,100.00
c18309219e789960add0b2255ca4b091,RJ,telefonia,1,1,1,1,100.00
c1dde11f12d05c478f5de2d7319ad3b2,SP,informatica_acessorios,1,1,1,1,100.00
c240c4061717ac1806ae6ee72be3533b,RJ,alimentos,1,1,1,1,100.00
c360e4787614ed31ac7a2f95d3b22dc6,SP,moveis_escritorio,1,1,1,1,100.00
c3e2398fcc7e581cda2e546557bf6968,SP,moveis_decoracao,1,1,1,1,100.00
c43d924a0f1688ee9fae0efcd6f539d4,RJ,cama_mesa_banho,1,1,1,1,100.00
c4b911d06343b21dd906651f8101cb49,SP,pet_shop,1,1,1,1,100.00
c542f5a8c64d973f30e9df8d06f70b4a,SP,brinquedos,1,1,1,1,100.00
c611f4ce9ce875bcc063fa97fd4d7d12,SP,ferramentas_jardim,1,1,1,1,100.00
c716e0b86ed568878475b60fbb6323ad,SP,livros_interesse_geral,1,1,1,1,100.00
c7246702dc991a06d788120dc7544391,CE,cool_stuff,1,1,1,1,100.00
c747d5b92c7648417faea95d36d763e8,CE,moveis_sala,1,1,1,1,100.00
c74f14c1e26cf1bd5bd34b6a1e274426,SC,livros_interesse_geral,1,1,1,1,100.00
c7b7db6c8f3c64a7cc1afa634db21d50,SP,utilidades_domesticas,1,1,1,1,100.00
c8143b3069f6746a77421b5ce30a450c,GO,beleza_saude,1,1,1,1,100.00
c826c40d7b19f62a09e2d7c5e7295ee2,SP,esporte_lazer,1,1,1,1,100.00
c8665a4dd081a2c436b1cd921079d0d9,SP,beleza_saude,1,1,1,1,100.00
c8771b1a10bb99bb34d3c459c5cffb53,SP,brinquedos,1,1,1,1,100.00
c87abc38c8ed3240861729e1aeadf221,SP,fashion_bolsas_e_acessorios,1,1,1,1,100.00
c88f62b4c386a59281014d677864d016,PR,esporte_lazer,1,1,1,1,100.00
c963a25b8671419c6ce9eebe8fd03218,RJ,moveis_decoracao,1,1,1,1,100.00
c97aa4ee7420f937da13b7f9e2228b99,RS,pet_shop,1,1,1,1,100.00
c9d2ba8dde44a275ae06475ed1d2fafc,MG,automotivo,1,1,1,1,100.00
ca5832c6960267b71041f74bb39e8b12,SC,musica,1,1,1,1,100.00
cad10cc982ab6a391570c211b995c17c,SP,construcao_ferramentas_jardim,1,1,1,1,100.00
cb162c8eef257253782d245c08d9097c,SP,cool_stuff,1,1,1,1,100.00
cb810bd318f51b3dc3c753944d61a1fa,RJ,beleza_saude,1,1,1,1,100.00
cc1f04647be106ba74e62b21f358af25,SP,beleza_saude,1,1,1,1,100.00
ccada0ef508e698917a6eab263375905,PR,moveis_cozinha_area_de_servico_jantar_e_jardim,1,1,1,1,100.00
ccbd753e6863fe7314dc6c0ca5a074e7,SC,automotivo,1,1,1,1,100.00
cd2169d9f31ff6fbb9ca3373b0c9e354,RJ,bebes,1,1,1,1,100.00
cd233f8bfa30ebfd651f47ee7d054951,SP,esporte_lazer,1,1,1,1,100.00
ce33c6211beaa8fef4cae8b52db39862,SP,esporte_lazer,1,1,1,1,100.00
ce3ad9de960102d0677a81f5d0bb7b2d,RJ,bebes,1,1,1,1,100.00
ce4755084bc097113867e6454f8f5e52,SP,beleza_saude,1,1,1,1,100.00
ceb7b4fb9401cd378de7886317ad1b47,RJ,beleza_saude,1,1,1,1,100.00
cecd97bc34ed8330bd4cd15713eda670,SC,brinquedos,1,1,1,1,100.00
cf281cf8b7affbdfe751b29cc85580e1,CE,cool_stuff,1,1,1,1,100.00
cf6f6bc4df3999b9c6440f124fb2f687,SP,artes,1,1,1,1,100.00
d1a1b40ec554c593a1a99366746289dd,PR,automotivo,1,1,1,1,100.00
d1a5cc844736958c11b8efab9a2b4c87,PR,moveis_decoracao,1,1,1,1,100.00
d1aa1ec0839dcab73a6161130eb1f94a,PR,moveis_decoracao,1,1,1,1,100.00
d1e2fe627180431ffda076abb303c56f,RJ,utilidades_domesticas,1,1,1,1,100.00
d2572f31e9023e9850ef986a636ff9bf,MG,automotivo,1,1,1,1,100.00
d263fa444c1504a75cbca5cc465f592a,SP,moveis_decoracao,1,1,1,1,100.00
d297f1055de2956aedfd3b04113dce3e,SP,agro_industria_e_comercio,1,1,1,1,100.00
d29ba1220fb8634fa3a107e54497b8a4,SP,moveis_decoracao,1,1,1,1,100.00
d36b07fd3c5088e477a72d1fccfe29d4,SP,ferramentas_jardim,1,1,1,1,100.00
d3e7d37c0df9aef383f3f2a15b0dddfb,PR,moveis_cozinha_area_de_servico_jantar_e_jardim,1,1,1,1,100.00
d4828feed4cda2cd9d6b37899a95a71e,CE,fashion_bolsas_e_acessorios,1,1,1,1,100.00
d4d99b60c4c94cd35acd502cec65dc8d,SP,moveis_decoracao,1,1,1,1,100.00
d4f91e8be86b38da2ee35bc489645a9d,SP,esporte_lazer,1,1,1,1,100.00
d598f929fc44e1e38678e7f47250ec04,GO,automotivo,1,1,1,1,100.00
d63f306de130e0391d38a792541723b8,SP,automotivo,1,1,1,1,100.00
d7827b2af99326a03b0ed9c7a24db0d3,SP,ferramentas_jardim,1,1,1,1,100.00
d7d517afce974cd491b8d52bb5b5b1fc,SP,utilidades_domesticas,1,1,1,1,100.00
d7f1cfc638473be93baedbfd02208016,RJ,flores,1,1,1,1,100.00
d85efbc8eff2b7adf524e2820569adc8,SP,papelaria,1,1,1,1,100.00
d8b8f2cf9ff6ba0389072541cb42498c,GO,beleza_saude,1,1,1,1,100.00
d8bf0fc082fd4a77fc2e5679b6c00133,SP,construcao_ferramentas_construcao,1,1,1,1,100.00
d93b8458c6fe139d85cfa5eadbf55bd2,SP,esporte_lazer,1,1,1,1,100.00
d9b00a97818674c7f8d8b1ef0e689679,PR,beleza_saude,1,1,1,1,100.00
d9c349beabc06aa6ff1c6d68b5e9e22e,SP,construcao_ferramentas_construcao,1,1,1,1,100.00
da2782c804606d2a5d8e1760dbb3e7ec,SP,bebes,1,1,1,1,100.00
da3fede3469bf49b7293ce3fc45b294d,SP,livros_interesse_geral,1,1,1,1,100.00
da4d149c0ddbac90557103ac0a0ec356,SP,casa_construcao,1,1,1,1,100.00
dadc51ef321949ec9a3ab25cd902e23d,SP,eletroportateis,1,1,1,1,100.00
db6a4d4b5f1f5f98820ce6ce2619e2de,SP,malas_acessorios,1,1,1,1,100.00
db7ed69a53aa9fb1c01930ba54a88bbe,SP,esporte_lazer,1,1,1,1,100.00
dbc51f5e45d654ecc16cb68e6817ecea,SP,beleza_saude,1,1,1,1,100.00
dc120d932ddf9d4dfb6fd68beefda622,PR,informatica_acessorios,1,1,1,1,100.00
dcb7367a92f5ffb89f1e2152ed260285,SP,sinalizacao_e_seguranca,1,1,1,1,100.00
dd264199fc8b687ad029de7de6d760e6,PR,automotivo,1,1,1,1,100.00
dd5450b022b2d00a2145a66331e1aef6,SC,utilidades_domesticas,1,1,1,1,100.00
dd88d13bea9e4c2bf47daf224f8141e5,RS,moveis_decoracao,1,1,1,1,100.00
dd9661d3cda1e6feb237f0c4d8b26f2e,SC,utilidades_domesticas,1,1,1,1,100.00
dda37071807e404c5bb2a1590c66326f,SP,malas_acessorios,1,1,1,1,100.00
dde698c6d0bd24834c586e5111c2bba7,RJ,fashion_bolsas_e_acessorios,1,1,1,1,100.00
deaadd805612bf94faaa9fa702516e11,SP,esporte_lazer,1,1,1,1,100.00
df683dfda87bf71ac3fc63063fba369d,RS,moveis_decoracao,1,1,1,1,100.00
e00d85ce20ea50c1224c66ca5050527d,SP,audio,1,1,1,1,100.00
e0482f2c769468c3bbcd8a01e09d98c5,SP,construcao_ferramentas_seguranca,1,1,1,1,100.00
e0b162a693bc7f9eab00f783a31d60ea,RS,beleza_saude,1,1,1,1,100.00
e1643dff33666ca629e3644c02738179,SP,utilidades_domesticas,1,1,1,1,100.00
e174dc2de86d60fee178170a154c05e7,SP,automotivo,1,1,1,1,100.00
e1a210d482714ce337763a19aef94ba4,PR,esporte_lazer,1,1,1,1,100.00
e1bed63d68ac36fe1f3061befe196af5,SP,cool_stuff,1,1,1,1,100.00
e1c76f339ebd5460999f25a2aa8c92c5,SP,eletroportateis,1,1,1,1,100.00
e433f5fd4050e3352b5d83522b7fe24b,PR,casa_construcao,1,1,1,1,100.00
e46bc031f2c5bae4ccb40bb90712e9b4,SP,automotivo,1,1,1,1,100.00
e5545d4d4473876ea78c5bcebca365c3,SP,brinquedos,1,1,1,1,100.00
e595809a6c31ec4314fd06ef198c244d,SC,telefonia,1,1,1,1,100.00
e59e575a175fadcadf8479e191770425,RJ,climatizacao,1,1,1,1,100.00
e5def42655b7490edac5a56fe8e9e603,SP,relogios_presentes,1,1,1,1,100.00
e628d4a53c109f09ca88098338b3a3f5,MG,ferramentas_jardim,1,1,1,1,100.00
e64ddbe1cbcf4f2fc3092b7c481f3f9d,SP,beleza_saude,1,1,1,1,100.00
e6ffc9ac6a7adc9d16a1cfc2286dd546,SP,cama_mesa_banho,1,1,1,1,100.00
e732329483fd5f27367dd997b47f598a,SC,fashion_bolsas_e_acessorios,1,1,1,1,100.00
e76ecc7e9a1a1e3c6df9d2a8261c423d,MG,livros_interesse_geral,1,1,1,1,100.00
e8ff5a6ceb895583033fc2a0f314e3c2,SC,fraldas_higiene,1,1,1,1,100.00
e908c0f3646e8b60375734a350d95d71,SP,informatica_acessorios,1,1,1,1,100.00
e9874ae10b2d60d43917b6bbfa13a599,PR,cama_mesa_banho,1,1,1,1,100.00
e9b6c33b71b67737693b4cfa68341c8d,SP,utilidades_domesticas,1,1,1,1,100.00
eaaa46e98c9e61f6764dd1d7a2ab8b3e,RN,eletroportateis,1,1,1,1,100.00
eb1bf309f4f6af9a97e9ddac3fdbeabe,SP,esporte_lazer,1,1,1,1,100.00
eb9267cccc90f1b49c8d2f9887c7dd97,PE,esporte_lazer,1,1,1,1,100.00
ebd1417732defaf66c50b5a800eb293e,PR,cool_stuff,1,1,1,1,100.00
ebe3dabc4955c9b0d695e7bda38bf5c3,SP,informatica_acessorios,1,1,1,1,100.00
edb58a1390adf273840030a3d6253829,SP,eletrodomesticos,1,1,1,1,100.00
edb65fe661681b1c0de8bd47c8655855,SP,eletroportateis,1,1,1,1,100.00
ede2977fbaf3738583170735ca403f6c,PR,beleza_saude,1,1,1,1,100.00
edf3fabebcc20f7463cc9c53da932ea8,SP,moveis_decoracao,1,1,1,1,100.00
ee27a8f15b1dded4d213a468ba4eb391,GO,artes,1,1,1,1,100.00
efb628aa07c8ca93d7db0d85b91a4f5a,RJ,moveis_quarto,1,1,1,1,100.00
f00f5b35d0abcacbdd863672f4bb2c1a,SP,moveis_decoracao,1,1,1,1,100.00
f0563bacf40c311f1c4d3d6b67b8a7a7,SC,eletronicos,1,1,1,1,100.00
f09b760d23495ac9a7e00d29b769007c,SP,esporte_lazer,1,1,1,1,100.00
f09e26011d833ddab11593c1a097a92a,SP,moveis_decoracao,1,1,1,1,100.00
f114dca2828bf718548db175ebe2cfcd,PR,esporte_lazer,1,1,1,1,100.00
f1fdf2d13186575751aa25876536d85c,SP,esporte_lazer,1,1,1,1,100.00
f26d70155c2b6326fcfa1780c8c684e4,SC,ferramentas_jardim,1,1,1,1,100.00
f3041c2e75ec683697a6a5ea82192210,MG,moveis_decoracao,1,1,1,1,100.00
f3055483058c84d75ca2a3314fb4deef,BA,pet_shop,1,1,1,1,100.00
f307937c1bb287c3efc2a514b94b0d1d,MG,automotivo,1,1,1,1,100.00
f3511c85f59f8dec53d140501ee8e7a8,PR,beleza_saude,1,1,1,1,100.00
f3862c2188522d89860c38a3ea8b550d,SP,perfumaria,1,1,1,1,100.00
f5b84683a9bf9e1df748cf40f601b39c,SP,bebes,1,1,1,1,100.00
f664f98bfda2eaf266a23ff144e7a872,SP,pet_shop,1,1,1,1,100.00
f8f35af4634605e6693c17cc3ffff5a8,MG,utilidades_domesticas,1,1,1,1,100.00
f90f77ef2799a27f80d90c425ca944f7,PR,livros_tecnicos,1,1,1,1,100.00
f9a02f1922d1de564392e656d82b3fda,SP,ferramentas_jardim,1,1,1,1,100.00
f9eda05b67bef472deaddbba84aca289,SC,relogios_presentes,1,1,1,1,100.00
fa18c782a4866d313cadab567097f8f1,MG,utilidades_domesticas,1,1,1,1,100.00
fa5fdc4e4bb6bd1009ad0e4ac4096562,SP,automotivo,1,1,1,1,100.00
fa8d335d68129e464e60c1826a683e96,RS,automotivo,1,1,1,1,100.00
fb503a924a0b9db19d83dd0ac6dbef8c,RS,beleza_saude,1,1,1,1,100.00
fb8904a8ea99f8831b64ce27db2c1765,SP,esporte_lazer,1,1,1,1,100.00
fc0b214b59a83615fea981c6424a02ae,SP,bebes,1,1,1,1,100.00
fc4751cfe3b279c419615b9b00c1abb4,PR,utilidades_domesticas,1,1,1,1,100.00
fc99f99385ae90f66f01733856fb88c9,SP,brinquedos,1,1,1,1,100.00
fd435faa3c0422b60440ea3480d0e77c,PB,eletronicos,1,1,1,1,100.00
fdf736c18c589ed030e058312203e1b2,MG,informatica_acessorios,1,1,1,1,100.00
fe19dce63ae80346207c6c55713d1023,MG,beleza_saude,1,1,1,1,100.00
fe9d9cf8631285d5982c6e2cf27fb114,MG,esporte_lazer,1,1,1,1,100.00
feb793c88d836c3a75efa4b5a3465d70,SP,ferramentas_jardim,1,1,1,1,100.00
fec6912baad85d41729669edd6b4d3b8,SP,construcao_ferramentas_construcao,1,1,1,1,100.00
fedaedd3ca31d56ab33e92035e4b361c,RJ,bebes,1,1,1,1,100.00
ffcfefa19b08742c5d315f2791395ee5,PR,livros_interesse_geral,1,1,1,1,100.00
